id,study_hours,sleep_hours,attendance_pct,previous_score,screen_time_hours,tutoring,parent_education,internet_access,extracurricular,school_type,exam_score
0,1.6,6.8,89.6,53.0,1.4,weekly,,yes,no,private,57.1
1,0.5,6.5,98.0,86.0,1.6,weekly,postgraduate,yes,no,public,67.2
2,4.6,7.5,87.7,67.0,1.9,none,graduate,yes,yes,public,72.3
3,2.4,6.8,91.4,84.0,6.5,weekly,school,no,yes,public,67.7
4,2.4,5.2,80.5,43.0,1.8,none,school,no,no,private,38.9
5,4.9,6.9,98.5,80.0,1.8,none,graduate,yes,no,public,71.2
6,2.8,6.9,91.4,67.0,4.8,weekly,school,yes,no,public,55.2
7,3.4,6.4,95.3,73.0,5.2,daily,graduate,yes,no,public,67.9
8,2.2,4.0,84.6,73.0,3.3,none,college,yes,yes,public,51.3
9,2.7,5.6,71.9,71.0,1.9,none,graduate,yes,no,private,57.8
10,2.1,6.2,93.0,72.0,7.0,weekly,graduate,yes,no,public,67.1
11,2.5,9.0,97.8,54.0,1.1,daily,graduate,yes,no,public,52.4
12,4.6,5.5,94.5,67.0,3.8,weekly,school,yes,yes,public,55.0
13,1.7,6.8,87.5,48.0,1.2,daily,college,no,no,public,52.8
14,1.0,5.6,75.7,57.0,2.4,weekly,school,yes,yes,public,49.1
15,1.1,5.8,83.5,62.0,4.7,weekly,college,yes,no,private,50.3
16,2.0,5.8,89.7,38.0,1.9,none,graduate,yes,no,private,48.6
17,5.2,5.1,91.3,52.0,6.3,weekly,postgraduate,yes,no,public,53.6
18,1.4,8.5,91.6,70.0,4.4,none,college,yes,no,public,54.3
19,2.0,8.7,69.9,79.0,7.6,weekly,college,yes,no,public,66.8
20,4.2,7.8,89.3,79.0,4.2,weekly,postgraduate,yes,no,public,69.7
21,3.5,6.4,96.8,62.0,3.0,daily,postgraduate,yes,no,private,75.4
22,1.5,8.2,92.0,56.0,1.4,none,college,yes,yes,public,47.6
23,4.5,6.8,90.0,55.0,13.6,daily,postgraduate,yes,yes,private,61.9
24,10.8,6.9,99.8,82.0,8.2,weekly,college,yes,yes,public,72.9
25,12.8,,97.9,60.0,0.4,none,school,yes,yes,private,68.3
26,1.6,7.8,90.9,63.0,0.8,weekly,postgraduate,yes,yes,public,61.2
27,5.2,7.4,80.7,53.0,3.5,none,,yes,yes,private,49.5
28,5.7,6.0,92.7,67.0,1.8,daily,school,yes,no,public,65.9
29,2.9,8.2,98.8,56.0,4.7,daily,postgraduate,yes,no,private,55.8
30,3.7,5.7,94.6,98.0,3.0,none,school,yes,yes,private,72.6
31,1.9,7.1,94.2,51.0,4.8,weekly,school,yes,yes,private,52.6
32,1.3,7.1,98.5,88.0,7.3,none,college,yes,no,private,71.4
33,0.8,9.3,96.4,57.0,1.9,none,graduate,yes,yes,private,48.8
34,6.8,5.4,87.0,67.0,5.7,weekly,college,yes,yes,public,65.5
35,3.6,6.4,95.0,67.0,6.2,none,college,no,yes,public,63.0
36,3.4,6.2,88.0,66.0,3.7,weekly,school,yes,no,public,62.5
37,1.7,6.8,96.3,59.0,2.1,none,school,yes,yes,private,51.8
38,1.9,6.1,91.7,68.0,3.1,weekly,college,no,yes,public,50.1
39,4.1,6.9,83.9,68.0,5.9,weekly,college,yes,no,public,59.1
40,1.8,5.0,86.8,52.0,1.9,none,college,yes,yes,public,36.2
41,2.6,7.2,96.1,73.0,3.3,weekly,college,yes,no,private,68.8
42,1.7,6.2,83.5,33.0,6.3,none,school,yes,no,private,40.5
43,1.8,3.4,91.7,71.0,0.9,none,college,no,yes,private,54.0
44,4.1,5.4,95.9,51.0,0.5,weekly,postgraduate,yes,yes,public,48.3
45,1.0,7.9,98.5,57.0,4.4,weekly,postgraduate,yes,no,private,64.0
46,2.6,7.9,83.3,55.0,3.7,none,college,yes,no,private,48.9
47,4.7,10.0,98.3,60.0,5.7,none,college,yes,no,public,55.0
48,0.4,5.8,83.3,74.0,1.6,weekly,college,yes,no,private,55.0
49,1.0,5.0,95.7,56.0,3.3,none,graduate,yes,yes,public,47.4
50,10.0,8.1,93.4,43.0,2.0,none,graduate,no,no,private,61.3
51,3.6,5.9,95.2,85.0,4.5,weekly,college,yes,yes,private,76.4
52,1.2,7.6,85.6,73.0,3.4,none,school,yes,no,public,50.9
53,2.9,8.1,89.7,90.0,3.4,weekly,school,yes,yes,public,78.1
54,2.3,4.8,99.3,72.0,3.1,weekly,college,yes,no,public,57.0
55,3.4,8.9,85.8,53.0,5.2,daily,school,yes,yes,public,53.1
56,4.3,6.6,96.4,80.0,1.0,weekly,college,yes,yes,private,77.6
57,6.3,7.9,98.2,38.0,5.8,weekly,school,no,yes,public,48.9
58,0.3,9.7,88.4,79.0,4.5,daily,college,yes,no,private,59.9
59,1.8,9.5,94.3,56.0,2.9,weekly,postgraduate,yes,yes,private,51.0
60,8.3,5.8,96.0,65.0,1.6,none,postgraduate,yes,yes,public,49.3
61,5.0,7.7,94.8,49.0,3.1,none,graduate,yes,no,public,52.0
62,4.1,6.5,98.6,74.0,4.0,none,school,yes,yes,public,66.2
63,2.1,5.9,92.4,55.0,6.7,weekly,college,yes,no,public,50.2
64,5.9,7.3,76.3,64.0,3.8,none,school,no,no,public,61.4
65,7.2,7.3,97.1,80.0,2.0,weekly,graduate,yes,no,private,80.2
66,8.1,7.9,95.6,78.0,0.9,weekly,school,yes,yes,public,75.8
67,1.2,9.6,83.5,63.0,3.8,none,graduate,yes,no,private,51.4
68,1.2,5.6,95.5,58.0,2.8,none,college,yes,no,public,54.5
69,0.8,7.4,92.4,79.0,2.8,weekly,postgraduate,no,yes,public,64.6
70,10.4,6.1,97.5,53.0,2.3,daily,college,yes,yes,private,70.2
71,8.9,5.7,66.2,73.0,4.4,weekly,college,yes,yes,public,68.0
72,0.2,8.5,87.6,62.0,4.1,weekly,school,no,no,private,59.0
73,0.8,6.8,90.1,61.0,4.5,none,college,yes,yes,public,49.1
74,3.5,7.7,97.8,59.0,,none,graduate,yes,no,private,55.1
75,7.8,7.9,99.1,36.0,3.8,weekly,school,yes,no,public,60.1
76,4.4,8.0,97.8,57.0,2.3,none,college,yes,yes,private,58.5
77,3.4,6.5,90.5,79.0,1.3,none,college,yes,no,private,63.1
78,2.5,6.3,94.6,36.0,4.3,weekly,college,yes,no,private,44.5
79,1.5,6.9,85.9,55.0,3.7,weekly,college,yes,no,public,47.2
80,0.8,8.3,93.3,83.0,3.1,none,college,yes,no,public,57.2
81,0.3,7.7,92.9,65.0,2.4,weekly,college,yes,no,private,56.1
82,4.9,4.9,95.2,44.0,3.7,weekly,school,yes,yes,public,38.8
83,15.0,5.6,97.8,55.0,4.3,weekly,school,yes,no,public,66.2
84,1.4,6.5,90.3,36.0,1.7,none,college,yes,yes,private,46.7
85,1.4,5.4,85.2,34.0,3.2,none,school,yes,yes,private,38.5
86,4.9,8.2,92.6,75.0,1.8,weekly,college,yes,no,private,75.5
87,7.2,8.3,75.1,74.0,6.2,none,college,no,no,private,61.5
88,4.4,6.0,96.4,43.0,4.3,weekly,college,yes,no,public,57.3
89,6.8,6.8,97.6,52.0,3.1,none,graduate,yes,yes,private,69.7
90,2.1,6.2,76.1,46.0,3.0,weekly,college,yes,no,public,44.5
91,9.5,5.7,95.7,84.0,4.6,none,college,no,no,public,76.9
92,4.6,6.3,98.9,60.0,0.5,weekly,graduate,yes,no,private,66.7
93,1.7,6.2,92.3,94.0,3.2,weekly,postgraduate,no,no,private,74.0
94,6.1,7.1,99.4,44.0,2.9,weekly,postgraduate,yes,no,public,55.6
95,2.6,7.9,90.9,70.0,3.4,none,graduate,no,no,public,61.9
96,4.0,,65.7,65.0,1.0,weekly,college,yes,no,private,63.2
97,2.3,5.2,75.6,47.0,3.1,none,graduate,yes,no,public,39.5
98,4.4,7.3,84.3,80.0,1.2,weekly,college,yes,yes,public,61.6
99,2.2,7.2,98.5,79.0,5.6,none,school,yes,yes,private,59.2
100,3.6,7.4,90.4,70.0,4.6,daily,,yes,yes,public,64.0
101,0.8,7.4,88.3,80.0,3.2,none,graduate,yes,no,private,64.6
102,3.9,7.1,67.8,82.0,3.0,none,school,yes,no,private,66.0
103,3.3,4.5,74.5,60.0,1.8,weekly,graduate,yes,no,private,50.6
104,4.0,6.7,77.6,64.0,0.7,daily,college,yes,yes,public,54.4
105,3.5,5.4,93.8,69.0,1.6,weekly,school,yes,yes,public,59.9
106,3.6,6.1,78.5,100.0,,none,postgraduate,yes,yes,public,71.7
107,2.0,,94.2,58.0,7.9,none,school,yes,no,private,55.7
108,4.6,8.8,95.6,55.0,2.4,none,postgraduate,yes,no,public,56.0
109,2.1,8.9,88.4,76.0,5.6,weekly,college,no,yes,private,64.6
110,5.3,5.6,95.0,60.0,,none,school,yes,yes,public,50.4
111,3.1,6.1,94.2,65.0,1.9,none,graduate,no,yes,private,56.5
112,1.8,7.4,86.4,64.0,8.3,none,school,no,no,public,39.9
113,0.7,7.8,92.7,51.0,3.2,weekly,graduate,yes,no,public,53.1
114,0.7,7.8,98.6,65.0,2.3,none,school,yes,yes,public,56.2
115,1.9,7.4,99.7,78.0,1.6,none,graduate,yes,no,public,61.6
116,3.9,8.8,84.7,42.0,4.3,none,college,yes,yes,public,42.4
117,1.7,7.8,94.0,51.0,1.5,weekly,graduate,no,no,public,51.4
118,1.1,7.9,85.9,63.0,4.1,weekly,,no,no,public,61.2
119,2.5,5.9,92.0,74.0,3.8,none,school,yes,yes,private,57.6
120,7.8,5.6,91.3,49.0,5.3,weekly,graduate,yes,yes,public,67.0
121,4.7,7.2,75.9,65.0,4.5,weekly,school,yes,no,public,56.6
122,4.2,7.0,96.5,42.0,5.9,weekly,college,yes,yes,public,59.4
123,12.7,6.3,99.6,56.0,1.9,none,graduate,no,yes,private,66.3
124,4.7,,97.9,63.0,2.7,daily,college,yes,yes,private,64.7
125,1.1,7.9,93.8,73.0,1.5,weekly,college,no,no,private,59.9
126,2.8,8.1,89.1,62.0,2.7,none,school,yes,no,public,53.9
127,2.7,7.2,93.6,66.0,3.0,none,college,yes,yes,public,60.1
128,5.5,5.9,88.2,56.0,2.6,weekly,college,yes,no,private,59.3
129,2.4,5.8,97.8,84.0,6.7,weekly,graduate,yes,yes,public,74.0
130,3.4,5.4,80.7,86.0,4.6,weekly,graduate,yes,yes,public,62.9
131,6.9,7.0,88.5,70.0,2.6,none,school,yes,no,private,60.3
132,0.8,7.4,88.5,47.0,2.5,none,postgraduate,yes,yes,private,51.7
133,0.6,7.8,76.1,89.0,1.5,weekly,school,yes,no,public,66.4
134,4.7,6.9,91.4,54.0,1.3,daily,school,yes,no,private,62.0
135,1.7,7.6,91.6,57.0,1.2,daily,graduate,yes,yes,public,55.9
136,1.0,5.7,81.0,74.0,5.0,none,,no,no,private,46.5
137,3.1,7.5,92.9,64.0,5.5,weekly,graduate,yes,yes,public,71.0
138,7.7,7.2,97.0,66.0,2.2,none,postgraduate,yes,no,public,71.1
139,4.1,6.0,90.8,42.0,0.5,daily,graduate,yes,yes,public,53.6
140,2.0,7.2,99.6,73.0,3.6,none,,yes,no,public,53.6
141,5.6,5.7,91.3,59.0,4.1,weekly,college,yes,yes,private,59.0
142,6.2,9.2,96.5,59.0,7.1,none,school,yes,yes,public,48.9
143,3.1,7.8,99.2,72.0,1.6,none,school,no,yes,public,51.7
144,0.8,7.2,89.0,41.0,2.3,none,school,no,no,private,30.3
145,5.7,6.2,85.2,47.0,6.5,weekly,graduate,no,yes,public,56.9
146,3.1,8.8,95.5,63.0,12.2,none,graduate,yes,yes,private,46.3
147,1.8,7.1,95.9,41.0,4.2,none,college,yes,yes,public,42.7
148,1.4,8.1,74.1,90.0,5.0,weekly,graduate,yes,yes,public,69.2
149,1.7,6.5,81.0,60.0,3.7,daily,school,no,no,private,57.7
150,2.7,8.2,98.4,46.0,2.6,none,postgraduate,yes,no,private,58.8
151,15.3,5.9,94.8,82.0,2.5,none,graduate,no,yes,private,84.4
152,3.6,7.8,96.5,48.0,1.1,weekly,school,yes,no,public,55.9
153,1.8,7.5,87.9,27.0,0.3,weekly,school,yes,yes,public,47.8
154,6.0,6.5,95.5,86.0,3.5,none,postgraduate,no,no,public,64.9
155,3.1,7.3,99.3,57.0,1.3,none,school,yes,no,public,61.9
156,2.7,7.6,94.7,43.0,1.1,none,school,yes,yes,private,51.4
157,1.8,5.7,83.0,75.0,3.1,none,school,yes,yes,public,52.4
158,2.4,6.5,96.3,68.0,4.6,weekly,college,yes,no,public,55.7
159,1.4,7.0,92.5,84.0,3.5,none,college,yes,no,private,62.5
160,3.4,6.8,89.4,52.0,1.7,none,school,yes,yes,private,55.3
161,1.4,5.4,86.4,42.0,6.7,none,postgraduate,yes,no,public,39.5
162,5.3,6.0,88.9,73.0,6.7,daily,graduate,no,no,public,63.2
163,1.6,5.3,97.8,54.0,3.6,none,graduate,yes,no,public,55.2
164,3.7,6.8,84.3,73.0,0.9,none,postgraduate,yes,no,public,58.2
165,2.3,,78.7,82.0,1.9,weekly,school,yes,no,public,59.4
166,1.2,6.9,90.6,73.0,3.4,daily,school,yes,yes,public,59.2
167,1.9,6.4,87.2,46.0,3.9,weekly,school,no,yes,public,45.1
168,2.0,6.2,85.6,79.0,1.0,none,school,yes,no,public,56.4
169,3.9,4.2,92.9,79.0,,none,,yes,no,private,66.7
170,1.0,8.7,97.0,70.0,1.6,daily,graduate,yes,no,private,77.4
171,4.7,5.7,88.8,56.0,3.4,none,graduate,yes,yes,private,61.5
172,1.8,5.7,92.7,56.0,3.1,none,college,yes,yes,private,50.2
173,2.2,5.5,96.5,89.0,7.1,weekly,college,yes,no,public,64.6
174,4.1,6.4,87.5,61.0,5.4,weekly,college,yes,no,public,64.5
175,2.3,6.0,84.5,50.0,0.9,none,school,yes,yes,public,43.4
176,5.2,7.4,96.6,77.0,3.6,none,college,no,yes,public,71.3
177,0.3,7.9,98.4,60.0,4.9,none,graduate,yes,yes,private,47.2
178,1.2,6.6,95.7,71.0,3.0,weekly,graduate,yes,no,private,66.7
179,8.4,6.9,95.5,65.0,3.7,none,postgraduate,no,no,public,71.2
180,5.4,6.7,88.5,75.0,8.4,none,postgraduate,yes,yes,private,63.6
181,1.2,6.9,80.2,56.0,6.2,daily,college,yes,no,public,48.7
182,3.5,7.5,97.1,86.0,2.8,none,college,yes,yes,public,66.3
183,9.9,7.1,97.8,78.0,3.6,none,graduate,yes,no,public,72.3
184,1.7,6.9,96.4,31.0,3.2,daily,school,yes,yes,public,52.8
185,5.9,6.9,75.4,77.0,5.0,none,graduate,yes,no,private,72.8
186,1.9,7.8,86.7,66.0,3.5,none,graduate,yes,no,private,58.9
187,0.8,7.8,67.1,74.0,4.9,weekly,college,yes,no,private,56.7
188,1.5,8.9,97.6,58.0,1.9,weekly,college,yes,yes,private,58.6
189,2.7,6.3,90.3,81.0,5.6,weekly,postgraduate,yes,yes,public,70.1
190,5.4,5.9,96.8,48.0,2.5,none,postgraduate,yes,yes,private,59.9
191,2.5,8.0,88.3,80.0,2.9,none,school,yes,no,private,51.0
192,4.0,5.8,90.0,68.0,2.0,none,college,yes,no,public,54.1
193,7.1,7.2,99.4,70.0,1.0,none,graduate,yes,no,public,68.5
194,0.3,6.6,95.5,81.0,2.6,weekly,college,no,no,public,54.5
195,3.2,7.2,92.3,57.0,1.6,none,college,yes,yes,public,57.0
196,1.9,7.9,96.0,72.0,1.3,daily,school,yes,no,private,68.7
197,4.4,6.8,83.6,57.0,2.0,none,postgraduate,yes,no,public,64.3
198,6.9,5.7,82.5,54.0,2.6,none,graduate,yes,yes,public,54.4
199,0.6,6.2,99.2,51.0,1.4,weekly,postgraduate,yes,yes,public,44.4
200,4.5,7.7,93.0,54.0,1.0,weekly,,yes,yes,public,65.2
201,2.4,6.8,97.0,58.0,0.6,weekly,school,no,yes,private,45.9
202,3.4,6.6,92.9,68.0,6.3,none,college,yes,no,private,49.9
203,0.7,6.6,91.6,34.0,2.5,none,postgraduate,yes,no,public,40.0
204,3.2,6.0,81.0,56.0,3.9,none,college,yes,yes,public,47.3
205,8.2,5.3,97.5,68.0,2.3,none,graduate,yes,yes,private,66.1
206,4.1,7.2,97.9,61.0,3.5,none,school,yes,no,public,51.6
207,1.6,,89.3,49.0,3.8,none,postgraduate,yes,yes,public,52.3
208,2.0,7.1,71.3,67.0,4.3,none,graduate,no,yes,public,56.8
209,10.0,6.9,99.0,58.0,5.3,none,graduate,no,yes,public,65.5
210,6.9,7.2,87.3,45.0,3.9,weekly,school,yes,yes,private,56.7
211,4.2,9.0,84.9,70.0,2.6,none,graduate,yes,no,private,64.5
212,4.3,5.1,89.6,77.0,1.3,none,school,yes,no,public,53.3
213,1.7,8.3,94.4,75.0,8.1,none,college,yes,yes,public,58.6
214,5.7,7.9,89.4,86.0,1.6,none,graduate,no,no,public,64.5
215,4.2,7.2,95.2,86.0,3.8,none,college,yes,no,private,72.3
216,3.2,5.9,90.3,46.0,1.3,weekly,school,no,yes,public,44.7
217,4.8,6.8,97.6,53.0,2.7,none,school,yes,yes,public,55.9
218,7.5,8.3,92.0,61.0,5.3,weekly,school,yes,no,private,64.5
219,1.4,7.3,93.7,76.0,1.0,none,postgraduate,yes,yes,public,62.1
220,6.4,7.1,97.9,57.0,2.4,weekly,school,yes,no,public,57.6
221,3.3,6.2,84.9,63.0,3.0,none,college,yes,no,public,56.7
222,1.5,6.8,98.0,70.0,1.4,weekly,college,yes,no,private,66.2
223,9.4,7.2,91.5,79.0,5.0,weekly,graduate,yes,yes,public,72.1
224,4.9,8.0,92.7,60.0,4.8,none,postgraduate,yes,yes,public,67.7
225,0.8,8.3,96.1,68.0,4.1,weekly,school,no,no,public,49.9
226,1.8,6.0,88.2,74.0,4.8,weekly,school,yes,yes,private,64.6
227,3.1,6.3,81.6,60.0,3.3,none,college,yes,no,public,48.6
228,2.6,5.4,96.3,100.0,,none,college,yes,no,private,70.9
229,1.3,7.3,97.5,53.0,1.5,none,college,no,yes,private,56.0
230,6.5,5.8,88.1,46.0,7.3,none,college,yes,yes,private,51.7
231,1.8,5.8,86.8,83.0,6.1,none,postgraduate,yes,no,private,62.5
232,2.7,8.9,98.4,54.0,6.5,weekly,school,yes,no,private,54.5
233,9.5,8.7,80.5,75.0,2.8,none,college,yes,no,private,78.9
234,1.3,6.8,88.2,53.0,2.9,weekly,graduate,no,yes,private,56.5
235,2.6,5.7,92.6,66.0,1.2,none,college,yes,yes,public,62.4
236,3.4,,90.3,70.0,1.2,none,college,yes,no,public,49.4
237,0.9,6.5,95.4,64.0,6.8,none,college,yes,yes,private,43.5
238,6.0,6.6,97.7,58.0,4.7,none,graduate,yes,no,private,64.7
239,3.3,4.2,70.1,56.0,1.2,weekly,graduate,yes,yes,public,45.3
240,6.7,6.5,86.5,59.0,1.7,weekly,postgraduate,yes,no,public,66.8
241,4.1,,95.3,64.0,3.6,none,school,yes,yes,public,59.3
242,1.2,7.1,97.1,75.0,3.4,none,college,yes,no,public,57.6
243,0.8,5.2,98.4,77.0,7.0,none,graduate,yes,yes,public,47.8
244,3.7,6.2,96.1,71.0,9.8,none,graduate,yes,no,public,67.6
245,1.1,7.3,81.6,83.0,7.5,none,postgraduate,no,no,public,63.4
246,2.7,5.7,93.2,69.0,,weekly,postgraduate,no,no,public,63.1
247,1.6,,96.1,71.0,5.7,weekly,,yes,yes,public,61.8
248,4.2,6.9,91.1,49.0,1.6,daily,school,yes,no,private,51.9
249,1.0,5.2,85.9,63.0,3.7,weekly,school,yes,no,private,52.3
250,4.0,7.8,84.0,66.0,2.8,none,school,no,yes,public,54.8
251,1.4,4.4,87.5,37.0,7.3,none,school,yes,no,private,37.4
252,4.6,7.4,98.8,97.0,2.5,none,school,yes,yes,private,84.5
253,10.1,4.5,99.8,84.0,10.6,none,postgraduate,yes,no,private,74.2
254,1.2,6.6,84.0,48.0,3.1,none,graduate,yes,no,public,40.7
255,1.4,7.4,99.7,68.0,2.3,none,college,yes,yes,public,51.8
256,6.7,6.5,67.2,71.0,,weekly,graduate,no,no,public,68.9
257,4.5,6.6,88.2,72.0,3.0,weekly,school,no,no,public,62.8
258,3.7,6.2,92.5,39.0,1.3,weekly,,yes,no,private,48.5
259,1.7,5.0,90.3,43.0,0.7,none,school,yes,yes,private,43.0
260,3.1,5.9,95.2,63.0,4.8,weekly,college,yes,no,private,49.9
261,1.9,6.4,87.1,55.0,7.2,weekly,graduate,yes,yes,public,63.6
262,4.0,8.3,99.4,70.0,,none,school,yes,no,public,64.9
263,2.5,7.4,99.5,85.0,2.7,none,college,yes,no,public,72.4
264,2.2,6.8,95.1,43.0,,none,college,yes,no,private,50.7
265,3.5,6.9,88.4,78.0,0.8,weekly,school,no,yes,private,65.9
266,5.0,7.1,99.4,54.0,4.0,weekly,college,yes,no,private,65.1
267,2.6,,78.7,49.0,3.7,none,school,yes,yes,private,42.5
268,3.1,6.6,92.3,74.0,7.0,none,college,yes,no,public,57.7
269,5.4,7.9,88.7,61.0,1.1,weekly,school,yes,yes,public,68.0
270,4.8,7.0,79.5,44.0,3.3,none,graduate,yes,no,private,45.7
271,3.6,4.9,96.6,100.0,1.7,none,postgraduate,yes,yes,public,76.8
272,3.0,5.3,96.5,72.0,2.7,none,school,no,no,public,61.0
273,3.5,6.1,92.6,49.0,,daily,graduate,yes,no,public,54.7
274,0.9,7.7,96.7,64.0,3.6,weekly,college,yes,yes,private,56.2
275,5.5,4.5,89.4,67.0,1.2,weekly,postgraduate,yes,no,public,56.3
276,3.5,5.1,80.9,65.0,2.7,none,school,no,yes,public,43.5
277,5.7,7.3,89.5,52.0,0.5,none,school,no,yes,public,55.9
278,0.5,8.3,91.6,59.0,2.8,weekly,school,yes,no,private,52.3
279,0.5,5.8,94.0,79.0,3.5,none,graduate,yes,yes,public,50.9
280,0.8,7.7,93.3,36.0,1.1,none,school,yes,yes,public,38.7
281,1.6,4.6,94.2,78.0,5.8,none,college,yes,no,public,52.2
282,1.8,7.3,92.5,58.0,4.5,none,college,yes,no,private,53.0
283,3.1,7.0,92.4,71.0,,none,college,yes,no,private,65.2
284,4.2,6.6,88.4,52.0,2.8,none,college,yes,yes,private,48.2
285,3.2,6.3,88.6,81.0,6.6,weekly,school,yes,no,private,71.4
286,3.4,6.6,97.4,78.0,3.9,none,school,yes,no,private,70.4
287,2.2,7.3,93.9,75.0,4.3,weekly,graduate,yes,no,private,65.8
288,6.4,6.3,98.3,59.0,3.5,daily,school,yes,no,public,64.6
289,3.6,6.9,98.7,72.0,4.3,weekly,college,yes,yes,public,67.3
290,2.4,6.9,85.6,91.0,5.2,weekly,college,no,no,private,69.3
291,4.0,7.2,79.0,67.0,6.8,weekly,school,yes,no,private,64.8
292,2.4,5.7,91.4,87.0,2.7,none,college,yes,yes,public,62.0
293,3.2,8.0,80.1,45.0,4.5,daily,postgraduate,yes,yes,private,59.8
294,5.1,8.4,70.4,52.0,1.4,none,school,no,no,public,48.8
295,2.2,7.1,99.5,63.0,8.8,weekly,school,yes,no,public,37.4
296,1.6,7.9,87.3,69.0,4.4,daily,college,yes,no,private,62.6
297,3.3,7.4,97.1,48.0,6.8,weekly,college,no,no,public,38.1
298,5.5,8.4,97.6,69.0,2.0,weekly,postgraduate,yes,yes,private,78.3
299,1.4,6.3,97.5,70.0,2.0,weekly,graduate,yes,yes,public,61.1
300,6.3,7.1,96.8,49.0,8.9,none,school,yes,yes,public,44.8
301,2.3,6.1,79.6,59.0,2.8,weekly,graduate,yes,no,public,50.3
302,5.1,8.5,93.7,70.0,5.3,weekly,postgraduate,yes,no,public,68.4
303,2.1,8.2,91.9,82.0,2.2,none,graduate,no,no,public,73.8
304,5.5,,91.6,61.0,2.3,none,postgraduate,no,yes,public,68.8
305,4.9,8.6,98.2,64.0,3.4,weekly,college,yes,yes,public,59.3
306,2.4,5.9,85.2,70.0,5.4,weekly,school,no,no,private,60.8
307,3.0,5.5,96.0,53.0,1.0,weekly,college,yes,yes,private,58.9
308,3.7,6.5,95.3,86.0,,weekly,school,yes,no,public,64.9
309,0.9,8.1,74.4,41.0,1.3,weekly,graduate,no,no,public,45.1
310,1.6,8.4,99.7,67.0,2.9,none,graduate,yes,no,public,60.3
311,2.2,6.3,97.9,49.0,5.4,none,school,yes,yes,public,55.3
312,6.5,6.6,90.5,46.0,2.0,none,school,yes,no,public,49.1
313,0.8,6.9,95.2,62.0,2.0,none,postgraduate,no,no,private,47.4
314,4.8,6.5,88.9,52.0,4.5,weekly,school,yes,no,public,60.8
315,4.1,4.2,97.0,70.0,3.5,weekly,graduate,yes,yes,private,60.5
316,0.9,7.2,70.5,32.0,1.1,none,college,yes,no,private,34.1
317,3.0,6.6,88.3,62.0,1.0,none,college,yes,no,public,45.6
318,4.3,6.9,95.0,76.0,4.5,none,college,yes,yes,private,71.2
319,3.6,8.2,82.4,70.0,2.6,weekly,graduate,yes,no,public,58.8
320,7.1,6.3,75.4,67.0,2.1,none,school,yes,no,private,59.3
321,3.8,6.7,81.9,60.0,,daily,school,no,no,private,42.4
322,2.5,5.0,98.2,96.0,3.7,none,graduate,no,no,private,67.0
323,4.9,6.9,94.3,68.0,5.8,none,graduate,yes,no,private,58.6
324,3.0,5.4,93.2,69.0,3.5,none,school,yes,yes,private,57.5
325,1.4,8.3,89.6,67.0,1.4,none,school,yes,yes,private,53.8
326,2.0,6.2,80.5,72.0,1.5,weekly,school,yes,yes,public,67.2
327,3.3,7.5,96.5,61.0,6.8,none,school,no,yes,public,58.5
328,0.8,7.7,93.0,50.0,7.2,none,postgraduate,yes,yes,public,50.7
329,2.2,6.2,93.2,50.0,3.4,none,graduate,yes,yes,public,43.8
330,2.8,6.4,80.2,71.0,2.2,none,college,yes,yes,public,54.7
331,3.4,7.2,89.0,70.0,1.4,none,,yes,yes,public,78.5
332,4.6,5.6,99.2,63.0,2.5,none,college,no,no,private,59.6
333,0.8,7.6,99.6,60.0,1.8,none,college,yes,yes,public,53.6
334,0.9,6.4,86.0,42.0,4.7,weekly,school,yes,yes,private,45.5
335,1.7,6.5,94.5,74.0,2.2,weekly,postgraduate,yes,no,private,66.2
336,3.7,9.8,85.1,57.0,4.6,weekly,graduate,yes,yes,public,63.3
337,2.7,7.1,86.8,83.0,2.6,weekly,graduate,yes,yes,public,74.2
338,0.6,7.8,81.5,67.0,,none,college,yes,yes,public,52.1
339,3.1,5.2,90.7,66.0,6.4,none,school,yes,yes,public,53.0
340,6.9,6.6,83.7,70.0,1.9,none,graduate,yes,no,public,70.0
341,2.0,7.8,94.7,58.0,1.1,weekly,school,no,no,public,60.8
342,2.4,7.0,93.4,55.0,4.8,weekly,college,yes,no,private,59.8
343,3.8,7.5,93.8,78.0,3.9,none,school,no,yes,private,59.3
344,5.8,6.9,87.4,84.0,2.8,none,school,no,yes,private,63.5
345,2.6,8.6,80.9,52.0,2.3,none,graduate,yes,yes,private,62.7
346,3.6,5.6,92.1,60.0,6.0,none,college,yes,no,public,45.9
347,2.7,7.1,95.3,52.0,1.3,none,school,yes,no,private,54.1
348,6.2,7.3,91.7,57.0,3.8,none,graduate,yes,yes,private,69.7
349,9.4,7.4,90.2,60.0,0.0,none,college,no,yes,private,69.6
350,3.7,,92.8,72.0,3.7,none,graduate,yes,yes,public,62.5
351,3.0,7.5,99.1,37.0,4.2,weekly,graduate,yes,yes,public,60.1
352,4.4,,86.1,52.0,3.4,weekly,postgraduate,yes,yes,private,58.8
353,6.3,5.6,94.8,52.0,6.9,weekly,school,yes,no,private,49.5
354,2.8,7.2,94.7,50.0,2.5,daily,college,no,no,public,51.3
355,0.3,5.1,90.0,71.0,5.2,none,school,yes,yes,private,54.4
356,2.0,6.5,94.6,46.0,10.9,weekly,school,yes,no,public,51.6
357,2.1,7.0,94.5,58.0,5.5,none,school,yes,yes,private,56.9
358,2.6,4.1,86.1,60.0,4.0,none,college,yes,no,public,46.5
359,10.9,8.4,94.6,56.0,4.0,none,school,yes,no,public,53.5
360,5.6,5.3,98.2,39.0,1.2,weekly,postgraduate,yes,no,public,55.3
361,2.3,5.8,97.9,60.0,0.7,none,,yes,yes,private,67.3
362,1.5,7.3,86.2,53.0,7.7,weekly,college,yes,no,public,43.4
363,7.5,7.4,77.8,58.0,0.6,none,graduate,yes,no,private,62.5
364,4.1,7.5,91.0,37.0,,none,postgraduate,yes,no,public,60.3
365,1.0,6.5,75.6,45.0,2.5,weekly,school,yes,yes,private,48.6
366,1.7,5.4,94.6,67.0,6.9,none,graduate,yes,no,public,62.3
367,9.7,7.0,67.1,38.0,3.4,daily,college,yes,yes,public,62.0
368,2.9,6.3,81.1,47.0,1.5,weekly,postgraduate,yes,yes,public,51.8
369,4.0,5.9,94.4,93.0,5.2,none,school,no,no,public,56.2
370,3.1,7.0,97.0,93.0,7.3,weekly,school,no,no,public,70.5
371,2.3,7.3,77.3,68.0,5.2,weekly,college,yes,no,public,59.6
372,1.8,7.9,77.1,79.0,6.8,none,graduate,yes,no,public,58.6
373,6.2,5.2,93.1,78.0,3.1,weekly,school,no,no,public,61.0
374,7.3,6.9,93.2,65.0,,weekly,school,yes,yes,private,63.3
375,6.7,6.7,85.3,87.0,3.7,daily,school,yes,yes,private,87.9
376,4.7,7.5,89.9,84.0,1.5,weekly,school,yes,yes,private,75.4
377,5.4,6.5,93.8,69.0,3.5,none,school,yes,no,private,65.9
378,9.4,4.0,79.6,89.0,4.6,weekly,graduate,yes,no,public,75.4
379,1.3,5.5,98.8,63.0,1.5,none,graduate,no,no,public,53.4
380,4.0,6.2,99.4,68.0,0.3,none,graduate,yes,no,public,60.3
381,1.8,,92.3,81.0,2.3,none,school,yes,yes,private,58.1
382,7.7,6.1,98.7,49.0,2.4,none,graduate,yes,no,private,63.9
383,2.8,6.9,98.6,59.0,5.2,none,college,yes,no,public,54.8
384,7.2,7.0,89.6,70.0,6.4,weekly,school,yes,yes,private,62.1
385,0.5,6.7,99.7,60.0,5.1,daily,school,yes,no,public,52.5
386,1.4,7.0,93.7,58.0,5.4,none,postgraduate,yes,no,private,44.8
387,4.1,6.8,87.6,67.0,2.0,weekly,graduate,yes,yes,private,73.4
388,2.3,6.6,92.0,52.0,7.5,none,college,yes,no,public,43.4
389,2.5,5.1,95.1,73.0,4.3,weekly,postgraduate,yes,no,public,53.5
390,1.4,7.5,94.7,78.0,3.2,none,school,yes,yes,private,58.8
391,7.3,7.0,97.5,60.0,3.6,none,college,yes,yes,private,65.4
392,7.3,5.8,98.3,37.0,4.2,none,school,yes,no,public,47.1
393,3.9,6.4,85.4,45.0,5.2,none,college,yes,yes,public,40.7
394,2.5,6.3,93.5,52.0,2.8,weekly,college,yes,yes,public,53.0
395,1.8,6.2,84.9,81.0,1.5,weekly,graduate,yes,yes,public,63.9
396,5.8,6.9,94.6,68.0,4.8,daily,school,no,yes,public,64.9
397,1.6,8.0,80.2,40.0,0.9,none,college,yes,no,public,44.9
398,2.7,7.0,98.2,55.0,1.8,none,graduate,yes,no,public,53.5
399,5.5,4.5,97.0,63.0,8.4,none,graduate,yes,yes,public,53.2
400,4.3,6.0,88.0,60.0,1.5,none,college,yes,no,public,47.9
401,5.3,7.1,90.7,59.0,3.0,none,school,no,yes,private,54.1
402,6.3,6.9,87.4,74.0,4.6,weekly,college,yes,yes,public,73.8
403,3.8,6.1,96.7,64.0,3.9,daily,college,yes,no,public,66.4
404,2.3,6.6,71.5,59.0,2.4,weekly,school,yes,yes,public,58.5
405,3.1,6.4,82.7,64.0,1.5,none,school,yes,no,public,54.8
406,4.5,5.2,96.5,55.0,3.3,none,school,yes,yes,private,56.8
407,1.6,5.6,94.6,70.0,1.1,none,school,yes,no,private,69.3
408,4.8,5.6,96.2,41.0,1.9,none,graduate,yes,yes,public,47.8
409,2.6,7.0,90.0,62.0,2.7,weekly,graduate,no,no,private,54.8
410,2.8,7.6,89.5,63.0,5.6,daily,school,yes,yes,private,59.6
411,1.6,7.4,96.8,72.0,1.5,weekly,postgraduate,yes,yes,public,63.7
412,6.3,6.9,99.1,67.0,3.5,none,postgraduate,yes,no,private,69.7
413,3.3,9.4,92.1,51.0,1.6,none,graduate,no,no,private,48.1
414,0.8,6.5,94.4,68.0,1.7,none,school,yes,no,private,56.0
415,0.5,5.3,85.0,82.0,2.8,none,graduate,no,no,public,46.6
416,2.8,4.7,91.9,44.0,3.4,none,graduate,yes,yes,private,36.6
417,2.9,8.7,98.6,56.0,2.7,weekly,,yes,no,public,48.6
418,1.2,6.7,98.5,72.0,1.1,weekly,graduate,yes,no,private,64.3
419,3.0,6.6,97.1,50.0,1.1,none,college,yes,yes,public,46.8
420,2.5,6.6,94.6,83.0,5.0,weekly,postgraduate,yes,yes,private,69.7
421,1.4,7.7,90.1,55.0,2.3,none,college,yes,no,private,45.1
422,0.2,7.5,92.8,62.0,0.5,none,school,yes,yes,public,45.9
423,1.8,6.8,96.2,69.0,1.0,none,graduate,yes,no,public,61.6
424,3.5,5.7,87.7,75.0,1.2,weekly,school,yes,yes,public,63.0
425,3.3,7.7,89.3,86.0,4.6,none,college,no,no,private,61.8
426,7.1,4.7,89.3,57.0,1.4,weekly,college,yes,no,private,52.0
427,6.6,6.2,85.6,74.0,2.2,daily,school,yes,no,public,57.3
428,3.9,7.8,92.9,51.0,2.9,weekly,college,no,no,public,50.1
429,5.8,8.7,99.0,68.0,2.3,none,school,yes,no,public,73.4
430,9.2,8.4,93.4,67.0,4.5,none,college,no,yes,public,65.4
431,2.0,7.9,92.4,57.0,4.3,weekly,school,yes,yes,private,56.5
432,1.7,8.1,83.3,74.0,4.2,weekly,,no,no,public,61.6
433,6.8,5.4,97.1,63.0,1.7,daily,,yes,yes,public,65.3
434,5.4,4.8,92.7,45.0,2.2,none,school,yes,no,public,43.7
435,6.5,5.0,96.8,60.0,2.3,none,college,yes,yes,public,57.1
436,3.4,6.0,98.9,68.0,2.9,daily,graduate,yes,no,public,58.9
437,5.5,5.5,91.4,80.0,4.8,weekly,college,yes,no,private,67.9
438,8.4,6.7,93.0,54.0,0.9,weekly,graduate,yes,yes,public,66.4
439,1.4,9.2,98.1,55.0,2.8,none,school,yes,yes,private,51.7
440,4.8,6.6,94.1,86.0,2.6,none,graduate,no,yes,private,69.4
441,12.1,8.6,95.0,74.0,4.1,none,college,yes,yes,private,65.1
442,6.5,5.8,99.9,77.0,1.8,weekly,postgraduate,yes,yes,public,75.1
443,3.4,7.0,83.9,78.0,4.2,daily,graduate,no,yes,public,63.1
444,1.7,6.5,96.7,57.0,3.9,none,college,no,yes,public,47.9
445,7.8,5.6,83.3,75.0,6.1,weekly,graduate,yes,yes,public,61.5
446,4.4,7.3,98.8,60.0,2.0,weekly,graduate,yes,no,public,63.5
447,2.2,6.5,87.9,30.0,2.1,weekly,college,yes,yes,private,50.1
448,6.1,6.3,98.6,61.0,4.9,daily,college,yes,no,private,62.0
449,1.9,6.8,75.1,56.0,5.6,weekly,school,yes,yes,private,45.3
450,6.0,7.0,95.1,49.0,2.6,weekly,postgraduate,yes,yes,private,65.0
451,1.4,6.5,94.0,80.0,2.7,weekly,school,no,no,public,53.9
452,3.6,6.4,81.5,64.0,3.9,none,,yes,no,private,63.1
453,4.6,4.3,96.2,55.0,4.1,none,graduate,yes,no,public,45.9
454,0.4,6.5,91.2,70.0,1.0,none,school,yes,no,private,43.8
455,4.2,6.3,97.3,64.0,3.4,none,college,yes,no,private,68.3
456,0.5,6.7,98.9,78.0,13.6,none,college,yes,no,public,52.2
457,3.8,8.3,94.9,41.0,0.1,none,school,yes,no,public,53.1
458,6.4,7.2,88.3,80.0,1.7,none,school,yes,no,public,68.4
459,2.0,7.7,93.7,74.0,4.6,none,school,yes,no,public,60.7
460,3.9,6.0,88.2,73.0,1.9,none,college,yes,yes,public,73.3
461,2.7,6.7,99.6,81.0,2.4,weekly,graduate,yes,yes,public,70.3
462,5.3,6.1,95.0,70.0,5.9,weekly,college,yes,yes,private,65.2
463,4.7,4.7,95.3,61.0,6.7,none,postgraduate,no,yes,public,51.8
464,6.6,5.5,94.9,60.0,3.8,none,school,yes,no,private,61.9
465,4.2,6.1,97.8,69.0,9.2,weekly,college,yes,no,public,53.2
466,2.0,6.9,84.4,44.0,3.6,none,college,yes,yes,private,48.9
467,1.8,8.2,90.3,59.0,1.1,none,school,yes,no,public,45.7
468,0.3,5.6,95.1,65.0,2.8,daily,postgraduate,no,yes,public,42.9
469,2.4,7.1,96.3,68.0,3.1,none,graduate,yes,no,public,60.0
470,3.0,,95.3,48.0,5.7,weekly,graduate,yes,yes,public,53.6
471,3.4,4.9,93.6,61.0,0.7,none,school,yes,yes,private,53.5
472,2.7,7.9,91.1,69.0,2.4,none,school,no,no,public,60.0
473,1.9,9.0,90.4,41.0,0.8,weekly,school,no,no,private,43.7
474,3.6,6.3,95.9,47.0,2.8,weekly,college,yes,yes,public,53.3
475,2.9,7.9,98.7,81.0,7.3,none,graduate,yes,no,public,65.8
476,0.1,5.0,94.4,80.0,1.8,weekly,school,yes,no,private,60.5
477,1.5,7.4,98.6,75.0,5.8,none,college,yes,no,public,63.8
478,1.6,5.2,94.3,77.0,1.2,weekly,graduate,no,yes,private,62.5
479,2.9,7.8,95.6,53.0,6.1,daily,school,yes,yes,public,57.1
480,5.0,8.7,96.7,48.0,3.2,none,college,yes,no,public,50.3
481,5.1,5.4,85.5,47.0,,weekly,school,yes,no,private,66.6
482,1.2,5.4,92.7,78.0,1.5,none,graduate,yes,no,public,55.3
483,9.9,8.8,78.8,96.0,0.4,none,postgraduate,yes,no,public,89.0
484,6.7,8.5,91.8,56.0,3.1,none,college,yes,yes,private,59.2
485,7.9,9.3,91.4,78.0,,daily,college,no,yes,private,69.4
486,0.3,7.2,92.7,70.0,8.6,weekly,school,no,no,public,46.6
487,4.5,8.4,91.7,77.0,5.1,daily,school,yes,yes,public,70.2
488,4.2,5.9,99.9,58.0,5.7,weekly,college,yes,yes,public,63.1
489,2.4,7.8,89.5,30.0,1.6,none,graduate,yes,no,public,39.6
490,6.9,8.2,91.9,65.0,3.1,none,,yes,no,private,68.4
491,2.9,8.5,86.7,75.0,2.0,weekly,school,yes,no,private,69.2
492,4.1,6.8,96.0,83.0,1.7,weekly,,yes,yes,public,73.9
493,2.7,7.2,98.2,62.0,2.8,none,college,no,yes,public,58.4
494,2.3,8.2,95.1,41.0,7.5,weekly,school,yes,yes,private,34.6
495,0.5,8.3,72.9,61.0,4.2,weekly,graduate,yes,yes,public,39.4
496,2.2,5.9,92.7,38.0,2.7,daily,college,no,yes,private,52.9
497,0.9,6.4,97.2,77.0,5.0,none,college,no,yes,public,63.2
498,1.4,7.7,87.0,79.0,2.9,none,school,yes,yes,public,57.0
499,5.7,6.5,91.7,96.0,9.3,none,school,yes,no,public,74.4
500,4.0,6.9,90.1,63.0,6.1,none,college,yes,no,private,65.2
501,4.4,5.4,88.2,65.0,1.6,none,graduate,yes,yes,public,56.7
502,3.9,6.9,91.0,67.0,1.8,weekly,postgraduate,yes,no,public,57.8
503,3.9,7.8,93.1,64.0,6.3,weekly,school,yes,yes,public,66.6
504,4.0,,97.2,30.0,2.6,weekly,graduate,yes,yes,private,45.5
505,1.1,6.8,96.2,28.0,3.0,none,school,no,yes,public,35.1
506,2.8,6.5,92.0,85.0,3.4,weekly,school,yes,no,public,59.7
507,6.8,6.8,91.4,50.0,1.5,weekly,college,yes,no,public,60.1
508,1.8,8.3,94.6,53.0,2.6,none,college,yes,no,public,46.3
509,2.4,5.6,81.5,60.0,6.1,daily,school,yes,no,public,56.2
510,0.6,5.5,98.2,49.0,3.5,none,graduate,no,yes,private,43.6
511,0.2,6.1,94.0,45.0,1.2,none,college,yes,no,public,36.5
512,4.0,7.3,95.0,85.0,5.2,none,school,yes,yes,private,71.6
513,1.1,5.4,88.1,67.0,3.4,weekly,postgraduate,yes,no,private,59.6
514,5.7,7.6,98.4,62.0,1.4,none,college,yes,no,private,69.3
515,7.7,5.4,90.1,79.0,3.6,none,graduate,yes,no,public,67.9
516,3.8,5.7,96.0,61.0,1.3,weekly,graduate,yes,no,public,53.8
517,1.1,6.2,90.4,64.0,1.2,weekly,college,yes,no,public,53.2
518,6.8,7.4,66.7,75.0,2.7,daily,school,yes,yes,private,69.0
519,5.3,7.5,90.4,54.0,0.2,none,college,yes,yes,public,50.9
520,1.5,6.0,80.5,69.0,3.4,none,school,yes,yes,public,55.2
521,5.5,10.0,96.1,78.0,3.0,none,postgraduate,yes,no,private,64.5
522,1.1,7.7,97.6,71.0,0.7,weekly,postgraduate,yes,no,public,61.5
523,2.8,7.6,94.8,40.0,2.1,weekly,college,no,yes,public,53.5
524,2.3,7.9,95.6,48.0,0.5,none,graduate,yes,yes,public,50.7
525,5.7,5.8,85.6,87.0,0.7,weekly,school,yes,no,public,73.5
526,1.7,6.5,96.6,100.0,4.9,none,college,yes,no,public,66.9
527,6.1,7.4,90.0,67.0,,weekly,college,yes,no,private,63.3
528,2.4,6.3,91.3,50.0,7.2,none,,yes,no,private,41.2
529,3.4,7.1,95.3,81.0,3.0,none,postgraduate,yes,no,private,78.2
530,0.6,7.4,93.2,64.0,3.4,none,school,no,yes,public,49.6
531,3.7,7.2,70.5,45.0,8.7,none,college,no,no,public,35.8
532,4.4,5.5,97.4,62.0,3.0,daily,postgraduate,yes,no,private,65.6
533,7.4,,91.0,68.0,1.2,none,graduate,yes,no,private,75.5
534,4.4,,97.4,52.0,6.9,none,college,yes,no,private,52.7
535,3.4,8.7,92.2,58.0,3.1,none,college,yes,yes,private,51.7
536,3.0,7.0,94.1,43.0,2.8,none,school,yes,no,private,45.6
537,3.7,8.1,93.8,48.0,2.9,none,school,yes,yes,public,51.1
538,2.6,6.4,95.8,51.0,2.1,none,,no,no,public,43.9
539,2.0,7.1,87.2,48.0,5.5,weekly,postgraduate,no,yes,public,58.5
540,2.9,7.1,92.2,68.0,1.8,weekly,school,yes,yes,public,60.0
541,5.1,8.4,94.6,66.0,1.3,none,college,no,no,private,62.2
542,4.0,7.4,99.2,50.0,1.9,none,graduate,no,yes,public,56.0
543,2.3,7.1,99.0,59.0,2.2,none,postgraduate,yes,yes,private,54.6
544,5.0,6.1,88.9,50.0,2.1,none,graduate,yes,no,private,54.2
545,2.1,6.3,91.3,46.0,1.4,none,college,yes,yes,public,53.6
546,1.5,7.3,94.8,71.0,5.3,daily,school,yes,yes,public,64.8
547,5.6,7.7,97.9,99.0,3.6,none,college,no,no,public,69.9
548,1.7,6.5,74.8,61.0,6.6,weekly,graduate,yes,no,public,58.9
549,0.9,7.9,76.8,45.0,7.5,none,school,no,no,public,28.0
550,1.5,5.9,94.7,72.0,2.3,none,college,yes,no,private,55.0
551,1.9,7.8,91.8,47.0,9.7,none,postgraduate,yes,yes,public,43.2
552,3.5,8.0,87.8,59.0,2.4,weekly,graduate,yes,no,public,57.7
553,4.7,8.2,95.6,58.0,3.1,none,school,yes,no,public,62.3
554,1.8,5.7,89.1,84.0,,none,graduate,yes,no,public,63.4
555,3.2,8.2,98.1,76.0,6.2,weekly,school,yes,no,private,63.0
556,3.3,6.7,91.5,54.0,2.9,weekly,school,yes,no,private,55.2
557,8.6,7.4,99.5,59.0,0.8,none,postgraduate,yes,yes,public,67.4
558,2.6,7.5,78.2,61.0,2.9,none,graduate,yes,no,public,55.8
559,1.6,6.8,93.5,88.0,4.7,none,school,yes,yes,public,65.4
560,0.8,7.3,97.0,90.0,1.4,weekly,school,yes,yes,public,73.4
561,0.2,6.6,97.5,69.0,0.6,weekly,,yes,yes,public,54.3
562,1.0,5.7,91.7,69.0,5.0,weekly,college,yes,yes,public,60.3
563,4.8,7.3,98.2,53.0,7.3,none,college,no,no,public,46.9
564,5.8,7.8,82.2,55.0,2.9,daily,college,yes,yes,public,59.4
565,5.2,7.2,88.6,58.0,7.0,weekly,graduate,yes,yes,public,62.8
566,2.7,6.6,98.6,68.0,5.5,none,school,yes,no,private,61.2
567,4.8,8.6,98.6,65.0,0.6,none,college,yes,yes,private,65.1
568,1.5,6.0,91.1,59.0,5.8,none,graduate,yes,yes,public,52.1
569,0.9,6.6,94.4,88.0,1.2,none,postgraduate,no,yes,public,64.4
570,2.6,3.9,92.6,46.0,4.2,weekly,graduate,yes,yes,private,49.3
571,2.5,7.1,92.0,62.0,6.1,daily,postgraduate,no,yes,private,59.8
572,5.5,6.8,84.7,56.0,1.8,weekly,school,no,no,public,55.2
573,4.2,5.8,97.2,66.0,2.3,weekly,postgraduate,no,yes,public,62.8
574,1.7,,81.2,76.0,7.9,weekly,college,yes,no,private,59.3
575,1.7,7.6,91.2,44.0,1.5,weekly,school,yes,no,public,41.0
576,3.5,7.8,94.2,81.0,4.1,none,graduate,yes,no,public,70.9
577,3.1,5.8,96.0,32.0,3.3,weekly,school,no,no,public,47.6
578,4.1,6.1,88.3,42.0,2.3,none,school,yes,no,public,54.0
579,3.1,5.4,95.0,65.0,1.1,weekly,graduate,yes,yes,public,61.3
580,5.6,7.4,95.2,50.0,3.3,none,postgraduate,yes,no,private,55.2
581,1.4,6.6,84.1,82.0,2.7,none,college,yes,no,public,55.8
582,1.7,8.4,93.3,51.0,1.1,weekly,graduate,yes,yes,public,43.9
583,1.3,7.2,99.4,73.0,1.8,none,graduate,no,no,private,54.5
584,2.0,6.5,96.3,95.0,2.5,daily,college,yes,no,public,71.3
585,2.2,8.4,86.5,45.0,3.1,weekly,graduate,yes,no,public,57.7
586,1.0,7.9,84.3,63.0,5.4,daily,graduate,no,yes,public,60.4
587,0.3,6.3,94.6,71.0,5.9,none,postgraduate,yes,no,public,46.3
588,1.8,9.4,87.9,69.0,7.1,none,graduate,yes,no,private,57.1
589,5.9,7.4,93.6,51.0,5.6,weekly,college,no,no,private,56.8
590,5.4,9.6,96.5,80.0,7.5,none,college,yes,yes,public,65.1
591,3.6,6.8,98.3,38.0,3.7,none,postgraduate,yes,yes,public,48.0
592,3.8,7.0,86.4,61.0,2.6,none,postgraduate,no,no,public,55.8
593,1.7,5.3,96.2,55.0,3.8,weekly,graduate,yes,no,private,53.6
594,0.9,6.0,74.7,81.0,2.3,none,school,yes,no,public,53.5
595,3.9,,85.1,92.0,5.0,none,college,yes,yes,public,70.2
596,4.2,7.1,87.0,50.0,4.9,none,college,no,no,public,55.4
597,2.9,6.9,90.2,34.0,3.2,weekly,school,yes,yes,private,45.2
598,9.1,7.2,94.3,50.0,3.1,weekly,graduate,yes,yes,public,66.2
599,9.5,7.2,81.0,79.0,4.5,none,postgraduate,yes,yes,private,71.2
600,2.2,6.3,88.4,54.0,2.2,weekly,graduate,yes,no,public,59.3
601,4.2,7.1,97.5,64.0,2.8,weekly,school,yes,no,private,66.7
602,3.3,5.0,96.8,100.0,6.5,none,school,yes,no,public,60.2
603,12.5,5.0,97.2,68.0,3.8,none,college,yes,no,private,70.1
604,4.6,7.7,94.9,61.0,2.9,none,school,yes,no,private,61.7
605,7.9,7.8,97.5,61.0,2.1,weekly,college,yes,yes,public,63.7
606,4.1,6.4,93.3,68.0,5.1,weekly,school,yes,yes,public,63.7
607,0.1,4.4,87.4,53.0,4.1,weekly,school,yes,yes,private,32.5
608,5.7,5.6,93.9,55.0,2.1,none,school,yes,no,public,55.8
609,1.3,6.7,91.7,88.0,1.5,daily,graduate,yes,yes,public,70.8
610,2.4,6.9,86.7,65.0,1.1,none,postgraduate,yes,yes,public,61.8
611,4.6,5.1,93.3,70.0,5.4,none,college,yes,no,public,58.4
612,6.5,4.7,87.8,68.0,2.7,none,school,yes,yes,public,65.1
613,3.6,6.3,97.7,57.0,2.6,none,postgraduate,yes,no,private,57.8
614,1.7,6.0,88.5,65.0,4.9,none,postgraduate,yes,yes,public,49.1
615,1.8,8.3,93.8,70.0,3.4,none,college,no,no,private,56.3
616,7.4,7.0,98.8,74.0,3.2,none,postgraduate,yes,no,public,74.2
617,4.1,6.3,92.1,72.0,2.6,daily,school,yes,no,public,66.5
618,3.7,,78.0,56.0,1.7,none,school,yes,no,public,48.1
619,1.4,7.8,94.4,79.0,2.6,none,school,yes,yes,public,55.6
620,3.7,7.7,91.6,51.0,3.2,weekly,graduate,yes,no,public,59.0
621,1.7,6.1,89.7,59.0,3.9,weekly,college,yes,no,public,50.6
622,4.5,5.8,95.6,37.0,1.8,none,postgraduate,yes,yes,private,42.8
623,3.5,7.2,92.3,70.0,0.9,weekly,college,yes,no,public,64.7
624,2.6,5.9,98.9,76.0,4.8,none,graduate,yes,yes,public,66.4
625,3.2,3.9,89.8,75.0,4.1,none,college,yes,no,public,48.8
626,6.7,7.2,72.8,64.0,1.3,none,postgraduate,yes,no,private,61.8
627,3.1,5.2,87.2,68.0,1.3,none,college,yes,no,private,51.8
628,7.1,7.8,96.7,45.0,2.4,weekly,graduate,yes,yes,public,53.4
629,3.2,8.1,90.9,62.0,8.0,daily,school,yes,no,private,62.7
630,1.8,9.0,98.3,74.0,4.2,none,college,no,yes,public,62.6
631,4.1,6.6,93.6,70.0,5.1,none,school,yes,no,public,55.3
632,4.0,4.6,67.4,73.0,2.9,daily,college,yes,yes,public,56.5
633,1.6,,90.7,70.0,3.1,none,postgraduate,no,no,public,51.2
634,4.9,5.2,99.3,68.0,5.1,daily,college,yes,no,public,59.2
635,4.1,9.2,99.8,82.0,6.2,daily,graduate,yes,yes,private,76.3
636,6.2,8.1,94.2,93.0,7.8,none,postgraduate,yes,yes,public,72.9
637,3.2,8.0,95.9,58.0,1.6,none,postgraduate,no,yes,private,50.7
638,1.5,6.2,91.5,71.0,1.4,none,,no,no,private,62.0
639,8.3,6.6,97.5,68.0,1.4,none,school,yes,yes,private,69.2
640,2.4,6.4,82.3,72.0,2.6,weekly,college,yes,yes,private,62.9
641,1.3,4.7,95.9,59.0,2.8,none,college,yes,no,private,34.4
642,2.9,7.3,92.2,57.0,3.0,none,school,yes,yes,public,48.0
643,1.6,5.6,90.9,48.0,2.1,weekly,graduate,yes,yes,private,54.3
644,2.5,5.9,81.0,56.0,3.1,none,college,yes,no,public,45.2
645,1.0,7.7,98.7,69.0,2.3,none,graduate,yes,yes,public,57.1
646,1.1,7.8,96.7,71.0,0.8,none,college,yes,no,public,50.3
647,5.4,8.0,96.3,88.0,0.9,weekly,school,yes,yes,public,65.7
648,3.5,6.2,87.5,48.0,6.2,none,college,yes,no,private,46.1
649,1.3,5.5,98.8,43.0,1.9,weekly,postgraduate,yes,yes,public,50.2
650,1.9,7.7,92.1,85.0,2.9,daily,graduate,yes,yes,private,73.1
651,2.0,6.0,98.0,48.0,2.2,none,postgraduate,yes,no,public,48.6
652,2.6,4.9,98.9,42.0,1.6,weekly,graduate,no,no,private,43.1
653,3.3,5.6,98.7,45.0,2.5,none,college,yes,no,public,36.4
654,7.8,7.2,87.2,72.0,2.2,none,graduate,yes,yes,private,70.9
655,5.0,5.6,94.0,65.0,3.1,none,college,no,no,private,58.7
656,3.6,8.4,81.5,57.0,2.3,weekly,graduate,yes,yes,private,59.1
657,2.4,7.1,98.7,61.0,1.5,none,school,yes,yes,public,51.7
658,0.8,6.8,82.0,72.0,3.1,none,school,yes,no,public,44.6
659,2.7,4.2,96.9,71.0,3.4,none,postgraduate,yes,no,public,61.7
660,1.6,7.7,88.7,74.0,2.1,weekly,graduate,no,yes,public,63.9
661,4.2,9.2,86.0,67.0,2.3,daily,,yes,yes,private,60.3
662,2.8,8.9,96.8,64.0,1.6,daily,postgraduate,yes,yes,public,79.1
663,3.5,5.5,90.6,72.0,7.9,weekly,postgraduate,yes,no,public,55.0
664,11.1,8.8,99.3,46.0,0.7,none,college,yes,no,private,58.7
665,0.8,5.3,83.6,58.0,6.5,weekly,school,yes,yes,private,48.8
666,1.1,6.7,93.9,79.0,3.0,weekly,college,yes,yes,private,72.8
667,8.7,8.2,95.9,46.0,1.9,none,graduate,yes,yes,public,61.4
668,1.6,8.2,71.8,74.0,,none,college,yes,no,public,64.0
669,3.1,8.1,88.2,67.0,1.5,weekly,graduate,yes,no,public,58.8
670,3.0,6.8,73.6,60.0,5.4,none,college,yes,yes,public,48.0
671,1.4,8.4,92.8,72.0,1.7,none,graduate,yes,yes,public,61.7
672,0.2,6.6,95.9,72.0,1.8,none,school,no,yes,public,41.5
673,3.5,5.6,88.2,45.0,6.5,none,school,yes,yes,public,35.3
674,2.2,6.2,85.2,54.0,10.9,daily,graduate,yes,yes,private,50.2
675,1.3,3.9,93.9,57.0,2.9,none,college,yes,yes,public,41.9
676,3.2,,69.5,45.0,4.0,weekly,,yes,no,public,45.7
677,2.9,6.6,95.6,49.0,5.6,weekly,college,yes,no,public,53.6
678,2.4,7.9,97.9,77.0,3.2,none,college,yes,no,private,61.7
679,3.8,7.4,95.6,77.0,3.1,weekly,graduate,no,yes,public,71.0
680,3.9,10.0,95.6,58.0,4.9,weekly,postgraduate,yes,yes,public,57.0
681,1.9,6.7,94.6,77.0,3.2,weekly,school,yes,no,public,54.4
682,2.4,8.9,93.2,86.0,5.8,none,college,yes,no,public,72.2
683,4.1,4.1,88.4,53.0,3.9,none,school,yes,yes,public,41.0
684,0.9,8.6,97.4,56.0,4.8,none,graduate,yes,no,public,38.2
685,1.7,5.2,90.9,77.0,1.7,none,college,yes,yes,public,48.6
686,2.1,7.8,99.8,72.0,6.0,weekly,graduate,yes,yes,private,73.6
687,1.7,7.0,89.2,69.0,3.7,none,school,yes,no,public,56.7
688,9.4,8.4,93.5,72.0,2.1,daily,school,yes,no,private,71.1
689,5.3,6.4,98.0,66.0,3.2,none,graduate,yes,no,private,72.6
690,1.4,7.8,92.9,51.0,11.3,none,graduate,yes,no,public,44.8
691,1.3,,93.6,51.0,6.4,none,college,yes,yes,private,46.7
692,3.6,7.8,76.9,58.0,3.9,weekly,college,yes,yes,public,63.1
693,1.5,8.3,95.7,44.0,1.7,none,college,yes,no,private,58.8
694,1.8,8.3,90.7,61.0,2.4,weekly,postgraduate,no,no,public,56.8
695,3.9,6.7,90.0,49.0,1.6,weekly,college,yes,no,public,62.8
696,4.9,6.0,90.7,55.0,10.1,weekly,postgraduate,yes,yes,private,58.6
697,3.2,4.8,91.9,72.0,6.1,none,postgraduate,yes,no,private,53.8
698,2.2,8.2,95.5,58.0,8.1,none,college,yes,no,public,49.6
699,3.3,7.8,94.9,43.0,3.9,none,graduate,yes,yes,private,49.9
700,0.9,5.4,91.3,91.0,1.8,none,graduate,yes,no,public,61.8
701,2.2,7.5,95.2,85.0,0.6,daily,school,no,no,private,71.8
702,0.9,6.1,99.5,61.0,4.7,none,postgraduate,yes,yes,public,55.8
703,2.8,6.3,96.6,62.0,2.5,daily,school,yes,no,private,54.1
704,3.3,6.6,90.8,57.0,1.7,weekly,graduate,yes,yes,public,64.7
705,1.4,7.1,82.0,93.0,3.7,daily,graduate,yes,no,private,72.9
706,4.8,6.7,89.9,91.0,10.0,weekly,college,yes,no,public,71.3
707,5.0,7.9,96.5,59.0,2.2,none,postgraduate,yes,yes,private,57.8
708,1.1,4.6,94.5,95.0,,none,school,yes,no,private,59.6
709,5.2,8.4,93.3,81.0,4.1,none,,yes,yes,public,69.0
710,5.1,6.0,71.8,78.0,1.1,none,college,yes,yes,public,53.1
711,1.9,5.2,87.8,77.0,4.9,daily,graduate,yes,yes,public,62.9
712,5.7,8.6,98.4,56.0,4.9,weekly,graduate,no,yes,public,61.3
713,3.5,7.1,99.0,39.0,2.0,none,school,yes,yes,private,52.6
714,10.0,7.4,94.1,91.0,5.5,weekly,school,yes,yes,public,78.5
715,1.1,8.1,95.5,67.0,3.3,weekly,postgraduate,yes,yes,public,59.9
716,4.5,,79.0,45.0,6.2,weekly,graduate,yes,no,public,48.4
717,2.4,7.9,89.1,67.0,4.1,none,graduate,yes,no,public,65.7
718,2.3,5.6,88.0,90.0,2.0,none,college,yes,no,private,64.2
719,6.3,6.9,96.1,64.0,2.9,none,postgraduate,yes,no,public,58.3
720,4.2,5.9,94.6,65.0,6.7,none,postgraduate,no,yes,private,60.5
721,2.9,6.9,85.6,57.0,3.7,none,college,yes,yes,public,50.4
722,2.8,7.3,88.1,75.0,4.4,none,school,yes,yes,private,60.4
723,1.9,6.0,98.1,66.0,2.2,weekly,,yes,yes,private,60.7
724,1.2,6.2,96.2,86.0,4.6,none,school,yes,yes,private,74.1
725,1.4,6.9,89.2,75.0,3.3,weekly,graduate,no,no,public,63.5
726,0.9,7.7,90.0,68.0,2.2,none,postgraduate,yes,yes,public,53.8
727,1.8,6.5,83.8,68.0,4.5,none,school,yes,no,public,58.3
728,5.7,6.5,92.3,40.0,2.4,none,school,yes,yes,public,46.5
729,3.5,6.1,82.0,62.0,2.3,weekly,school,yes,yes,public,51.5
730,3.9,4.5,93.1,65.0,0.7,weekly,college,yes,no,private,62.7
731,1.6,7.1,99.6,21.0,1.1,weekly,school,yes,yes,public,40.0
732,5.5,7.2,96.6,55.0,2.1,weekly,postgraduate,yes,no,public,62.7
733,2.1,8.4,78.2,81.0,3.9,weekly,school,yes,yes,public,65.5
734,2.5,5.6,98.7,64.0,2.6,weekly,college,no,yes,private,52.0
735,1.1,5.8,98.3,69.0,4.6,none,college,yes,no,public,54.5
736,4.5,7.9,87.2,67.0,1.8,none,graduate,yes,no,private,65.9
737,0.3,6.1,85.0,61.0,2.5,weekly,college,yes,no,public,46.9
738,1.6,6.3,95.7,46.0,4.8,none,college,yes,no,public,48.2
739,1.4,6.7,95.6,36.0,0.8,daily,postgraduate,yes,yes,public,52.6
740,5.4,5.0,96.3,45.0,4.1,weekly,postgraduate,yes,no,public,50.1
741,4.8,5.2,92.2,70.0,1.4,none,graduate,no,yes,private,61.5
742,1.9,6.7,88.9,47.0,2.4,weekly,school,yes,no,public,52.5
743,4.8,6.6,99.3,64.0,0.6,none,graduate,yes,no,public,62.7
744,2.3,7.7,99.2,65.0,2.1,none,college,yes,no,public,67.2
745,1.3,5.7,94.6,82.0,6.6,none,graduate,yes,no,public,68.1
746,3.1,7.4,94.8,76.0,1.8,none,college,no,yes,private,66.8
747,2.2,,98.9,71.0,11.7,none,college,no,yes,private,44.5
748,1.8,4.4,87.7,58.0,12.0,weekly,graduate,yes,no,private,29.1
749,0.6,8.1,95.3,68.0,10.4,none,school,no,no,public,50.8
750,2.1,8.6,96.0,73.0,2.5,weekly,graduate,yes,no,public,62.3
751,2.7,7.2,87.0,67.0,,none,postgraduate,yes,yes,public,54.6
752,1.0,5.2,85.1,70.0,4.2,none,graduate,yes,yes,public,60.0
753,4.7,5.4,92.6,73.0,2.6,none,,yes,no,public,63.4
754,2.3,6.4,95.4,64.0,1.2,none,college,yes,no,public,52.9
755,8.1,7.5,84.3,61.0,1.5,weekly,college,yes,yes,public,68.1
756,1.0,7.0,96.5,67.0,,none,college,yes,yes,public,59.8
757,3.7,7.9,90.4,75.0,3.8,none,school,no,no,public,58.8
758,3.9,6.9,93.9,45.0,1.2,none,college,yes,no,public,50.7
759,2.8,7.9,91.4,63.0,3.4,weekly,postgraduate,yes,yes,public,65.2
760,2.7,8.5,91.1,44.0,0.5,weekly,postgraduate,yes,no,private,51.9
761,7.8,6.3,93.1,63.0,1.9,weekly,college,no,yes,public,54.2
762,3.2,7.9,92.5,57.0,4.1,weekly,school,yes,yes,private,52.8
763,0.9,5.3,95.1,78.0,3.6,none,college,yes,no,public,65.3
764,2.8,7.3,82.9,71.0,5.7,none,school,yes,yes,public,56.5
765,3.9,5.4,98.7,81.0,3.3,weekly,graduate,yes,no,private,76.7
766,0.7,7.0,99.8,84.0,6.5,weekly,graduate,yes,yes,private,63.2
767,1.4,5.3,92.4,48.0,5.2,none,college,yes,yes,public,40.6
768,3.6,6.3,75.6,68.0,4.8,weekly,school,yes,yes,private,58.8
769,1.7,7.3,92.3,55.0,0.5,none,graduate,yes,yes,public,48.5
770,3.1,6.2,77.5,70.0,4.7,weekly,postgraduate,no,yes,private,61.0
771,1.5,8.3,91.3,47.0,5.4,none,graduate,yes,yes,public,39.3
772,1.3,8.0,85.5,72.0,4.2,weekly,school,yes,yes,public,57.3
773,5.7,6.9,87.9,79.0,6.4,weekly,graduate,yes,no,private,74.4
774,5.6,6.6,90.2,51.0,4.6,none,school,yes,yes,public,60.6
775,7.3,7.3,92.0,55.0,0.6,weekly,graduate,yes,no,private,65.2
776,1.7,6.7,93.7,71.0,4.3,none,college,yes,no,public,55.3
777,6.7,6.3,98.8,59.0,6.6,none,school,yes,no,private,59.4
778,0.5,6.2,99.1,59.0,1.5,none,postgraduate,yes,no,public,43.1
779,5.8,5.1,74.8,80.0,1.9,weekly,college,yes,yes,private,63.5
780,5.0,6.5,85.5,59.0,6.6,weekly,school,yes,yes,public,53.4
781,0.9,,94.8,70.0,5.1,none,postgraduate,no,yes,public,54.1
782,3.0,8.1,98.3,36.0,1.5,weekly,school,yes,no,private,53.1
783,0.8,7.0,94.3,58.0,,none,school,yes,no,public,51.2
784,1.4,7.3,89.3,52.0,2.5,none,school,yes,no,public,47.2
785,5.2,,97.1,40.0,1.1,none,graduate,yes,yes,private,55.4
786,6.4,5.4,96.9,66.0,1.7,weekly,college,yes,no,private,68.8
787,2.9,6.0,94.1,48.0,4.0,none,school,yes,yes,private,48.8
788,3.2,3.6,77.8,76.0,1.9,none,school,yes,no,private,48.6
789,6.0,5.6,83.8,60.0,3.9,weekly,college,yes,no,public,59.0
790,4.4,7.8,93.5,82.0,1.7,none,college,yes,no,private,72.3
791,0.7,9.2,80.2,71.0,0.8,none,school,yes,no,private,52.5
792,5.0,5.1,66.7,77.0,0.4,none,graduate,yes,no,public,64.2
793,2.1,8.6,95.4,49.0,3.1,none,college,yes,yes,private,43.3
794,15.9,6.9,83.6,79.0,1.7,none,graduate,no,no,public,85.4
795,1.6,6.9,94.1,86.0,1.8,none,graduate,yes,no,private,58.6
796,2.1,5.4,91.0,83.0,4.3,none,school,yes,yes,private,64.1
797,0.9,5.8,99.7,71.0,1.9,weekly,postgraduate,yes,no,private,61.1
798,1.9,5.7,92.6,41.0,1.9,daily,,yes,no,public,52.2
799,2.9,7.0,79.1,84.0,4.5,weekly,college,yes,yes,private,61.3
800,2.4,8.7,96.6,28.0,1.1,weekly,graduate,no,yes,public,41.7
801,1.4,6.0,81.1,86.0,3.6,weekly,college,yes,yes,private,60.9
802,1.8,6.8,94.1,73.0,2.9,none,school,yes,yes,private,66.0
803,4.2,7.7,85.6,80.0,3.5,none,school,yes,no,private,59.8
804,3.4,7.1,86.1,75.0,1.2,daily,school,yes,yes,private,71.7
805,1.9,7.9,86.6,78.0,1.7,none,graduate,no,yes,private,65.8
806,4.8,5.6,84.3,68.0,3.6,none,school,yes,yes,public,60.0
807,5.7,5.5,86.0,48.0,2.4,weekly,school,no,no,public,47.2
808,7.7,6.0,94.2,60.0,,weekly,college,no,no,public,62.2
809,3.4,6.4,98.1,72.0,2.5,none,college,yes,yes,private,63.9
810,4.5,8.4,99.2,75.0,3.2,none,,yes,no,public,67.1
811,4.5,7.8,97.9,74.0,1.3,weekly,school,yes,yes,public,72.0
812,2.6,10.0,91.2,59.0,5.0,none,college,yes,no,private,41.7
813,1.6,7.7,61.9,65.0,9.7,weekly,college,yes,no,private,56.4
814,1.8,5.6,76.7,50.0,2.0,weekly,school,no,no,public,28.3
815,4.5,6.0,93.0,67.0,1.3,weekly,graduate,yes,no,private,64.7
816,1.9,6.4,84.7,63.0,3.0,none,postgraduate,yes,yes,public,51.7
817,4.7,5.1,95.8,75.0,1.1,daily,postgraduate,yes,yes,public,69.2
818,12.2,7.4,99.7,66.0,4.3,weekly,graduate,yes,yes,public,72.2
819,8.0,7.6,89.8,61.0,3.8,none,college,yes,no,private,60.4
820,5.7,6.6,95.0,72.0,2.2,weekly,graduate,yes,yes,private,72.3
821,6.3,8.3,90.4,90.0,3.5,none,college,yes,no,public,73.1
822,5.0,6.0,91.1,29.0,2.4,none,school,yes,no,public,40.6
823,5.4,5.9,91.2,48.0,2.0,none,school,yes,no,public,48.8
824,4.0,7.5,82.9,69.0,2.7,none,graduate,yes,no,public,57.7
825,2.2,7.3,83.1,55.0,4.0,none,graduate,yes,no,public,48.7
826,1.8,8.6,87.5,66.0,3.3,none,school,yes,yes,private,56.0
827,1.0,8.8,94.0,66.0,5.0,weekly,school,yes,yes,public,62.8
828,7.3,8.4,76.2,51.0,0.6,none,school,yes,yes,public,51.7
829,1.5,6.7,90.3,51.0,3.1,weekly,postgraduate,yes,no,private,62.3
830,3.7,6.1,98.1,48.0,3.1,none,college,yes,yes,public,50.5
831,6.0,5.7,75.9,72.0,,daily,college,yes,yes,public,51.6
832,6.9,6.4,89.8,54.0,0.2,none,college,yes,yes,private,62.3
833,2.9,6.4,98.8,64.0,1.9,none,graduate,yes,no,public,62.0
834,2.6,7.8,79.5,48.0,1.8,none,college,yes,no,public,46.4
835,2.7,8.3,97.3,66.0,1.8,none,school,yes,no,private,54.2
836,3.3,5.9,97.4,74.0,2.3,none,postgraduate,yes,no,private,66.1
837,3.1,7.7,91.9,67.0,6.4,weekly,school,yes,yes,public,58.9
838,3.3,,90.6,68.0,6.1,daily,school,yes,no,public,60.2
839,3.9,7.7,70.8,72.0,2.0,none,graduate,yes,yes,public,49.9
840,3.3,5.9,81.8,64.0,4.3,none,college,no,no,public,53.5
841,3.8,6.9,97.1,52.0,3.0,daily,school,yes,no,private,51.8
842,0.6,9.2,90.7,66.0,2.1,none,postgraduate,yes,yes,private,56.5
843,8.4,6.0,77.1,74.0,5.2,none,,yes,yes,public,65.9
844,4.5,5.7,98.2,79.0,,weekly,college,no,yes,public,70.1
845,4.7,7.1,96.1,89.0,3.1,none,college,yes,no,public,78.8
846,3.4,6.5,96.9,71.0,3.0,none,postgraduate,yes,yes,public,69.7
847,1.6,7.6,89.4,52.0,3.4,daily,college,yes,yes,public,57.7
848,2.3,7.3,83.7,64.0,3.7,none,postgraduate,yes,no,public,47.1
849,2.3,7.1,94.9,43.0,2.1,none,school,no,no,public,51.5
850,6.0,,93.8,75.0,2.9,none,school,yes,no,private,52.8
851,4.0,6.7,93.3,66.0,5.3,none,school,no,no,public,50.5
852,1.9,8.5,83.1,73.0,1.3,weekly,college,yes,yes,public,52.9
853,1.4,8.0,96.2,51.0,5.3,weekly,college,yes,no,private,47.1
854,10.2,6.7,99.2,87.0,3.2,weekly,graduate,yes,no,public,77.4
855,7.6,9.6,91.9,70.0,3.0,none,postgraduate,no,yes,public,69.6
856,2.0,6.1,77.7,55.0,1.1,none,college,yes,yes,public,51.8
857,1.9,5.7,67.4,19.0,3.7,none,school,yes,yes,private,33.3
858,0.5,5.5,88.9,68.0,3.0,none,graduate,yes,no,public,56.1
859,6.8,6.0,95.8,76.0,2.0,none,college,yes,yes,public,65.7
860,4.2,7.9,88.9,68.0,2.5,none,college,yes,no,public,51.7
861,8.7,8.4,96.2,62.0,1.4,none,graduate,yes,no,private,72.7
862,3.1,5.7,83.9,56.0,4.1,none,school,yes,yes,private,39.9
863,0.2,7.2,97.4,87.0,3.2,none,college,yes,no,public,67.3
864,4.1,7.6,90.3,67.0,3.7,none,graduate,yes,no,public,48.0
865,0.2,5.5,76.5,69.0,0.7,none,college,no,yes,public,51.3
866,9.2,5.3,84.8,47.0,8.3,weekly,,yes,yes,public,49.7
867,4.9,6.6,89.7,61.0,3.1,weekly,graduate,no,yes,private,59.2
868,3.3,6.6,99.2,63.0,0.8,weekly,graduate,yes,yes,private,59.4
869,6.6,7.7,96.3,86.0,2.9,none,school,yes,yes,private,75.9
870,6.7,6.3,79.1,73.0,4.6,none,college,yes,yes,public,64.9
871,3.4,7.6,93.0,37.0,4.9,none,school,yes,yes,public,49.9
872,1.9,5.2,87.3,74.0,5.0,none,,yes,yes,public,54.2
873,1.0,6.5,94.4,42.0,6.1,none,postgraduate,yes,yes,private,45.3
874,2.9,7.3,87.6,80.0,4.0,weekly,school,yes,no,public,62.9
875,1.7,,91.5,60.0,2.8,none,college,yes,no,private,40.5
876,2.4,4.3,80.8,79.0,1.1,weekly,postgraduate,no,no,public,48.4
877,6.3,5.7,84.3,76.0,4.0,none,school,no,no,public,73.1
878,1.9,7.0,80.8,66.0,3.0,daily,college,yes,no,public,53.0
879,2.0,7.2,95.4,63.0,2.4,weekly,college,yes,no,private,61.2
880,1.4,6.7,95.9,67.0,7.2,none,school,yes,no,private,52.6
881,7.1,8.6,97.7,71.0,2.9,weekly,school,no,no,public,62.3
882,1.3,8.6,75.5,70.0,2.2,weekly,graduate,no,yes,public,53.4
883,1.2,6.7,95.0,78.0,2.0,none,graduate,no,no,public,58.1
884,1.9,,97.3,83.0,3.2,none,school,yes,yes,public,68.1
885,2.0,4.3,87.9,55.0,1.6,none,postgraduate,yes,yes,public,43.6
886,0.6,6.6,99.8,90.0,2.4,weekly,school,yes,yes,public,64.5
887,1.2,7.3,95.0,63.0,2.2,weekly,college,yes,yes,public,60.3
888,6.4,8.0,92.9,71.0,2.1,daily,postgraduate,yes,no,public,74.6
889,0.8,5.2,98.9,69.0,2.6,none,school,yes,no,public,46.0
890,9.6,8.9,92.1,37.0,4.4,none,college,no,yes,public,56.3
891,4.2,8.6,96.6,65.0,11.9,weekly,school,yes,no,public,60.0
892,1.4,7.3,80.9,76.0,3.3,none,graduate,yes,no,public,64.1
893,2.5,6.8,83.1,64.0,0.7,none,college,yes,yes,public,51.1
894,3.2,6.3,84.2,47.0,4.5,none,school,yes,yes,public,51.6
895,2.9,8.1,93.6,74.0,5.8,daily,school,yes,no,public,57.7
896,2.8,7.7,92.5,43.0,1.7,none,graduate,yes,no,private,48.7
897,2.4,6.8,89.3,82.0,4.1,none,college,no,no,private,71.8
898,1.2,6.2,92.1,68.0,2.4,none,school,yes,yes,public,50.3
899,2.1,6.4,95.7,62.0,1.2,none,college,yes,no,public,51.7
900,2.0,8.5,92.6,45.0,0.3,none,postgraduate,yes,yes,public,45.4
901,1.5,7.8,92.9,47.0,0.8,none,college,yes,no,private,41.7
902,0.7,7.6,95.4,66.0,5.0,weekly,graduate,yes,no,private,59.4
903,1.5,6.3,74.7,66.0,2.3,none,school,no,no,public,49.4
904,2.8,6.4,87.7,66.0,5.8,none,school,yes,yes,public,50.5
905,1.1,7.3,89.7,74.0,0.7,weekly,college,yes,no,public,55.1
906,2.8,6.5,97.5,84.0,2.2,daily,school,yes,no,private,68.9
907,2.0,6.5,99.3,65.0,1.8,none,school,yes,yes,private,57.7
908,0.5,,94.3,55.0,2.8,none,graduate,yes,yes,public,36.1
909,2.8,5.0,86.9,94.0,12.0,none,school,yes,no,private,56.3
910,3.6,7.8,98.0,90.0,2.4,none,postgraduate,yes,no,public,74.2
911,2.3,7.2,87.8,61.0,5.0,weekly,college,yes,no,public,47.6
912,1.2,8.9,91.1,46.0,2.9,none,graduate,yes,yes,private,54.4
913,4.0,5.9,97.2,72.0,1.8,weekly,college,yes,no,public,57.5
914,3.1,5.6,91.7,51.0,4.2,weekly,postgraduate,yes,no,private,52.8
915,3.3,6.2,90.3,57.0,7.7,daily,college,yes,no,private,58.4
916,2.1,6.6,85.1,41.0,2.4,none,school,yes,no,public,45.0
917,9.1,7.3,83.8,100.0,1.9,none,graduate,yes,yes,public,72.7
918,5.4,7.0,86.4,55.0,4.1,none,college,yes,yes,public,49.1
919,2.4,4.8,96.7,94.0,,weekly,graduate,yes,yes,public,68.2
920,3.0,7.1,89.7,57.0,2.5,none,college,no,no,public,44.8
921,1.3,7.8,91.4,75.0,3.7,weekly,college,yes,yes,private,56.4
922,7.6,6.9,81.2,46.0,1.7,weekly,college,yes,no,public,54.1
923,1.5,7.3,90.7,87.0,2.9,weekly,school,yes,no,public,66.6
924,3.0,7.6,96.5,54.0,,daily,school,yes,no,public,65.3
925,2.8,6.5,92.6,58.0,0.7,none,graduate,yes,yes,public,47.6
926,2.5,7.4,96.2,66.0,2.4,none,school,yes,no,private,56.1
927,3.7,,89.7,59.0,2.2,weekly,school,yes,no,private,53.6
928,1.5,6.8,80.2,60.0,10.0,none,college,no,yes,private,37.9
929,2.1,8.9,95.2,57.0,2.2,weekly,college,yes,no,private,54.4
930,6.3,7.0,99.4,70.0,1.9,none,college,yes,no,public,70.7
931,1.3,5.5,97.7,61.0,6.8,weekly,graduate,yes,yes,public,62.2
932,2.5,5.8,94.8,49.0,0.7,weekly,school,no,no,private,48.8
933,0.8,,90.5,58.0,1.3,weekly,school,yes,no,public,49.8
934,10.2,7.0,86.7,62.0,1.5,daily,graduate,no,no,public,84.5
935,1.8,6.4,93.9,64.0,3.7,none,graduate,yes,no,public,51.5
936,1.9,8.0,82.7,57.0,6.3,daily,graduate,no,no,public,55.6
937,1.1,8.7,93.7,52.0,2.9,weekly,college,yes,yes,public,51.1
938,3.3,8.9,83.4,60.0,1.6,none,postgraduate,yes,no,private,41.5
939,2.0,5.8,79.6,58.0,3.6,none,college,yes,no,public,38.5
940,3.1,7.1,95.3,63.0,7.0,weekly,postgraduate,yes,no,private,58.7
941,3.9,8.3,85.4,63.0,5.5,daily,college,yes,no,public,63.9
942,3.4,7.7,87.5,63.0,6.5,weekly,school,yes,no,public,57.2
943,2.6,7.2,89.3,75.0,4.5,none,postgraduate,yes,no,public,64.1
944,4.7,4.1,78.6,65.0,2.1,none,school,yes,yes,public,45.5
945,5.0,6.8,83.2,55.0,2.2,none,school,yes,yes,public,55.1
946,5.8,9.4,83.2,52.0,6.8,none,graduate,yes,no,public,51.8
947,2.1,7.7,82.9,69.0,0.3,none,college,yes,no,public,61.9
948,3.2,7.0,87.1,52.0,0.6,none,graduate,yes,no,private,52.2
949,0.9,6.1,89.1,63.0,2.7,none,graduate,yes,yes,private,49.4
950,3.0,6.7,92.6,62.0,2.3,daily,graduate,yes,yes,public,60.9
951,5.5,6.2,95.6,68.0,0.5,none,college,yes,yes,public,61.7
952,5.0,9.1,83.9,72.0,3.4,none,school,yes,yes,public,56.4
953,3.8,6.3,96.0,57.0,1.5,weekly,college,yes,no,public,56.1
954,1.7,4.4,97.2,69.0,1.5,weekly,school,yes,yes,public,62.9
955,1.5,5.3,97.9,83.0,4.9,none,college,no,no,private,57.5
956,3.6,4.3,96.3,55.0,,weekly,college,yes,yes,private,51.7
957,8.5,4.1,94.8,53.0,1.6,none,school,yes,no,public,49.8
958,0.6,5.8,98.5,53.0,4.4,none,school,yes,no,public,47.6
959,6.0,6.1,98.3,61.0,7.2,weekly,graduate,yes,yes,private,69.6
960,3.8,6.4,74.5,26.0,0.8,none,postgraduate,yes,yes,private,35.2
961,0.9,6.5,89.6,37.0,2.2,weekly,school,yes,no,private,43.0
962,4.6,6.8,89.6,28.0,4.3,none,school,yes,yes,private,38.7
963,5.0,8.1,92.9,45.0,6.8,weekly,school,yes,yes,private,51.1
964,0.2,8.2,99.4,51.0,1.1,none,graduate,yes,yes,public,42.5
965,7.8,7.3,95.5,43.0,1.2,weekly,postgraduate,yes,no,public,69.6
966,1.5,6.5,94.9,60.0,5.9,none,school,yes,no,public,49.3
967,5.8,8.4,94.7,67.0,3.7,none,graduate,no,no,public,60.9
968,1.0,6.4,87.5,42.0,3.6,daily,graduate,yes,yes,public,37.5
969,1.8,9.0,94.8,100.0,7.4,none,graduate,no,yes,public,62.3
970,4.8,8.1,92.1,75.0,4.2,weekly,school,yes,yes,public,56.4
971,1.5,7.5,91.3,77.0,2.3,none,college,yes,no,private,59.0
972,2.4,4.7,91.1,62.0,1.0,daily,school,yes,no,private,57.8
973,2.0,6.0,83.7,60.0,1.2,none,school,yes,yes,public,49.1
974,2.2,5.7,84.4,41.0,6.3,none,school,yes,yes,public,25.6
975,1.5,5.1,89.4,52.0,0.5,none,graduate,yes,yes,public,41.2
976,1.9,6.1,98.0,57.0,1.6,weekly,postgraduate,yes,no,private,64.2
977,3.3,6.8,84.7,36.0,3.4,none,school,yes,yes,public,45.8
978,3.3,6.9,96.1,73.0,2.5,weekly,graduate,yes,yes,private,63.7
979,2.7,7.5,86.5,74.0,4.1,none,graduate,no,yes,public,63.3
980,5.6,6.6,95.3,73.0,6.4,weekly,school,yes,yes,private,63.0
981,4.8,5.9,81.3,71.0,1.8,daily,,no,no,public,55.3
982,4.5,7.2,65.5,49.0,2.0,daily,school,yes,yes,public,51.0
983,2.4,6.0,93.4,71.0,3.3,none,school,yes,no,private,61.5
984,4.0,6.9,91.8,50.0,5.9,none,school,yes,no,public,41.7
985,2.3,5.1,84.3,76.0,2.0,none,school,no,no,private,49.1
986,0.5,8.2,88.2,47.0,3.9,none,postgraduate,no,no,public,43.5
987,4.0,7.9,96.4,72.0,0.6,daily,college,yes,no,public,60.4
988,4.2,6.0,89.6,69.0,5.8,none,college,yes,yes,public,52.4
989,3.2,6.3,93.6,64.0,1.1,none,college,yes,no,private,57.4
990,4.7,7.7,95.3,66.0,7.1,weekly,postgraduate,yes,no,private,69.6
991,0.4,7.8,88.4,77.0,3.9,none,graduate,no,yes,public,53.6
992,1.1,5.7,74.8,61.0,4.3,none,school,yes,yes,public,42.2
993,5.7,6.7,96.9,75.0,3.3,weekly,graduate,yes,no,public,61.1
994,2.1,8.8,95.9,72.0,3.0,none,postgraduate,yes,no,public,51.4
995,3.3,6.7,74.0,55.0,7.5,weekly,postgraduate,yes,yes,private,50.8
996,6.2,6.0,85.8,56.0,1.9,daily,graduate,no,no,public,70.5
997,2.0,6.2,80.2,62.0,8.1,none,graduate,yes,no,public,52.0
998,2.4,7.6,94.7,50.0,,none,college,yes,yes,public,49.7
999,2.4,6.8,95.7,65.0,4.9,daily,college,no,no,private,63.5
1000,4.8,5.4,96.3,73.0,4.3,none,postgraduate,yes,no,public,68.7
1001,1.1,8.3,87.9,57.0,2.6,weekly,college,yes,yes,public,52.3
1002,2.7,7.1,95.2,71.0,4.4,none,school,yes,no,public,51.5
1003,2.7,5.7,85.3,62.0,1.6,weekly,college,yes,no,public,49.4
1004,9.2,5.4,98.4,55.0,3.4,weekly,college,no,yes,private,62.6
1005,3.4,5.3,95.9,71.0,2.3,none,graduate,no,no,public,55.8
1006,3.5,8.5,91.3,32.0,0.9,none,school,no,no,private,45.8
1007,2.1,5.7,97.8,73.0,1.8,none,school,yes,yes,public,54.6
1008,3.5,8.1,94.6,71.0,2.1,weekly,school,yes,yes,public,69.3
1009,1.2,7.4,98.1,85.0,3.1,none,graduate,yes,no,public,67.0
1010,8.9,6.6,92.4,69.0,4.7,none,school,no,yes,public,63.5
1011,3.4,6.4,94.4,80.0,0.4,none,,yes,no,public,65.0
1012,4.5,7.2,86.8,85.0,0.6,none,college,yes,yes,public,66.8
1013,2.6,6.8,95.1,49.0,3.8,none,school,yes,no,public,45.2
1014,1.4,5.7,91.8,53.0,3.8,weekly,college,yes,no,public,54.4
1015,6.2,5.7,92.1,70.0,5.5,none,school,yes,yes,public,65.0
1016,1.4,7.7,97.9,62.0,3.2,weekly,graduate,yes,no,private,64.5
1017,3.9,5.5,93.2,36.0,1.8,none,graduate,yes,yes,public,54.6
1018,3.3,8.1,90.7,99.0,0.4,weekly,college,yes,yes,private,75.6
1019,5.0,6.1,98.7,48.0,4.1,weekly,college,yes,yes,public,59.2
1020,4.4,6.7,94.8,38.0,1.1,daily,school,yes,no,private,54.8
1021,2.4,7.4,81.1,81.0,7.4,weekly,school,yes,yes,public,69.8
1022,1.5,8.3,92.2,90.0,7.2,daily,school,yes,yes,public,64.5
1023,6.4,7.9,92.3,70.0,6.3,none,school,no,no,private,65.4
1024,1.6,6.0,68.7,64.0,1.2,none,graduate,yes,yes,private,56.2
1025,8.2,7.9,92.5,55.0,1.7,none,college,no,no,public,59.7
1026,1.1,7.1,94.7,66.0,7.9,none,postgraduate,yes,no,private,51.2
1027,2.1,6.0,81.2,48.0,3.4,none,school,yes,no,public,45.5
1028,6.8,8.7,92.1,61.0,1.3,none,graduate,yes,yes,public,65.9
1029,1.7,7.4,92.1,65.0,3.1,daily,college,no,yes,public,61.7
1030,2.7,8.2,88.6,57.0,,none,postgraduate,yes,yes,public,59.7
1031,11.0,6.8,97.5,65.0,3.2,weekly,graduate,no,no,public,77.0
1032,0.9,6.3,88.4,94.0,2.0,none,postgraduate,yes,no,public,68.3
1033,2.8,5.4,95.1,54.0,,weekly,postgraduate,no,yes,private,56.9
1034,0.7,7.0,83.8,81.0,3.0,none,college,no,no,public,48.6
1035,6.2,4.9,87.8,46.0,2.2,none,school,yes,no,public,55.5
1036,6.3,7.0,78.8,66.0,4.4,none,college,no,yes,public,66.0
1037,9.1,5.6,98.5,70.0,3.6,daily,graduate,no,yes,public,68.8
1038,1.1,7.2,85.5,65.0,1.1,none,postgraduate,yes,yes,private,58.2
1039,4.1,6.9,93.6,73.0,0.9,weekly,school,yes,no,public,55.3
1040,3.4,4.9,83.4,56.0,1.9,none,school,no,no,public,43.3
1041,6.6,6.0,89.5,86.0,6.9,none,school,yes,yes,private,75.4
1042,3.4,7.1,89.8,52.0,1.3,none,graduate,yes,no,private,55.6
1043,3.1,7.0,95.9,69.0,0.7,weekly,school,yes,yes,private,67.8
1044,2.3,7.9,95.1,79.0,4.0,daily,college,no,no,public,59.8
1045,2.8,6.8,89.3,87.0,4.3,none,college,yes,yes,public,66.6
1046,2.1,6.3,94.3,97.0,5.7,weekly,college,yes,no,private,73.3
1047,3.1,7.7,94.3,46.0,9.4,weekly,college,yes,no,private,53.7
1048,0.4,7.6,84.2,49.0,4.2,weekly,college,yes,yes,public,45.8
1049,8.8,8.4,89.6,83.0,4.0,none,postgraduate,yes,no,private,79.5
1050,2.1,7.1,91.4,69.0,2.5,none,school,yes,yes,private,53.7
1051,1.1,6.5,86.8,58.0,0.8,none,college,yes,no,private,59.4
1052,2.1,6.5,96.8,56.0,0.4,weekly,school,yes,yes,private,49.6
1053,6.1,5.3,93.2,47.0,3.8,daily,school,yes,no,public,54.3
1054,4.7,8.3,89.4,71.0,6.5,none,school,yes,no,private,59.0
1055,2.9,6.0,97.1,48.0,1.7,weekly,college,yes,yes,private,63.0
1056,3.7,9.9,99.3,59.0,6.2,none,school,no,no,private,59.3
1057,2.9,6.4,89.8,54.0,4.0,none,postgraduate,yes,yes,public,57.2
1058,8.5,6.7,93.7,65.0,5.6,none,school,yes,no,public,62.5
1059,3.3,8.3,83.4,44.0,3.9,none,school,no,yes,public,41.3
1060,3.3,9.2,97.9,94.0,4.7,weekly,college,yes,no,public,77.1
1061,1.4,7.4,94.6,56.0,1.5,none,graduate,yes,no,private,54.9
1062,2.4,7.4,94.0,58.0,1.5,none,college,yes,yes,public,50.0
1063,2.4,7.1,91.0,69.0,1.9,weekly,school,yes,yes,private,61.9
1064,2.0,7.6,82.0,96.0,4.5,none,college,no,no,public,63.3
1065,6.0,6.0,81.1,76.0,1.7,none,school,yes,yes,public,64.8
1066,2.0,5.4,92.0,68.0,4.0,weekly,school,no,no,public,50.4
1067,1.5,6.3,96.7,75.0,2.6,weekly,school,yes,no,private,62.4
1068,3.0,7.2,78.9,72.0,,daily,college,yes,yes,private,59.6
1069,0.5,5.7,98.0,65.0,0.2,none,graduate,yes,yes,public,52.2
1070,2.0,6.5,82.9,47.0,2.3,none,college,yes,yes,public,44.5
1071,0.8,8.1,77.7,53.0,1.5,none,college,yes,no,public,48.3
1072,4.6,6.4,97.1,63.0,3.9,none,school,yes,yes,public,62.9
1073,2.0,6.5,98.2,61.0,5.7,weekly,graduate,yes,no,public,52.8
1074,5.4,6.4,92.2,49.0,3.5,daily,college,no,no,public,54.4
1075,1.5,6.9,96.4,89.0,3.9,weekly,college,yes,no,public,67.8
1076,1.1,5.2,93.1,55.0,4.0,none,school,yes,no,public,39.4
1077,5.6,6.6,93.0,73.0,3.0,weekly,graduate,yes,no,public,66.0
1078,4.2,5.8,99.1,54.0,6.1,none,school,yes,yes,private,51.8
1079,7.2,5.8,99.0,76.0,1.9,none,college,yes,no,public,68.9
1080,1.2,4.8,86.7,59.0,5.0,none,college,yes,no,private,43.1
1081,1.1,7.4,98.0,79.0,5.6,none,postgraduate,yes,yes,private,62.4
1082,1.8,5.5,98.1,70.0,,none,school,yes,yes,private,49.6
1083,8.8,6.5,96.5,75.0,2.3,daily,graduate,yes,no,public,78.5
1084,3.8,8.6,89.5,61.0,1.6,weekly,graduate,yes,yes,public,63.7
1085,8.0,6.8,94.9,74.0,5.6,daily,school,yes,yes,public,80.9
1086,4.9,8.0,91.5,78.0,7.8,none,postgraduate,yes,yes,public,66.6
1087,2.7,6.1,85.8,44.0,5.2,none,,yes,no,private,46.6
1088,0.9,6.8,90.2,70.0,10.0,daily,school,yes,no,public,47.3
1089,3.0,7.1,81.8,48.0,4.0,weekly,college,yes,yes,private,56.8
1090,2.5,7.2,96.1,69.0,5.0,none,,yes,no,private,69.2
1091,9.3,7.0,97.4,47.0,0.4,weekly,postgraduate,yes,no,private,66.0
1092,3.3,6.7,98.7,97.0,4.3,weekly,school,yes,yes,public,73.8
1093,3.8,6.2,98.9,49.0,1.7,weekly,college,yes,no,public,50.9
1094,7.8,5.3,88.3,85.0,,daily,school,yes,yes,public,66.2
1095,1.0,6.7,90.4,48.0,4.1,none,graduate,no,no,public,44.5
1096,2.4,,84.3,76.0,1.6,none,graduate,no,yes,public,61.1
1097,3.1,5.1,90.0,52.0,0.7,none,school,yes,no,private,41.1
1098,2.0,4.2,88.9,51.0,5.0,weekly,school,yes,yes,public,46.4
1099,1.9,6.0,88.5,48.0,3.6,weekly,college,no,no,private,43.6
1100,4.2,5.8,94.0,65.0,2.6,none,graduate,yes,no,public,63.3
1101,2.4,6.7,92.0,71.0,1.6,none,graduate,yes,yes,public,67.8
1102,0.6,7.9,97.4,87.0,10.1,weekly,school,yes,no,private,70.8
1103,0.9,6.0,94.0,55.0,3.3,weekly,college,yes,no,public,52.6
1104,13.7,7.6,83.9,45.0,1.4,none,school,yes,no,public,63.9
1105,6.6,6.3,94.6,42.0,1.9,none,college,yes,yes,public,51.2
1106,2.9,5.9,81.4,63.0,2.3,weekly,college,yes,yes,private,54.0
1107,3.6,7.1,86.3,55.0,3.3,none,postgraduate,yes,no,public,52.3
1108,4.8,6.8,89.3,55.0,2.0,none,school,yes,no,private,53.3
1109,4.4,6.6,97.3,63.0,2.3,none,college,no,no,private,61.2
1110,1.0,5.9,94.2,65.0,2.2,none,school,yes,no,public,52.5
1111,4.1,8.3,96.8,71.0,1.6,weekly,college,no,yes,private,73.2
1112,3.7,7.4,92.0,48.0,1.5,none,graduate,yes,no,private,50.8
1113,0.5,8.4,87.4,81.0,2.5,none,school,yes,yes,public,54.7
1114,3.3,6.1,97.2,65.0,2.0,none,school,yes,yes,public,53.7
1115,3.4,8.8,97.9,50.0,5.7,daily,postgraduate,yes,no,private,61.0
1116,1.7,6.7,95.0,63.0,6.8,none,college,yes,no,private,48.2
1117,3.4,7.2,95.4,58.0,1.0,weekly,college,yes,yes,private,69.3
1118,3.7,4.9,93.9,46.0,4.4,none,graduate,yes,yes,private,51.6
1119,1.9,8.2,89.4,38.0,6.7,weekly,graduate,yes,no,public,50.4
1120,4.1,6.4,75.5,51.0,3.2,daily,school,no,yes,public,53.7
1121,3.9,7.6,90.6,42.0,1.8,weekly,graduate,no,yes,public,37.1
1122,2.0,4.3,88.9,53.0,3.3,none,school,yes,yes,private,44.8
1123,0.9,6.5,98.5,64.0,2.6,weekly,school,yes,yes,private,56.4
1124,2.6,6.5,98.5,88.0,2.5,none,graduate,yes,yes,public,79.8
1125,2.0,7.7,93.4,65.0,3.0,daily,postgraduate,yes,no,public,68.5
1126,5.9,8.2,87.3,70.0,2.1,none,college,no,yes,private,54.5
1127,3.1,6.8,98.3,77.0,0.5,none,graduate,yes,no,public,65.6
1128,3.9,7.7,90.6,53.0,3.7,none,college,yes,no,public,44.8
1129,3.1,7.8,86.7,58.0,1.9,none,college,yes,yes,private,53.3
1130,6.8,7.9,96.9,86.0,3.7,none,school,yes,yes,public,78.7
1131,2.4,9.1,85.4,47.0,1.3,weekly,graduate,no,no,private,49.8
1132,2.5,8.6,97.8,72.0,6.4,weekly,school,yes,no,private,57.1
1133,7.0,6.4,91.2,57.0,2.5,none,school,yes,yes,private,55.1
1134,1.8,7.5,94.4,60.0,2.5,daily,school,yes,no,private,51.3
1135,7.3,5.7,99.0,43.0,6.1,none,school,yes,no,public,55.0
1136,2.9,5.2,85.9,72.0,4.2,none,postgraduate,yes,no,public,56.2
1137,3.8,7.4,95.5,60.0,3.7,none,graduate,yes,yes,public,61.3
1138,2.2,8.4,86.1,79.0,1.3,weekly,college,yes,no,public,63.9
1139,5.1,7.4,79.5,73.0,6.4,weekly,college,yes,no,public,64.5
1140,3.8,5.5,91.7,52.0,3.1,daily,graduate,yes,no,private,64.6
1141,2.9,7.0,92.1,70.0,0.1,none,school,yes,no,public,62.1
1142,0.9,6.0,92.8,50.0,3.4,daily,school,no,yes,public,52.5
1143,1.8,5.4,82.0,38.0,1.1,weekly,postgraduate,no,yes,private,45.2
1144,3.1,5.8,90.2,62.0,1.7,none,graduate,no,yes,public,54.1
1145,6.6,7.8,97.1,62.0,4.4,none,college,no,yes,public,63.9
1146,1.8,6.8,87.0,41.0,2.6,weekly,school,yes,yes,private,48.1
1147,4.5,5.9,99.1,79.0,,weekly,graduate,yes,yes,public,73.3
1148,0.8,9.3,98.1,82.0,6.4,daily,school,no,no,public,51.2
1149,4.7,6.0,85.9,52.0,,none,college,no,yes,private,45.8
1150,1.0,7.7,85.4,54.0,3.4,weekly,school,no,no,private,37.4
1151,5.0,7.8,93.6,62.0,4.9,none,postgraduate,yes,no,private,75.6
1152,1.8,5.9,96.1,59.0,1.7,weekly,school,yes,yes,private,57.6
1153,3.4,5.1,63.9,58.0,0.9,none,school,yes,yes,public,52.2
1154,3.2,6.2,96.9,89.0,5.2,daily,graduate,yes,yes,public,76.4
1155,1.1,7.2,88.5,100.0,3.0,none,school,no,no,public,61.9
1156,6.0,6.1,93.7,60.0,,weekly,college,yes,no,public,62.9
1157,5.3,7.3,95.9,77.0,3.2,none,graduate,yes,no,public,67.7
1158,1.7,7.3,86.8,100.0,4.6,weekly,graduate,yes,yes,public,84.4
1159,5.8,9.1,78.1,53.0,4.2,none,graduate,yes,yes,private,59.0
1160,2.9,6.3,91.3,53.0,8.1,daily,college,yes,no,private,54.0
1161,0.8,6.4,97.8,64.0,2.0,weekly,graduate,yes,no,public,56.9
1162,7.3,7.2,88.4,71.0,7.8,none,college,no,yes,public,62.9
1163,4.0,6.5,99.1,55.0,1.1,none,graduate,yes,no,private,63.0
1164,5.1,5.7,72.8,54.0,6.7,none,school,no,yes,private,46.9
1165,1.9,7.0,89.8,80.0,0.9,none,postgraduate,yes,yes,public,67.7
1166,1.1,6.1,85.8,65.0,2.0,none,school,yes,no,public,54.8
1167,4.7,6.8,98.9,72.0,1.6,none,school,no,no,private,63.5
1168,6.1,7.1,82.6,52.0,0.7,weekly,,yes,yes,public,65.9
1169,0.5,6.6,98.0,37.0,4.7,weekly,college,yes,no,public,37.3
1170,8.7,6.8,89.9,51.0,3.8,none,school,yes,no,public,50.4
1171,1.9,6.2,94.0,83.0,3.7,weekly,school,no,no,public,69.1
1172,7.1,6.4,94.5,65.0,1.5,daily,postgraduate,yes,yes,public,79.0
1173,2.2,7.0,98.0,39.0,2.3,daily,school,no,no,private,41.3
1174,3.5,7.9,98.4,68.0,5.2,none,school,yes,no,public,56.6
1175,2.3,7.1,88.0,70.0,5.1,none,graduate,yes,no,public,62.2
1176,0.8,6.8,99.7,62.0,7.0,weekly,,yes,yes,private,52.6
1177,0.9,5.8,95.5,61.0,6.0,none,graduate,yes,no,private,48.9
1178,1.3,5.6,98.1,53.0,4.1,none,college,yes,no,private,50.3
1179,2.2,6.1,96.3,73.0,2.0,none,college,yes,no,private,56.3
1180,0.7,5.7,68.3,36.0,6.3,weekly,school,no,yes,public,25.6
1181,2.1,5.9,97.9,68.0,4.1,none,graduate,yes,no,private,60.4
1182,3.9,5.9,91.5,44.0,0.7,none,college,yes,no,public,53.1
1183,8.1,5.8,91.4,55.0,2.7,none,college,yes,yes,public,60.3
1184,3.4,7.2,91.3,52.0,4.9,weekly,graduate,no,no,public,59.3
1185,1.7,6.6,89.2,58.0,1.7,none,graduate,yes,yes,public,54.3
1186,2.0,7.5,94.3,47.0,6.7,weekly,college,no,no,private,46.1
1187,1.0,7.7,96.1,59.0,5.0,weekly,school,yes,yes,public,59.0
1188,2.5,6.0,86.7,78.0,0.9,none,graduate,yes,no,private,61.5
1189,2.3,8.3,92.5,74.0,4.0,none,college,yes,yes,private,59.0
1190,3.3,6.9,96.7,66.0,3.2,none,postgraduate,yes,yes,public,63.4
1191,5.8,7.9,87.1,79.0,2.3,daily,postgraduate,yes,yes,private,75.1
1192,4.9,7.4,93.6,42.0,1.7,none,school,yes,yes,public,46.4
1193,1.3,6.9,95.9,47.0,0.8,none,college,yes,no,private,53.8
1194,0.6,6.9,82.3,36.0,1.4,none,postgraduate,yes,yes,public,53.5
1195,0.8,8.1,86.6,82.0,3.5,daily,graduate,no,no,private,67.0
1196,1.6,8.6,84.3,61.0,1.5,daily,college,yes,yes,public,61.1
1197,4.3,6.5,95.0,65.0,3.8,daily,graduate,yes,no,public,60.9
1198,1.6,6.1,90.4,78.0,4.2,weekly,graduate,yes,no,public,70.7
1199,4.2,6.7,90.8,50.0,2.5,weekly,school,yes,no,private,52.6
1200,2.3,4.9,88.3,70.0,1.8,none,school,yes,yes,public,51.8
1201,8.8,6.5,97.4,81.0,4.1,weekly,college,yes,yes,private,82.5
1202,5.2,8.6,92.8,57.0,4.0,none,college,yes,yes,private,66.0
1203,0.8,7.2,98.1,68.0,2.3,weekly,school,yes,yes,public,61.3
1204,4.3,6.5,88.7,59.0,3.1,none,school,yes,yes,private,57.8
1205,1.4,,96.9,57.0,3.6,weekly,college,no,no,private,59.3
1206,0.3,6.5,93.8,60.0,3.7,none,school,yes,yes,public,39.6
1207,5.1,6.8,92.9,76.0,5.2,none,graduate,yes,no,public,62.5
1208,2.1,8.4,92.8,34.0,5.1,none,college,yes,no,public,55.6
1209,8.0,7.1,95.0,56.0,14.0,none,school,yes,no,public,52.1
1210,6.2,7.4,85.6,73.0,1.1,none,school,yes,no,public,63.4
1211,2.1,5.4,79.3,63.0,5.7,weekly,college,yes,no,public,55.6
1212,0.6,5.3,99.0,37.0,1.8,none,graduate,yes,no,public,37.4
1213,1.0,6.3,99.7,89.0,2.7,weekly,graduate,yes,no,public,67.8
1214,4.2,7.9,86.2,91.0,1.5,weekly,school,no,yes,public,70.6
1215,3.5,7.0,93.4,73.0,4.5,none,college,yes,no,public,61.4
1216,1.2,7.4,94.6,55.0,5.6,none,postgraduate,no,no,private,47.2
1217,1.6,6.5,88.3,61.0,8.2,weekly,graduate,yes,yes,public,55.4
1218,10.3,7.8,90.4,78.0,1.6,none,college,yes,no,public,76.0
1219,3.0,7.2,84.9,50.0,1.4,none,school,yes,no,public,48.1
1220,2.3,8.9,98.5,57.0,2.7,none,graduate,yes,yes,private,53.0
1221,0.5,7.9,88.8,52.0,2.6,none,college,yes,no,public,48.4
1222,0.7,6.6,96.5,67.0,4.7,weekly,college,yes,no,public,57.1
1223,5.5,7.0,88.5,70.0,6.3,none,college,yes,yes,public,63.7
1224,7.8,7.8,80.3,50.0,,daily,graduate,yes,yes,public,60.4
1225,2.8,7.7,86.0,78.0,3.8,daily,school,yes,no,private,68.0
1226,1.6,6.5,99.5,77.0,5.1,none,school,yes,no,private,59.1
1227,1.9,7.5,85.9,48.0,5.3,none,graduate,yes,yes,public,48.0
1228,1.7,8.0,80.3,66.0,1.3,none,graduate,yes,yes,private,68.6
1229,2.8,7.6,95.4,53.0,,none,graduate,yes,yes,public,46.6
1230,3.3,5.9,95.7,88.0,9.8,weekly,graduate,no,no,private,65.5
1231,9.2,5.8,99.0,93.0,4.6,weekly,graduate,no,yes,public,84.5
1232,2.6,6.7,86.5,52.0,1.5,none,college,no,no,public,46.0
1233,1.3,5.5,88.6,91.0,3.4,weekly,school,yes,yes,private,62.2
1234,2.1,7.8,94.5,80.0,9.6,daily,graduate,yes,yes,public,67.8
1235,5.5,7.5,92.3,45.0,8.2,none,college,yes,no,public,51.4
1236,1.9,9.1,89.6,98.0,0.3,weekly,college,yes,no,public,81.8
1237,0.5,5.9,81.5,42.0,1.6,none,college,yes,no,private,35.3
1238,2.1,6.7,85.8,75.0,1.8,weekly,postgraduate,yes,yes,private,57.4
1239,1.5,7.4,78.6,98.0,5.1,none,postgraduate,no,no,public,54.2
1240,3.9,3.6,98.5,52.0,5.2,weekly,school,yes,yes,public,49.0
1241,4.0,6.1,93.9,60.0,5.8,none,college,yes,no,public,51.7
1242,8.7,5.9,83.2,61.0,4.3,none,school,yes,yes,private,61.7
1243,1.8,8.7,90.5,89.0,3.0,none,graduate,yes,no,private,70.1
1244,2.8,6.9,96.6,62.0,3.3,none,graduate,yes,yes,private,57.7
1245,5.8,6.3,97.4,76.0,7.6,daily,school,no,no,private,63.7
1246,1.7,5.3,90.5,40.0,1.8,weekly,graduate,yes,no,public,42.7
1247,1.6,8.7,92.8,47.0,4.1,weekly,school,yes,yes,private,42.9
1248,0.9,5.3,98.7,51.0,6.1,weekly,postgraduate,yes,yes,public,56.2
1249,5.6,5.9,84.4,78.0,5.9,none,graduate,yes,no,private,60.7
1250,3.9,6.8,96.3,55.0,1.0,none,school,yes,no,private,57.6
1251,1.8,6.4,95.4,34.0,1.4,none,school,yes,yes,public,35.6
1252,1.0,7.1,91.8,37.0,4.9,none,school,yes,no,private,34.2
1253,5.6,6.9,89.8,69.0,3.1,weekly,graduate,yes,no,public,66.4
1254,6.7,7.2,94.9,51.0,5.1,none,postgraduate,yes,yes,private,54.4
1255,1.5,7.7,90.9,60.0,0.6,weekly,graduate,no,yes,private,53.6
1256,1.6,8.5,97.9,61.0,5.9,none,postgraduate,no,no,private,54.0
1257,6.4,6.5,99.0,54.0,,none,graduate,no,no,public,62.1
1258,1.3,4.2,91.1,57.0,3.1,none,school,yes,no,public,31.6
1259,1.8,6.2,89.5,69.0,0.7,none,graduate,yes,no,public,59.5
1260,0.9,8.0,94.2,50.0,2.3,weekly,school,yes,no,private,50.6
1261,2.6,6.4,96.2,57.0,5.7,weekly,graduate,yes,yes,private,61.2
1262,6.3,6.7,92.9,72.0,4.0,none,graduate,yes,no,public,59.5
1263,7.6,7.2,77.8,67.0,4.2,none,postgraduate,yes,no,private,60.4
1264,6.5,8.3,98.3,91.0,1.7,none,college,yes,yes,public,75.5
1265,4.5,6.6,94.7,46.0,0.9,daily,school,no,no,private,57.1
1266,6.8,6.9,95.6,50.0,3.5,weekly,school,yes,no,private,63.4
1267,1.8,6.9,98.0,51.0,,weekly,college,yes,no,public,57.7
1268,6.8,7.6,85.2,79.0,6.0,none,college,yes,no,public,75.3
1269,1.1,8.3,85.6,59.0,10.2,none,school,yes,no,public,49.9
1270,2.8,9.2,97.2,77.0,1.0,none,college,yes,no,public,51.0
1271,4.2,7.2,94.6,65.0,2.3,daily,school,yes,no,public,61.1
1272,4.4,5.9,93.0,56.0,2.4,none,graduate,yes,yes,public,50.6
1273,1.8,7.4,82.5,64.0,5.2,none,college,no,no,public,47.3
1274,3.5,3.9,79.8,46.0,2.6,none,college,no,no,private,35.3
1275,7.1,3.8,94.6,58.0,3.2,none,college,yes,no,private,54.6
1276,4.5,5.7,91.1,59.0,3.7,weekly,school,yes,yes,public,53.7
1277,6.8,6.8,66.8,99.0,4.8,daily,college,no,yes,public,69.8
1278,0.8,5.9,95.1,65.0,4.9,weekly,college,yes,yes,private,59.1
1279,0.6,8.3,88.5,71.0,7.9,none,school,yes,yes,private,50.9
1280,1.0,8.8,94.8,69.0,4.9,none,school,no,yes,public,56.4
1281,1.5,7.7,80.8,69.0,5.2,none,school,yes,no,public,53.7
1282,4.6,6.6,89.3,57.0,3.8,none,postgraduate,no,no,public,68.3
1283,4.1,6.2,88.0,55.0,2.5,none,college,yes,no,public,49.2
1284,0.2,7.0,84.4,100.0,0.8,none,graduate,yes,yes,public,71.5
1285,4.0,8.9,97.5,69.0,4.3,none,college,yes,no,public,65.7
1286,4.5,5.2,93.3,71.0,3.1,weekly,graduate,yes,no,public,59.6
1287,3.2,6.3,78.7,91.0,2.3,none,postgraduate,yes,yes,public,64.8
1288,2.7,7.2,91.2,64.0,5.8,none,school,yes,no,public,55.5
1289,0.9,7.2,94.3,52.0,3.1,weekly,graduate,yes,no,public,50.6
1290,3.7,5.9,91.6,73.0,4.8,weekly,graduate,yes,no,private,67.9
1291,1.6,6.7,86.8,57.0,10.9,weekly,school,no,yes,public,47.9
1292,6.4,7.0,89.5,51.0,2.4,none,college,yes,no,public,50.3
1293,2.2,6.1,87.9,59.0,8.9,weekly,college,no,no,public,51.3
1294,3.4,7.8,98.4,81.0,7.2,none,college,yes,yes,private,65.4
1295,2.8,6.8,99.1,41.0,5.0,weekly,school,yes,no,public,48.1
1296,2.3,8.4,66.5,63.0,8.0,daily,college,yes,yes,private,56.0
1297,4.2,6.9,84.4,62.0,0.5,none,college,yes,no,private,59.6
1298,6.0,8.2,89.3,100.0,8.6,weekly,college,yes,yes,public,81.2
1299,0.9,6.4,97.0,87.0,8.3,daily,school,no,yes,public,62.3
1300,3.9,7.5,81.9,64.0,2.6,none,postgraduate,yes,yes,private,59.4
1301,7.4,4.3,95.9,58.0,,none,graduate,no,yes,public,50.6
1302,2.0,6.4,94.9,51.0,2.9,none,college,yes,no,private,48.4
1303,2.2,5.7,82.0,54.0,3.5,none,school,no,yes,public,42.9
1304,2.9,8.2,96.1,78.0,3.7,none,graduate,yes,no,public,68.7
1305,1.7,7.5,93.8,51.0,3.9,none,school,yes,no,private,50.0
1306,2.1,7.3,95.7,43.0,2.1,weekly,graduate,yes,no,private,61.9
1307,1.8,5.2,80.6,59.0,3.8,weekly,school,no,no,private,51.4
1308,6.9,7.3,89.3,54.0,1.4,weekly,college,no,no,public,60.9
1309,5.3,6.9,93.2,77.0,1.9,none,college,yes,yes,private,71.5
1310,3.0,5.5,94.9,84.0,4.0,none,college,yes,no,public,63.4
1311,3.3,7.3,93.8,61.0,2.6,none,graduate,yes,yes,public,56.0
1312,1.8,8.2,86.8,58.0,1.5,none,college,yes,yes,private,45.2
1313,5.6,6.5,95.4,68.0,4.0,weekly,graduate,yes,no,public,72.0
1314,1.5,8.0,92.7,53.0,2.7,weekly,postgraduate,yes,no,public,50.7
1315,4.2,7.3,96.6,65.0,2.5,none,school,yes,yes,private,58.6
1316,4.4,7.1,93.0,43.0,2.9,none,college,yes,no,public,38.7
1317,4.5,6.2,99.5,81.0,2.4,none,postgraduate,yes,yes,private,66.5
1318,1.4,8.0,49.0,80.0,1.9,weekly,graduate,yes,no,private,50.7
1319,3.5,5.3,92.3,56.0,5.1,daily,school,no,no,public,41.0
1320,0.8,7.8,82.4,60.0,2.4,daily,school,no,no,public,50.7
1321,4.0,6.4,96.4,79.0,3.4,none,postgraduate,yes,no,private,74.6
1322,2.9,6.3,98.9,89.0,1.7,none,college,yes,yes,private,65.0
1323,0.8,6.8,97.1,64.0,0.3,none,school,yes,yes,private,56.0
1324,4.5,5.9,77.3,66.0,3.2,none,college,yes,no,private,52.4
1325,2.5,8.8,92.5,56.0,,weekly,school,no,yes,public,42.8
1326,3.8,6.0,89.9,87.0,3.7,none,college,no,yes,public,65.6
1327,2.5,9.5,96.5,43.0,2.9,none,postgraduate,yes,no,private,54.3
1328,1.6,6.9,82.7,66.0,4.3,none,graduate,yes,yes,public,55.3
1329,3.8,5.4,98.5,32.0,,none,college,yes,yes,public,35.5
1330,0.8,6.0,88.0,63.0,2.6,none,postgraduate,yes,yes,public,55.4
1331,3.7,,82.9,78.0,10.5,weekly,,yes,no,public,56.4
1332,1.2,6.2,91.3,100.0,0.6,none,college,yes,no,public,67.7
1333,3.8,4.8,91.5,64.0,5.2,none,college,yes,no,private,53.3
1334,1.5,6.4,92.8,55.0,1.9,daily,graduate,yes,no,private,56.7
1335,3.8,,71.3,51.0,3.3,none,school,yes,yes,public,38.6
1336,5.2,4.8,88.4,69.0,2.8,none,school,yes,no,public,55.5
1337,0.9,6.7,98.0,65.0,1.5,weekly,school,yes,no,public,62.7
1338,0.7,7.5,91.2,62.0,3.2,none,college,yes,yes,private,49.0
1339,4.1,6.9,98.6,30.0,3.8,none,college,yes,no,private,44.2
1340,2.7,7.7,85.8,67.0,2.3,weekly,graduate,yes,no,private,64.2
1341,1.6,5.9,85.6,42.0,3.8,none,school,yes,no,public,43.5
1342,3.5,7.3,83.0,38.0,2.7,none,college,yes,no,private,47.5
1343,1.7,7.1,92.1,68.0,2.1,none,postgraduate,yes,no,public,58.0
1344,1.1,6.9,84.8,54.0,2.1,weekly,school,yes,no,public,45.3
1345,0.4,4.9,97.5,61.0,1.5,none,school,yes,yes,public,44.1
1346,5.8,7.1,90.3,62.0,6.5,weekly,graduate,yes,no,public,59.6
1347,6.4,9.1,97.6,35.0,1.5,none,college,no,yes,public,47.1
1348,5.9,7.1,96.6,71.0,1.8,daily,school,yes,no,public,74.4
1349,5.3,5.3,82.9,67.0,2.0,none,school,yes,yes,public,59.9
1350,2.5,9.1,82.4,87.0,4.4,weekly,graduate,yes,yes,public,67.7
1351,8.9,7.0,87.6,98.0,6.0,none,college,yes,yes,public,76.5
1352,1.9,7.5,89.1,59.0,3.8,weekly,school,yes,yes,public,62.2
1353,5.4,6.9,97.5,78.0,2.7,weekly,college,yes,yes,public,76.4
1354,4.6,3.7,80.2,63.0,4.8,none,graduate,no,no,private,45.0
1355,2.5,7.0,98.9,69.0,3.3,none,postgraduate,no,no,private,60.7
1356,8.2,7.3,95.9,64.0,1.7,none,college,yes,yes,public,60.6
1357,6.5,9.1,89.9,39.0,1.7,daily,school,yes,no,public,56.6
1358,4.6,8.2,90.2,77.0,3.6,none,school,yes,no,public,69.4
1359,3.2,8.0,77.1,70.0,6.1,daily,graduate,yes,no,private,55.3
1360,1.8,5.9,94.8,47.0,1.3,weekly,college,yes,yes,public,40.6
1361,2.1,6.8,94.7,71.0,3.7,weekly,graduate,yes,no,public,71.6
1362,0.8,6.0,92.0,64.0,2.9,daily,postgraduate,yes,no,private,59.3
1363,0.5,6.1,99.6,44.0,8.1,none,graduate,yes,no,public,40.8
1364,1.4,7.7,99.6,71.0,2.2,none,school,yes,yes,public,62.0
1365,5.4,8.1,93.5,45.0,5.8,weekly,postgraduate,yes,no,public,63.6
1366,1.6,6.8,97.0,72.0,1.9,none,graduate,yes,no,public,63.5
1367,4.3,5.3,97.6,49.0,4.4,weekly,postgraduate,yes,yes,public,58.8
1368,1.1,7.2,79.6,62.0,3.2,none,college,yes,yes,private,55.9
1369,3.1,8.0,93.4,52.0,4.9,none,graduate,yes,no,private,53.5
1370,8.1,7.1,94.0,53.0,,daily,graduate,no,no,private,60.2
1371,1.7,6.7,97.2,71.0,4.6,weekly,graduate,yes,yes,private,69.6
1372,0.9,7.4,79.7,81.0,5.8,weekly,postgraduate,yes,yes,public,70.0
1373,4.7,7.3,94.6,79.0,,none,school,yes,no,public,57.8
1374,4.5,7.9,90.8,77.0,2.0,daily,college,yes,yes,private,71.7
1375,8.0,6.9,90.3,71.0,,none,school,yes,no,private,66.3
1376,4.4,8.3,82.3,49.0,2.7,daily,school,no,yes,private,45.2
1377,2.8,8.8,92.6,76.0,4.3,none,college,no,no,public,54.9
1378,1.8,6.2,99.5,70.0,3.0,weekly,school,yes,yes,private,61.2
1379,6.0,7.1,85.1,86.0,3.0,daily,school,yes,yes,private,78.5
1380,0.3,6.8,97.8,40.0,6.7,none,graduate,yes,yes,public,44.9
1381,3.5,8.3,97.6,52.0,10.4,none,graduate,yes,no,private,50.3
1382,5.7,6.1,87.6,70.0,6.3,none,school,no,yes,public,51.0
1383,2.4,6.4,98.2,54.0,9.8,none,college,yes,yes,public,49.7
1384,3.3,5.6,96.1,68.0,8.9,weekly,college,no,yes,public,55.1
1385,3.5,7.0,90.9,67.0,1.2,none,college,no,yes,private,60.5
1386,6.6,7.0,92.8,75.0,2.2,none,graduate,no,no,public,66.8
1387,5.1,7.2,87.5,68.0,8.6,daily,school,yes,no,private,72.4
1388,4.1,6.8,95.1,68.0,1.5,daily,college,yes,yes,private,63.7
1389,1.4,6.4,96.0,61.0,2.7,none,postgraduate,yes,yes,public,59.1
1390,5.3,8.4,83.2,63.0,1.4,none,school,no,no,private,46.5
1391,5.0,6.2,91.4,55.0,9.2,none,graduate,yes,no,private,52.6
1392,3.0,6.2,88.4,58.0,2.2,daily,college,yes,yes,private,48.4
1393,5.2,5.1,88.4,47.0,5.3,none,graduate,yes,yes,private,49.1
1394,1.1,7.0,84.3,50.0,1.8,none,graduate,yes,no,private,48.5
1395,3.6,5.4,86.3,60.0,0.2,none,college,yes,yes,public,57.8
1396,5.3,6.6,88.7,75.0,1.1,none,college,yes,no,private,70.5
1397,3.7,6.0,95.5,73.0,3.3,weekly,school,yes,yes,public,73.7
1398,7.3,6.1,85.4,73.0,2.3,none,graduate,yes,no,public,69.9
1399,1.4,8.5,95.9,73.0,3.1,none,graduate,no,no,private,66.9
1400,2.5,7.1,84.0,65.0,0.1,none,postgraduate,yes,yes,private,59.7
1401,6.2,7.5,65.5,60.0,0.8,weekly,college,yes,no,public,69.4
1402,4.3,6.0,87.2,49.0,4.1,none,postgraduate,yes,no,public,57.7
1403,1.3,6.5,88.9,69.0,4.5,none,,yes,no,public,59.0
1404,1.9,6.4,91.2,77.0,2.0,weekly,school,no,yes,private,54.9
1405,0.1,4.5,83.1,70.0,3.8,weekly,school,yes,no,private,46.0
1406,2.4,6.2,96.1,56.0,6.5,weekly,school,yes,no,public,47.7
1407,7.5,5.7,96.8,60.0,3.5,none,graduate,yes,yes,public,64.5
1408,5.3,8.9,93.3,72.0,3.0,weekly,college,yes,no,public,67.4
1409,2.2,6.4,93.9,65.0,2.0,daily,postgraduate,yes,no,public,68.5
1410,1.0,8.3,94.1,69.0,3.4,weekly,college,yes,yes,private,58.1
1411,6.4,8.3,90.7,52.0,7.1,weekly,postgraduate,yes,no,public,58.8
1412,1.4,6.6,96.3,73.0,2.9,none,college,yes,no,public,59.7
1413,12.1,6.6,96.0,61.0,5.5,daily,school,yes,yes,private,81.1
1414,0.8,6.0,90.1,62.0,1.8,none,school,yes,no,public,43.9
1415,1.2,7.2,82.3,52.0,0.8,weekly,school,yes,no,public,49.1
1416,1.2,8.3,82.3,43.0,3.2,weekly,postgraduate,no,yes,private,52.4
1417,4.2,6.7,83.2,73.0,2.6,none,school,yes,yes,public,56.9
1418,4.6,6.0,91.2,56.0,2.0,none,college,yes,yes,private,60.1
1419,0.8,9.0,86.1,63.0,2.3,daily,college,yes,no,public,52.6
1420,6.7,4.5,94.4,72.0,2.9,weekly,school,yes,yes,private,62.7
1421,3.0,8.3,76.2,76.0,2.2,none,postgraduate,yes,yes,public,62.0
1422,3.5,8.8,89.8,39.0,1.1,weekly,college,yes,yes,public,55.0
1423,3.2,6.8,90.9,67.0,0.8,none,graduate,no,yes,public,63.1
1424,0.5,4.9,90.4,69.0,3.8,none,postgraduate,yes,yes,private,60.2
1425,2.5,6.5,83.6,76.0,3.8,weekly,college,no,no,private,58.7
1426,3.5,8.2,93.3,69.0,5.5,weekly,graduate,yes,no,public,65.8
1427,3.2,9.0,86.3,51.0,6.5,weekly,college,yes,no,private,60.5
1428,4.3,8.0,95.4,62.0,8.0,none,graduate,yes,yes,public,54.7
1429,3.4,7.4,93.5,68.0,4.6,weekly,postgraduate,yes,yes,private,65.3
1430,8.1,6.1,94.2,69.0,5.2,daily,college,yes,no,public,81.4
1431,2.5,,92.6,76.0,5.4,weekly,school,yes,no,private,68.9
1432,3.1,7.6,95.6,70.0,2.9,none,graduate,yes,no,private,52.3
1433,8.2,8.6,97.4,63.0,1.9,weekly,postgraduate,yes,no,public,68.8
1434,3.9,6.0,97.5,63.0,3.7,none,school,no,yes,public,71.1
1435,3.4,6.5,96.6,58.0,0.9,none,,yes,no,private,55.2
1436,5.6,7.7,91.7,64.0,1.3,weekly,college,yes,no,private,66.7
1437,1.4,6.4,86.7,44.0,0.9,none,school,yes,yes,private,37.2
1438,1.9,8.7,82.7,80.0,1.1,weekly,graduate,yes,no,public,59.0
1439,2.4,8.0,97.7,57.0,1.8,weekly,graduate,no,yes,public,57.8
1440,3.7,5.2,90.1,75.0,4.0,none,school,yes,yes,public,54.8
1441,4.3,7.4,78.2,57.0,2.0,weekly,college,yes,yes,public,59.0
1442,2.3,8.3,95.1,68.0,2.0,daily,school,yes,yes,private,67.1
1443,7.4,8.2,95.8,54.0,4.3,none,school,yes,yes,private,59.5
1444,1.0,7.8,70.8,71.0,3.4,daily,graduate,yes,yes,private,63.2
1445,2.7,5.4,79.3,63.0,1.1,weekly,graduate,yes,yes,public,54.5
1446,0.6,4.4,98.2,79.0,1.6,none,graduate,yes,no,public,44.2
1447,1.1,,92.8,59.0,3.1,none,graduate,yes,yes,private,63.7
1448,0.9,9.1,97.3,69.0,1.7,weekly,college,yes,yes,private,54.0
1449,3.2,7.4,85.2,65.0,3.0,none,school,yes,no,private,62.3
1450,4.6,5.9,98.2,65.0,4.2,none,school,yes,yes,private,59.6
1451,4.1,6.9,98.0,55.0,13.6,none,postgraduate,yes,no,private,58.2
1452,4.8,5.4,91.9,100.0,3.0,weekly,postgraduate,yes,no,private,84.4
1453,4.5,5.5,78.4,45.0,1.6,none,college,yes,no,public,41.6
1454,4.3,8.3,85.7,47.0,5.1,daily,graduate,yes,yes,public,49.6
1455,1.2,4.0,97.4,30.0,1.5,none,postgraduate,yes,yes,public,28.9
1456,4.8,7.2,97.6,69.0,7.6,none,graduate,yes,yes,private,62.2
1457,7.0,8.7,90.7,51.0,3.2,daily,college,yes,yes,private,60.4
1458,13.4,4.8,84.6,43.0,6.0,none,graduate,no,yes,private,47.9
1459,1.0,8.6,92.6,62.0,5.0,none,graduate,no,yes,private,53.6
1460,7.9,6.0,97.5,74.0,1.5,none,school,yes,no,public,66.0
1461,3.1,4.9,90.3,74.0,1.4,none,college,yes,yes,public,54.3
1462,4.1,9.1,95.0,51.0,4.9,weekly,college,yes,yes,private,59.5
1463,2.3,5.8,82.3,63.0,0.8,none,graduate,yes,no,public,56.5
1464,5.1,7.1,94.7,82.0,5.8,daily,school,yes,no,private,68.0
1465,3.3,6.7,93.6,83.0,0.9,weekly,graduate,yes,no,public,76.3
1466,7.2,6.3,87.2,53.0,2.9,weekly,college,yes,yes,private,60.3
1467,2.0,8.1,90.6,72.0,1.3,none,graduate,yes,no,private,56.6
1468,5.8,7.1,80.7,45.0,3.1,none,postgraduate,yes,no,public,56.5
1469,3.1,9.7,70.8,50.0,4.8,none,college,yes,no,private,39.8
1470,7.0,5.7,92.1,80.0,4.6,weekly,graduate,yes,no,public,76.1
1471,0.8,6.1,89.1,62.0,1.5,weekly,graduate,yes,yes,private,49.8
1472,3.9,5.7,90.7,100.0,2.3,none,school,yes,yes,private,76.5
1473,3.7,6.1,80.9,66.0,1.7,weekly,college,yes,no,private,56.9
1474,8.0,5.5,80.5,64.0,2.5,none,,yes,no,public,54.4
1475,3.4,7.2,96.0,55.0,4.4,daily,graduate,yes,no,public,64.1
1476,5.4,6.6,95.1,56.0,,weekly,graduate,yes,no,public,63.0
1477,0.9,7.3,84.0,69.0,4.6,weekly,college,yes,yes,public,60.8
1478,3.0,7.1,84.0,60.0,6.6,weekly,college,yes,no,private,59.3
1479,1.7,5.1,71.6,77.0,1.8,daily,school,yes,yes,private,58.5
1480,2.8,6.6,92.9,83.0,0.5,weekly,school,yes,no,private,66.9
1481,1.0,5.3,83.1,70.0,2.2,none,school,yes,yes,public,46.5
1482,4.1,5.4,87.9,43.0,3.7,none,postgraduate,yes,yes,public,40.7
1483,4.8,5.8,83.3,55.0,3.1,weekly,college,yes,no,public,57.8
1484,2.9,6.0,92.9,79.0,2.7,weekly,graduate,yes,no,public,74.5
1485,2.3,6.7,96.7,55.0,1.0,none,college,yes,yes,public,56.9
1486,3.0,6.3,99.5,70.0,1.9,none,college,yes,yes,private,65.6
1487,4.9,6.3,97.3,79.0,4.0,none,postgraduate,yes,yes,public,64.5
1488,3.9,7.1,87.7,80.0,5.1,weekly,graduate,yes,no,public,69.9
1489,3.2,7.1,95.5,36.0,1.4,none,graduate,no,yes,public,43.4
1490,1.1,7.3,92.8,80.0,3.4,none,school,yes,yes,public,58.0
1491,5.5,6.0,88.9,58.0,0.6,weekly,college,yes,no,private,63.5
1492,4.6,4.2,99.3,44.0,2.2,weekly,postgraduate,yes,no,private,46.1
1493,2.4,4.6,95.0,78.0,1.6,weekly,college,yes,yes,public,61.4
1494,4.7,6.7,84.1,67.0,0.9,weekly,school,yes,no,public,64.2
1495,1.0,5.4,74.4,59.0,5.0,daily,school,yes,yes,public,53.4
1496,1.5,6.7,95.3,27.0,1.7,none,postgraduate,yes,no,public,39.5
1497,8.4,8.2,96.9,55.0,6.7,weekly,graduate,yes,yes,private,60.4
1498,5.8,6.8,95.5,94.0,1.7,weekly,postgraduate,yes,no,public,78.0
1499,1.6,5.2,86.3,40.0,2.3,none,school,no,no,public,44.1
1500,6.4,6.0,95.0,45.0,2.6,none,school,yes,no,public,41.7
1501,2.8,6.1,88.0,61.0,4.3,none,college,no,no,public,50.1
1502,1.8,6.5,94.2,64.0,2.9,weekly,graduate,yes,yes,private,60.5
1503,10.8,4.2,90.4,64.0,2.3,weekly,postgraduate,yes,no,private,65.2
1504,1.2,7.1,83.5,71.0,4.2,none,college,yes,no,public,51.2
1505,4.4,5.1,94.9,30.0,4.2,none,college,no,no,private,44.8
1506,1.0,6.6,95.5,50.0,6.3,none,graduate,yes,no,public,53.1
1507,1.5,6.5,83.5,66.0,1.0,weekly,college,no,yes,private,63.0
1508,5.0,6.5,99.1,63.0,7.2,weekly,graduate,yes,yes,private,58.0
1509,1.0,9.2,98.5,43.0,1.4,weekly,school,yes,yes,public,38.9
1510,2.7,5.8,87.4,69.0,2.6,weekly,college,yes,no,public,62.5
1511,0.4,7.2,87.5,77.0,,none,postgraduate,yes,yes,private,57.2
1512,5.1,6.8,96.5,65.0,3.6,none,school,yes,no,public,49.7
1513,3.7,8.2,84.2,63.0,3.4,none,postgraduate,yes,no,public,64.4
1514,0.8,5.5,95.7,61.0,3.3,none,graduate,no,no,public,45.0
1515,2.3,7.7,95.8,71.0,3.6,none,school,no,no,private,54.3
1516,1.8,5.8,93.0,79.0,7.6,weekly,college,yes,no,private,59.5
1517,1.6,4.1,96.0,58.0,4.5,none,graduate,no,no,private,47.4
1518,3.2,3.9,96.5,56.0,1.9,none,graduate,yes,no,public,38.1
1519,1.8,7.5,93.6,61.0,4.4,weekly,graduate,yes,no,public,61.8
1520,6.5,5.2,97.7,56.0,2.3,weekly,school,yes,yes,private,60.7
1521,2.9,,93.1,60.0,1.2,weekly,school,yes,no,public,47.5
1522,0.8,7.9,97.7,56.0,6.2,weekly,graduate,yes,yes,private,55.6
1523,0.5,,90.0,63.0,6.0,weekly,college,yes,yes,private,59.2
1524,0.9,9.8,86.3,67.0,4.8,weekly,postgraduate,no,yes,public,54.6
1525,3.3,6.3,87.9,81.0,4.1,none,graduate,yes,no,public,66.0
1526,6.7,9.0,99.7,55.0,2.5,none,graduate,yes,yes,public,65.1
1527,2.0,7.1,88.1,48.0,3.1,weekly,school,yes,no,private,44.5
1528,0.6,5.9,97.3,63.0,2.8,weekly,school,yes,no,private,53.2
1529,0.3,6.1,96.4,59.0,4.6,none,college,yes,yes,public,53.2
1530,4.3,6.3,99.5,54.0,5.9,none,graduate,no,no,public,58.7
1531,2.1,5.8,99.0,68.0,2.5,none,college,yes,no,private,57.9
1532,3.2,7.0,98.2,51.0,7.0,none,school,no,no,public,55.2
1533,1.9,6.8,95.6,78.0,4.0,daily,graduate,yes,no,public,58.8
1534,4.7,4.6,96.8,74.0,5.8,none,postgraduate,yes,yes,public,57.2
1535,5.2,6.3,88.3,58.0,4.7,none,college,yes,yes,private,60.1
1536,3.1,5.2,95.1,69.0,2.9,daily,school,yes,no,public,58.6
1537,3.7,7.0,98.4,58.0,8.9,none,school,yes,yes,public,55.6
1538,1.8,7.3,96.5,41.0,3.3,weekly,school,yes,no,public,46.8
1539,6.1,8.3,93.6,65.0,0.8,none,,yes,no,private,61.5
1540,2.2,7.3,91.5,88.0,3.4,none,graduate,yes,no,public,52.6
1541,1.1,8.4,98.8,53.0,3.9,none,graduate,yes,no,private,42.0
1542,7.2,6.4,92.2,76.0,9.0,none,school,yes,yes,private,67.0
1543,5.3,5.2,97.7,91.0,2.0,none,graduate,yes,no,private,67.9
1544,2.7,7.7,87.4,72.0,3.8,none,college,yes,no,public,58.6
1545,4.0,7.7,87.1,47.0,2.6,none,college,no,no,private,47.8
1546,0.2,6.7,97.9,87.0,2.7,weekly,school,yes,yes,private,66.1
1547,3.5,9.2,82.2,53.0,0.6,none,school,yes,no,public,43.7
1548,4.6,5.6,95.2,75.0,,weekly,college,yes,no,public,71.3
1549,5.5,7.0,84.3,64.0,2.2,weekly,school,yes,no,public,66.5
1550,2.5,5.8,97.8,56.0,1.5,none,college,yes,no,public,48.8
1551,2.1,5.4,94.6,85.0,4.3,daily,school,yes,no,public,60.1
1552,4.4,6.8,95.4,59.0,5.4,none,postgraduate,yes,no,public,58.3
1553,2.3,5.8,96.1,63.0,0.9,none,college,no,no,public,41.4
1554,2.9,8.8,86.5,68.0,7.1,weekly,college,yes,no,public,57.3
1555,0.5,6.0,92.1,55.0,4.5,none,graduate,yes,no,public,43.7
1556,6.3,7.1,94.9,61.0,1.2,weekly,college,yes,no,private,66.1
1557,3.3,7.6,91.0,58.0,0.8,none,postgraduate,yes,no,private,55.5
1558,3.4,6.7,75.7,51.0,1.9,daily,school,yes,no,private,45.5
1559,6.0,8.7,75.6,62.0,5.7,none,school,yes,yes,public,63.1
1560,4.5,7.2,92.0,84.0,4.1,weekly,school,yes,yes,private,74.6
1561,1.9,,87.6,67.0,,daily,graduate,no,yes,public,59.8
1562,0.6,7.7,98.6,64.0,0.9,daily,school,yes,yes,public,45.4
1563,5.1,5.8,96.9,59.0,5.0,weekly,postgraduate,no,yes,public,66.9
1564,0.9,5.5,94.0,71.0,8.7,weekly,college,yes,no,public,37.6
1565,3.1,6.9,95.7,51.0,4.7,weekly,school,no,no,private,61.5
1566,3.0,5.6,86.2,70.0,4.6,none,postgraduate,yes,yes,private,55.6
1567,1.5,6.5,94.6,82.0,2.2,none,school,no,no,private,60.4
1568,4.8,4.7,97.8,87.0,4.7,daily,postgraduate,yes,no,private,87.3
1569,4.5,9.0,86.3,60.0,5.3,none,graduate,no,no,public,54.4
1570,5.1,7.2,98.5,69.0,4.1,none,graduate,yes,yes,public,62.0
1571,1.5,6.8,97.2,82.0,5.3,none,postgraduate,yes,no,private,70.6
1572,3.9,7.5,98.7,66.0,4.9,none,school,yes,no,public,56.3
1573,3.2,8.7,83.0,75.0,1.3,none,graduate,yes,no,public,68.9
1574,3.2,5.8,89.8,92.0,3.7,none,graduate,yes,yes,public,73.6
1575,3.5,7.2,97.0,72.0,2.2,weekly,school,yes,yes,public,53.0
1576,1.2,8.9,90.5,75.0,2.8,weekly,graduate,yes,no,private,59.0
1577,3.1,3.4,88.0,63.0,1.3,none,postgraduate,yes,yes,public,44.0
1578,0.3,7.6,97.9,61.0,1.6,none,postgraduate,yes,no,public,55.2
1579,1.1,6.5,98.1,55.0,3.5,none,school,no,no,private,41.6
1580,2.4,6.5,87.4,64.0,5.6,weekly,graduate,yes,yes,private,63.6
1581,1.4,4.9,88.8,89.0,9.1,daily,postgraduate,no,no,public,65.8
1582,4.6,7.5,96.0,63.0,3.8,none,school,yes,yes,public,55.0
1583,1.6,7.3,96.8,54.0,5.2,none,graduate,yes,no,private,58.4
1584,9.5,8.4,99.2,90.0,0.5,none,graduate,no,no,public,72.7
1585,3.6,7.6,81.5,69.0,3.5,daily,postgraduate,yes,yes,public,68.5
1586,2.4,6.4,95.9,75.0,14.0,none,college,no,no,public,45.4
1587,1.7,6.1,89.7,72.0,6.1,none,,yes,no,public,59.9
1588,3.3,7.1,79.6,73.0,3.1,none,college,yes,yes,private,59.9
1589,1.8,5.0,93.7,61.0,0.6,none,college,yes,yes,public,45.4
1590,4.6,4.8,94.2,68.0,3.4,weekly,school,no,no,public,60.1
1591,2.6,,94.2,68.0,5.4,none,postgraduate,no,yes,private,61.5
1592,6.1,6.0,87.0,90.0,7.6,none,school,yes,no,public,74.4
1593,0.6,5.3,97.7,58.0,2.5,weekly,graduate,yes,yes,public,43.0
1594,1.2,7.3,88.0,50.0,1.3,none,college,yes,yes,public,53.2
1595,2.3,5.5,97.7,59.0,3.7,none,school,no,yes,public,43.1
1596,5.1,7.0,91.0,45.0,1.6,daily,college,yes,yes,public,59.5
1597,1.6,5.8,79.9,53.0,4.1,daily,college,yes,yes,public,45.7
1598,9.8,5.8,79.5,82.0,2.8,none,,yes,yes,public,74.3
1599,2.8,,87.7,68.0,1.6,none,college,no,yes,private,46.6
1600,6.9,5.5,91.5,59.0,3.5,none,college,no,no,public,50.8
1601,6.0,5.3,81.9,73.0,5.2,none,college,yes,no,public,56.3
1602,5.3,7.3,97.0,29.0,5.8,weekly,college,yes,yes,private,61.4
1603,1.6,8.3,98.5,66.0,1.9,none,college,yes,no,public,54.7
1604,12.8,6.1,88.0,52.0,6.0,none,graduate,yes,no,public,64.3
1605,5.9,6.3,94.1,86.0,3.3,none,postgraduate,yes,no,public,74.5
1606,0.7,6.3,89.4,76.0,3.0,weekly,graduate,no,yes,private,63.7
1607,1.3,5.0,79.5,65.0,5.7,weekly,college,yes,no,public,44.3
1608,9.7,8.8,88.0,44.0,6.7,none,school,yes,yes,public,49.1
1609,3.9,6.0,83.8,80.0,3.2,none,graduate,yes,yes,public,61.7
1610,3.8,4.5,90.4,45.0,8.7,weekly,postgraduate,yes,no,private,46.9
1611,3.5,5.5,93.2,59.0,3.8,none,college,yes,no,public,56.9
1612,7.9,6.8,97.7,55.0,2.3,none,graduate,no,no,public,57.3
1613,7.0,5.3,95.7,47.0,0.8,weekly,college,no,no,private,43.6
1614,5.4,7.9,94.7,64.0,3.9,none,school,yes,yes,public,61.9
1615,1.1,5.3,73.6,56.0,3.0,none,college,yes,yes,public,40.1
1616,0.9,9.4,96.3,43.0,2.6,none,graduate,yes,yes,public,42.4
1617,0.3,6.9,95.0,47.0,8.5,daily,school,yes,yes,public,38.8
1618,8.9,6.4,76.1,58.0,3.9,none,college,no,yes,private,55.5
1619,1.4,7.5,94.3,65.0,5.9,weekly,graduate,yes,no,private,68.4
1620,1.8,6.5,91.8,70.0,1.6,none,school,yes,yes,public,59.3
1621,4.3,7.1,98.4,77.0,4.4,none,graduate,yes,yes,public,66.9
1622,1.8,6.0,97.0,50.0,0.3,weekly,college,yes,yes,public,51.9
1623,1.7,7.8,94.7,82.0,7.9,weekly,,yes,yes,private,69.6
1624,2.4,,93.8,51.0,3.5,none,college,yes,yes,public,44.2
1625,4.5,7.5,96.2,79.0,1.7,none,graduate,yes,yes,private,76.4
1626,2.7,6.0,74.9,60.0,0.8,none,school,yes,yes,private,55.6
1627,6.6,6.4,90.9,60.0,5.9,none,graduate,yes,no,private,67.1
1628,9.8,3.9,87.9,75.0,1.6,none,school,no,yes,public,51.2
1629,3.0,7.1,92.2,69.0,1.0,daily,school,yes,no,public,62.2
1630,1.3,,96.5,49.0,0.5,none,school,yes,yes,private,42.5
1631,1.1,7.8,90.7,61.0,4.2,none,school,no,yes,public,51.5
1632,1.6,7.0,86.3,54.0,4.1,none,postgraduate,yes,no,private,57.6
1633,0.9,6.0,95.6,71.0,7.3,daily,graduate,no,yes,public,61.0
1634,5.4,6.9,95.8,100.0,4.0,daily,graduate,yes,no,private,85.3
1635,3.6,8.2,99.8,40.0,1.0,daily,school,yes,no,public,53.9
1636,3.9,8.8,80.3,68.0,0.2,none,school,yes,yes,public,63.1
1637,3.4,6.0,92.8,62.0,6.7,weekly,graduate,yes,yes,private,57.3
1638,2.0,7.8,92.2,79.0,1.0,none,school,yes,yes,public,62.8
1639,3.1,6.8,93.2,36.0,2.5,weekly,graduate,yes,yes,public,41.9
1640,3.1,6.5,97.7,60.0,3.7,none,college,no,no,private,53.7
1641,0.6,7.2,91.1,80.0,1.1,none,graduate,yes,no,public,63.0
1642,5.0,9.2,93.4,72.0,2.8,weekly,graduate,yes,no,private,70.8
1643,9.0,5.3,96.8,65.0,0.8,weekly,school,yes,yes,private,64.9
1644,4.3,6.3,59.5,72.0,1.4,weekly,postgraduate,yes,yes,public,63.9
1645,8.6,7.0,88.2,77.0,1.8,weekly,school,yes,no,private,77.4
1646,1.0,,83.3,76.0,0.9,daily,school,yes,no,private,53.9
1647,7.4,6.1,86.4,60.0,1.5,daily,graduate,no,no,public,67.7
1648,4.5,5.0,85.7,73.0,4.8,weekly,graduate,no,no,public,58.7
1649,4.2,6.9,98.9,53.0,,weekly,college,yes,no,private,67.8
1650,4.3,6.3,88.9,58.0,1.3,daily,graduate,yes,no,private,67.9
1651,2.5,8.1,98.9,61.0,4.5,weekly,postgraduate,yes,no,public,66.2
1652,3.1,7.7,93.1,33.0,4.0,none,college,yes,no,public,42.0
1653,2.8,6.0,96.1,71.0,3.5,daily,school,yes,no,public,67.0
1654,0.6,6.2,91.1,73.0,3.7,none,graduate,yes,yes,private,66.7
1655,2.6,6.2,86.4,34.0,2.2,weekly,,yes,yes,public,44.7
1656,3.7,6.6,91.0,49.0,0.9,none,college,yes,yes,public,58.7
1657,7.0,6.3,98.1,78.0,7.9,none,college,no,no,public,66.4
1658,8.2,7.0,94.0,98.0,1.8,daily,school,no,no,public,87.8
1659,6.4,7.8,90.3,73.0,3.6,none,college,yes,no,public,57.1
1660,2.1,7.0,96.3,48.0,,none,school,yes,yes,private,51.6
1661,5.4,7.4,89.6,43.0,3.8,none,school,yes,no,public,49.3
1662,0.5,7.9,94.2,23.0,1.8,none,college,yes,yes,private,33.9
1663,3.6,8.7,93.7,64.0,2.8,none,school,no,no,private,55.2
1664,4.9,9.3,96.5,52.0,3.3,weekly,school,no,no,public,55.7
1665,0.8,5.4,99.2,46.0,2.6,weekly,school,no,yes,public,40.6
1666,4.9,6.2,91.5,33.0,1.9,none,graduate,yes,yes,private,53.1
1667,0.9,7.5,90.7,44.0,,weekly,school,yes,yes,private,43.1
1668,4.6,7.3,96.3,46.0,6.9,none,school,yes,yes,public,51.8
1669,2.1,7.7,96.7,66.0,2.7,none,school,yes,no,public,58.6
1670,1.6,5.1,78.1,77.0,1.4,none,school,yes,no,private,52.9
1671,4.5,6.2,91.2,31.0,5.1,none,postgraduate,yes,yes,public,41.8
1672,1.6,5.2,93.7,83.0,12.1,weekly,graduate,yes,yes,public,58.6
1673,12.4,6.0,97.9,55.0,4.1,none,postgraduate,yes,yes,public,69.7
1674,6.3,7.0,96.4,75.0,3.3,none,graduate,yes,yes,private,74.4
1675,11.8,4.9,85.4,57.0,1.3,none,school,yes,no,public,59.0
1676,6.6,7.5,80.5,71.0,1.6,none,college,yes,no,private,68.3
1677,0.7,9.5,93.7,45.0,4.4,none,,yes,yes,private,41.1
1678,3.0,8.6,81.2,54.0,2.1,weekly,college,yes,yes,public,49.5
1679,1.5,7.9,98.9,82.0,2.0,weekly,school,yes,no,private,68.6
1680,2.8,6.4,97.4,64.0,1.6,weekly,graduate,yes,yes,private,64.3
1681,1.8,5.5,96.2,71.0,5.2,weekly,school,yes,yes,private,59.2
1682,4.9,9.4,81.4,70.0,9.5,none,school,yes,no,public,53.5
1683,2.2,5.0,94.6,67.0,,weekly,college,yes,no,public,65.1
1684,1.7,8.9,88.9,73.0,2.8,none,college,yes,yes,private,58.1
1685,2.4,6.9,94.7,75.0,1.6,none,school,no,no,private,60.7
1686,1.7,4.9,97.6,47.0,0.8,none,graduate,yes,yes,private,44.9
1687,7.8,7.3,95.9,68.0,1.7,daily,school,yes,no,private,69.7
1688,1.8,10.0,97.6,58.0,1.3,none,college,yes,yes,private,52.4
1689,5.1,7.9,74.5,43.0,7.2,none,postgraduate,yes,no,public,49.3
1690,4.0,6.8,68.9,66.0,1.3,none,college,yes,yes,private,69.2
1691,5.0,5.3,95.9,53.0,4.1,weekly,graduate,yes,yes,public,53.0
1692,0.9,8.3,99.1,70.0,7.0,none,school,yes,no,private,56.6
1693,1.8,7.1,89.6,73.0,3.2,none,school,yes,no,public,52.3
1694,6.8,8.9,99.5,76.0,3.5,weekly,postgraduate,no,no,public,69.4
1695,4.9,7.1,94.5,62.0,8.8,weekly,postgraduate,no,no,private,59.4
1696,2.5,8.4,96.1,46.0,1.0,none,school,no,no,private,42.4
1697,2.1,4.2,94.1,63.0,3.2,none,college,yes,no,private,40.0
1698,1.5,4.1,93.2,75.0,1.1,none,school,no,no,public,39.9
1699,1.6,4.8,89.9,62.0,4.3,none,,no,no,private,48.8
1700,6.0,7.6,98.3,100.0,1.4,weekly,college,yes,yes,public,100.0
1701,2.7,9.2,96.3,51.0,2.2,weekly,college,yes,no,public,57.0
1702,3.5,3.0,92.4,65.0,1.0,none,school,yes,yes,public,37.8
1703,3.4,9.1,95.0,55.0,2.5,weekly,school,yes,no,private,47.7
1704,2.8,8.2,96.8,55.0,0.6,daily,college,yes,yes,public,64.3
1705,4.5,6.0,77.2,77.0,9.3,none,school,yes,no,public,55.9
1706,1.2,7.3,94.7,64.0,10.1,none,graduate,yes,yes,public,54.1
1707,2.7,9.5,92.4,86.0,2.3,weekly,postgraduate,yes,yes,public,71.4
1708,5.7,5.2,75.1,70.0,2.7,weekly,college,no,no,public,56.7
1709,6.4,4.6,96.0,70.0,4.5,weekly,school,yes,no,public,60.0
1710,3.5,7.1,83.1,55.0,7.4,weekly,graduate,yes,yes,private,60.1
1711,2.1,7.0,79.1,50.0,7.7,none,school,yes,yes,private,46.9
1712,4.0,5.7,99.2,72.0,1.7,weekly,,no,no,private,56.0
1713,4.0,8.6,95.8,68.0,2.5,none,graduate,yes,no,public,53.1
1714,2.8,4.0,93.3,64.0,4.5,weekly,college,yes,no,private,49.2
1715,2.1,6.4,78.7,61.0,5.1,none,college,yes,no,public,53.6
1716,1.2,7.9,90.6,59.0,3.5,weekly,graduate,yes,yes,public,49.6
1717,1.4,6.2,90.5,82.0,4.9,none,graduate,yes,yes,public,61.5
1718,1.1,7.9,90.6,51.0,4.9,none,graduate,yes,yes,public,56.6
1719,6.5,6.8,96.8,66.0,0.9,none,graduate,yes,yes,private,77.3
1720,4.0,6.9,93.8,88.0,1.0,none,school,yes,no,private,75.7
1721,5.6,8.3,90.9,73.0,5.1,none,college,yes,yes,public,68.6
1722,3.7,5.8,97.7,69.0,2.1,none,graduate,yes,yes,public,62.4
1723,7.8,8.0,81.6,67.0,8.4,none,school,yes,yes,private,60.5
1724,7.0,6.6,87.6,64.0,1.2,weekly,college,yes,no,public,60.9
1725,1.7,,90.7,68.0,0.3,weekly,school,yes,no,public,56.4
1726,3.6,7.7,96.5,84.0,3.2,none,college,yes,yes,public,70.5
1727,4.3,7.3,93.6,37.0,4.4,none,college,yes,yes,private,47.6
1728,2.1,5.6,91.9,59.0,1.0,weekly,college,yes,no,public,56.9
1729,2.9,6.0,98.0,80.0,2.2,weekly,college,no,yes,public,70.2
1730,3.3,7.8,99.9,54.0,3.3,none,school,no,no,public,49.7
1731,4.1,7.3,96.4,79.0,2.4,daily,graduate,yes,no,public,71.4
1732,3.2,8.7,89.2,70.0,7.8,daily,college,yes,no,private,65.4
1733,3.2,7.8,78.0,63.0,8.0,none,postgraduate,yes,no,private,60.0
1734,1.6,7.3,93.5,73.0,5.9,none,postgraduate,yes,yes,private,60.9
1735,3.5,6.5,86.3,65.0,5.1,none,school,yes,yes,private,50.3
1736,6.3,4.3,71.1,48.0,4.0,none,school,yes,no,public,35.6
1737,8.2,8.0,88.2,83.0,3.4,none,college,no,no,public,72.0
1738,0.8,6.8,69.2,69.0,,none,school,yes,yes,public,49.0
1739,3.1,8.5,87.1,86.0,5.7,none,college,no,yes,public,67.3
1740,1.4,8.2,97.5,67.0,2.5,weekly,school,yes,no,public,62.8
1741,2.4,7.7,83.7,54.0,11.6,daily,postgraduate,yes,no,public,51.2
1742,4.4,7.1,87.8,65.0,7.8,weekly,school,yes,yes,private,67.1
1743,1.2,,81.7,77.0,5.8,none,postgraduate,yes,yes,private,66.6
1744,1.9,8.0,84.7,85.0,3.1,weekly,graduate,no,no,private,74.2
1745,2.1,3.0,95.4,57.0,8.0,none,college,yes,no,private,35.5
1746,3.0,6.7,94.7,55.0,8.3,weekly,graduate,yes,yes,public,57.3
1747,3.6,7.2,97.6,53.0,2.7,daily,school,yes,no,private,61.5
1748,5.6,6.7,90.5,86.0,3.0,daily,college,yes,no,public,77.9
1749,0.8,8.5,99.3,69.0,1.7,weekly,school,yes,no,private,60.0
1750,6.8,6.1,96.3,64.0,1.7,none,graduate,yes,yes,private,60.0
1751,2.0,7.0,88.3,67.0,1.3,weekly,college,yes,yes,public,54.9
1752,2.9,6.4,98.5,80.0,3.7,none,college,yes,yes,public,63.0
1753,3.3,7.4,99.0,50.0,4.5,none,graduate,yes,yes,public,49.8
1754,2.2,6.6,82.3,61.0,2.4,none,graduate,yes,no,private,52.3
1755,2.2,,73.6,59.0,1.5,weekly,graduate,no,no,public,55.6
1756,1.4,7.3,95.0,73.0,0.9,none,graduate,yes,yes,private,59.5
1757,7.3,3.9,89.7,41.0,1.4,daily,school,no,no,public,43.9
1758,11.9,6.2,85.1,60.0,2.9,weekly,,yes,yes,private,59.2
1759,6.3,7.7,90.5,74.0,5.3,weekly,college,no,yes,private,66.0
1760,1.6,5.5,97.0,57.0,11.5,daily,graduate,yes,yes,public,55.0
1761,1.3,7.5,91.3,60.0,3.5,none,postgraduate,yes,yes,public,59.3
1762,3.9,6.3,96.0,61.0,1.8,weekly,school,yes,no,public,61.1
1763,6.6,6.8,96.4,59.0,3.1,none,graduate,yes,yes,public,63.5
1764,2.8,7.0,86.6,64.0,4.6,daily,school,yes,no,public,59.7
1765,4.3,6.0,93.1,63.0,3.6,weekly,college,no,no,public,54.6
1766,3.0,5.1,93.0,58.0,1.4,weekly,school,yes,yes,public,48.9
1767,6.3,8.6,96.8,69.0,5.9,weekly,college,yes,yes,public,66.3
1768,6.3,8.1,98.5,85.0,1.5,none,graduate,yes,yes,public,77.4
1769,8.6,7.7,92.1,52.0,3.8,daily,college,yes,yes,private,67.8
1770,8.4,7.1,93.7,81.0,2.1,daily,school,yes,yes,public,83.8
1771,0.7,7.2,96.8,71.0,6.9,daily,school,yes,yes,public,60.6
1772,3.7,6.4,98.9,61.0,7.1,none,school,no,no,private,57.5
1773,3.1,6.7,96.8,49.0,3.0,none,graduate,yes,yes,private,50.0
1774,8.5,8.6,98.0,59.0,2.5,none,school,yes,no,private,67.9
1775,3.0,7.9,89.4,52.0,6.7,none,graduate,yes,no,public,57.9
1776,3.0,5.8,98.5,40.0,3.4,none,postgraduate,yes,no,private,51.6
1777,5.1,5.6,91.5,58.0,6.0,none,postgraduate,yes,no,private,58.8
1778,0.4,5.9,94.0,56.0,4.9,none,graduate,no,yes,private,44.9
1779,2.9,8.3,99.2,57.0,,none,graduate,yes,no,public,60.6
1780,1.6,9.2,89.6,41.0,2.0,none,graduate,yes,no,private,47.4
1781,1.9,5.6,92.9,71.0,4.5,weekly,school,yes,no,private,67.0
1782,5.9,7.7,90.7,54.0,3.5,weekly,graduate,yes,yes,public,67.6
1783,1.9,5.4,93.1,45.0,0.6,daily,college,yes,yes,private,50.8
1784,6.4,5.8,98.9,84.0,7.0,none,graduate,yes,no,public,65.5
1785,1.7,5.7,88.6,69.0,3.7,weekly,graduate,no,yes,public,61.4
1786,2.2,9.6,95.4,51.0,3.5,none,postgraduate,yes,no,public,48.0
1787,2.2,,89.5,72.0,2.2,none,college,yes,no,public,54.5
1788,4.6,6.6,81.9,61.0,3.1,none,graduate,yes,yes,public,65.1
1789,3.3,6.2,87.8,56.0,5.9,none,graduate,yes,yes,private,57.4
1790,5.1,5.9,84.1,68.0,3.8,none,graduate,yes,yes,public,54.3
1791,1.1,7.0,87.5,63.0,6.9,none,graduate,yes,yes,private,56.8
1792,4.2,7.2,99.5,50.0,3.1,none,college,yes,no,public,54.8
1793,2.6,8.3,82.0,74.0,7.5,weekly,school,yes,no,public,59.7
1794,2.9,7.2,97.4,41.0,3.8,weekly,,yes,no,public,49.9
1795,4.9,6.5,82.3,55.0,6.7,weekly,school,yes,no,public,54.2
1796,1.1,,79.8,59.0,4.2,none,postgraduate,no,no,private,57.9
1797,2.3,6.8,97.3,49.0,2.1,none,graduate,yes,yes,private,64.6
1798,1.6,6.3,85.1,46.0,1.1,daily,school,yes,yes,private,46.2
1799,5.5,6.4,79.5,36.0,7.8,none,college,no,no,public,43.8
1800,5.3,9.4,99.6,80.0,2.1,weekly,school,no,no,public,63.2
1801,0.8,7.1,91.2,55.0,5.3,none,school,yes,no,private,50.1
1802,1.9,7.1,98.5,79.0,2.0,none,graduate,yes,yes,public,66.1
1803,2.2,5.0,86.6,65.0,2.3,daily,college,no,no,private,56.7
1804,1.0,7.6,97.5,60.0,1.0,daily,postgraduate,no,no,private,55.4
1805,1.9,7.6,93.5,45.0,9.5,none,postgraduate,yes,no,private,43.1
1806,2.6,6.1,96.6,41.0,3.4,weekly,school,yes,no,public,45.4
1807,9.7,9.5,91.3,77.0,2.2,none,school,yes,no,private,77.4
1808,4.6,8.2,76.8,75.0,3.5,none,school,yes,no,private,62.5
1809,2.5,4.5,87.8,73.0,3.7,weekly,college,yes,no,public,57.0
1810,7.9,5.0,93.3,62.0,1.8,weekly,graduate,yes,no,public,57.6
1811,1.8,5.8,95.7,64.0,4.3,daily,school,yes,yes,private,62.4
1812,1.9,6.8,75.9,60.0,1.9,none,postgraduate,yes,yes,private,47.5
1813,3.5,7.4,89.7,82.0,6.1,none,college,yes,yes,public,69.0
1814,4.7,8.0,88.1,73.0,3.0,daily,school,yes,yes,private,69.7
1815,1.3,7.1,98.1,83.0,0.9,weekly,college,no,yes,public,61.9
1816,3.1,7.2,93.2,68.0,5.9,daily,college,no,yes,public,70.2
1817,2.1,7.9,93.5,54.0,0.8,weekly,school,yes,no,private,48.2
1818,4.3,8.0,97.9,38.0,2.8,none,college,no,no,public,45.7
1819,7.4,7.1,82.6,43.0,5.5,none,school,yes,no,public,45.2
1820,3.7,8.4,97.4,69.0,4.7,none,school,yes,no,private,63.5
1821,5.7,7.7,72.7,57.0,9.8,weekly,graduate,yes,yes,private,56.9
1822,1.1,6.7,94.0,75.0,0.9,none,postgraduate,yes,no,public,62.9
1823,0.8,6.4,93.5,66.0,2.9,weekly,college,yes,yes,public,58.4
1824,1.7,7.8,97.4,71.0,,weekly,school,yes,yes,private,60.8
1825,8.8,5.8,92.6,79.0,4.4,none,graduate,yes,yes,private,68.1
1826,2.2,7.2,95.9,73.0,2.9,none,college,no,no,public,59.8
1827,2.6,6.7,84.9,73.0,5.8,none,postgraduate,yes,yes,public,63.0
1828,4.4,8.3,93.7,90.0,1.9,none,graduate,yes,yes,public,70.8
1829,5.0,7.3,72.8,76.0,4.4,weekly,school,no,no,public,65.2
1830,1.9,6.7,87.3,66.0,4.4,none,postgraduate,yes,no,public,57.3
1831,3.9,5.8,73.1,75.0,9.2,none,graduate,yes,no,private,54.9
1832,1.5,6.4,98.9,77.0,1.7,daily,graduate,yes,yes,public,65.9
1833,1.0,8.8,98.3,79.0,4.2,weekly,graduate,yes,yes,private,66.4
1834,2.3,6.1,98.0,65.0,1.5,none,graduate,yes,yes,public,57.8
1835,4.6,6.9,84.8,67.0,2.6,none,graduate,yes,no,private,64.2
1836,4.0,6.2,90.8,84.0,0.6,weekly,school,yes,no,private,68.2
1837,3.5,6.7,98.8,52.0,3.7,weekly,graduate,yes,no,public,65.5
1838,0.5,9.0,93.9,91.0,2.8,daily,graduate,no,no,public,69.2
1839,3.1,5.2,97.8,66.0,2.3,none,college,yes,yes,public,57.6
1840,4.0,6.0,90.2,69.0,3.3,none,school,yes,yes,private,59.7
1841,3.1,5.5,91.4,65.0,4.5,none,college,yes,no,private,51.3
1842,3.8,7.0,96.9,73.0,1.1,weekly,college,yes,no,public,64.3
1843,4.8,7.4,93.3,61.0,2.0,none,postgraduate,yes,yes,public,65.8
1844,5.9,5.5,89.8,60.0,9.3,none,college,no,yes,private,55.2
1845,3.5,5.7,84.4,63.0,2.2,none,school,yes,yes,private,60.3
1846,3.2,,96.8,72.0,3.3,weekly,school,yes,no,public,61.2
1847,8.7,7.4,95.4,73.0,1.3,weekly,school,yes,yes,private,82.1
1848,3.6,5.6,97.6,40.0,7.8,weekly,school,yes,yes,public,44.3
1849,1.5,6.1,94.8,64.0,2.8,none,college,yes,no,public,48.2
1850,2.2,5.6,98.9,48.0,2.6,daily,college,no,no,public,54.2
1851,3.3,4.8,74.3,39.0,2.4,none,college,yes,no,public,36.8
1852,6.0,6.3,91.8,72.0,2.4,none,graduate,yes,yes,private,76.8
1853,2.7,4.4,84.4,66.0,4.3,none,college,no,no,public,46.2
1854,5.9,6.6,93.6,63.0,2.3,none,school,yes,no,public,52.4
1855,2.5,,88.4,56.0,9.2,none,school,yes,yes,public,46.9
1856,2.4,7.4,88.9,59.0,7.5,weekly,graduate,yes,yes,public,53.4
1857,5.7,6.9,91.3,62.0,5.3,none,school,yes,no,private,61.6
1858,1.3,5.7,96.5,68.0,2.5,none,school,yes,no,public,46.6
1859,7.2,6.5,89.5,54.0,2.8,none,college,no,yes,public,56.6
1860,2.8,5.9,93.1,80.0,3.9,weekly,postgraduate,yes,no,private,68.7
1861,15.6,6.3,93.2,61.0,4.1,none,graduate,yes,no,public,74.4
1862,2.0,5.8,78.0,83.0,4.4,none,college,no,yes,public,57.4
1863,2.2,6.7,93.9,59.0,2.3,none,college,no,no,public,46.1
1864,2.1,7.4,92.9,43.0,2.2,none,college,yes,yes,private,46.0
1865,1.8,6.8,95.2,57.0,4.7,weekly,college,yes,no,public,55.7
1866,1.3,6.0,95.8,66.0,0.8,none,college,yes,no,public,55.5
1867,2.8,7.2,94.1,79.0,0.9,weekly,postgraduate,yes,no,private,69.5
1868,9.0,5.5,94.6,81.0,2.6,none,graduate,yes,yes,private,80.6
1869,3.0,7.9,93.8,62.0,5.7,none,college,yes,yes,public,66.1
1870,1.4,7.6,91.3,79.0,2.6,weekly,school,yes,yes,public,65.9
1871,1.8,8.1,93.9,78.0,1.1,none,school,yes,yes,private,61.6
1872,1.4,6.0,99.6,52.0,6.1,none,college,yes,no,public,53.9
1873,3.6,6.3,96.5,77.0,2.9,weekly,graduate,yes,yes,public,66.7
1874,4.3,5.6,97.1,57.0,3.8,none,graduate,yes,yes,private,48.5
1875,3.0,7.3,71.0,55.0,7.7,none,postgraduate,yes,no,private,60.9
1876,2.9,6.9,98.2,51.0,9.3,daily,college,yes,yes,public,51.7
1877,7.5,6.8,97.6,65.0,0.9,none,college,yes,yes,private,60.8
1878,3.1,6.8,97.7,45.0,3.1,weekly,graduate,yes,no,public,59.5
1879,1.7,6.4,95.7,69.0,6.7,none,college,yes,yes,private,57.4
1880,2.6,6.1,88.0,59.0,1.0,weekly,school,yes,yes,public,67.1
1881,4.3,4.2,93.0,38.0,2.3,none,postgraduate,yes,no,public,42.2
1882,1.6,6.9,79.2,72.0,4.5,none,school,no,no,public,52.9
1883,5.9,,83.3,77.0,,weekly,school,yes,no,public,66.5
1884,2.3,5.4,82.5,64.0,1.6,weekly,school,yes,no,public,38.6
1885,4.3,7.9,99.2,82.0,1.1,none,graduate,yes,no,public,68.8
1886,2.5,5.5,84.2,100.0,5.2,weekly,postgraduate,yes,yes,private,68.0
1887,1.9,6.0,81.9,48.0,1.1,weekly,,yes,no,private,52.9
1888,3.0,4.6,89.5,62.0,1.0,none,graduate,yes,no,private,57.5
1889,3.6,6.4,92.5,53.0,5.8,weekly,school,yes,yes,private,54.8
1890,1.3,,98.1,87.0,,daily,college,yes,yes,public,60.2
1891,2.9,7.5,78.2,58.0,0.7,weekly,school,yes,yes,public,53.8
1892,0.9,7.4,96.3,75.0,4.3,daily,,yes,yes,private,71.0
1893,2.1,7.1,81.4,63.0,0.6,none,school,yes,yes,public,60.2
1894,3.8,6.6,91.3,77.0,3.8,none,school,yes,yes,public,47.9
1895,1.0,6.8,88.1,86.0,2.8,weekly,graduate,yes,no,private,62.4
1896,3.9,7.6,88.1,66.0,2.1,weekly,graduate,yes,yes,public,57.3
1897,0.5,5.7,97.2,61.0,3.4,weekly,graduate,yes,yes,private,50.2
1898,3.6,,99.8,78.0,1.5,none,graduate,yes,no,private,77.3
1899,0.4,6.5,95.9,70.0,4.2,weekly,college,yes,yes,public,68.8
1900,6.3,5.4,94.9,48.0,3.2,none,postgraduate,no,no,public,48.2
1901,3.2,6.5,97.7,59.0,4.6,none,college,yes,no,private,54.3
1902,2.0,,97.2,91.0,1.8,none,,yes,no,private,68.7
1903,5.4,8.7,97.5,88.0,1.7,weekly,postgraduate,yes,yes,public,72.6
1904,4.6,6.6,94.8,74.0,2.1,weekly,college,yes,no,private,66.6
1905,4.0,8.0,93.4,45.0,1.2,weekly,school,yes,yes,private,48.2
1906,5.3,8.8,96.4,75.0,2.1,none,college,yes,no,public,57.9
1907,0.9,7.3,94.6,64.0,0.5,none,graduate,yes,yes,public,59.3
1908,5.2,7.4,79.7,48.0,5.3,none,postgraduate,yes,no,public,57.3
1909,6.2,6.9,98.6,76.0,,weekly,graduate,yes,no,public,78.4
1910,3.4,5.8,88.9,68.0,2.7,weekly,college,yes,yes,public,59.4
1911,6.1,7.7,88.5,61.0,6.2,weekly,graduate,yes,yes,private,61.2
1912,13.2,8.3,86.7,66.0,8.1,weekly,school,yes,yes,private,59.7
1913,3.4,5.1,69.1,69.0,,none,graduate,yes,yes,public,52.5
1914,1.1,4.7,94.3,40.0,4.2,none,graduate,yes,no,private,36.8
1915,4.9,8.0,98.7,62.0,5.9,daily,postgraduate,yes,no,private,72.8
1916,2.0,5.9,71.4,47.0,2.7,weekly,postgraduate,no,no,public,44.4
1917,1.1,7.0,94.2,42.0,3.7,weekly,college,yes,no,private,37.2
1918,6.3,7.3,96.3,73.0,1.0,weekly,college,yes,yes,public,78.8
1919,1.7,5.0,97.5,67.0,4.2,none,postgraduate,yes,yes,public,46.4
1920,1.1,5.5,92.2,61.0,6.1,weekly,school,yes,yes,public,45.6
1921,0.8,6.9,89.8,40.0,4.8,none,school,yes,no,public,43.0
1922,4.9,7.1,99.9,66.0,3.9,daily,college,yes,no,private,67.6
1923,3.7,7.4,88.3,71.0,4.6,weekly,graduate,no,no,public,61.2
1924,7.9,4.9,80.6,72.0,2.3,none,college,yes,no,public,61.1
1925,3.2,6.9,89.2,51.0,3.5,none,college,no,no,public,54.1
1926,3.8,6.8,96.0,41.0,4.4,weekly,postgraduate,yes,no,public,61.4
1927,6.5,7.2,89.9,73.0,3.7,weekly,school,yes,no,private,63.1
1928,3.7,7.2,97.9,93.0,3.1,none,graduate,yes,no,public,73.9
1929,6.5,6.9,94.4,66.0,3.7,none,postgraduate,no,yes,private,65.8
1930,3.3,8.2,89.2,35.0,4.5,none,school,yes,yes,public,48.6
1931,11.7,7.5,97.6,71.0,4.7,weekly,graduate,yes,no,public,82.9
1932,1.2,9.5,95.7,65.0,4.8,none,graduate,yes,no,private,52.6
1933,0.4,6.7,82.1,85.0,5.5,weekly,college,yes,no,public,52.6
1934,1.8,5.7,92.6,67.0,1.9,none,graduate,no,no,private,50.5
1935,0.6,7.7,95.0,72.0,4.2,weekly,graduate,yes,yes,private,64.6
1936,0.9,6.9,94.4,83.0,2.5,weekly,school,yes,yes,public,68.3
1937,4.2,6.8,94.5,51.0,4.6,none,college,yes,no,public,48.7
1938,5.8,9.1,91.3,57.0,6.3,weekly,graduate,yes,no,public,61.2
1939,0.3,7.3,91.9,48.0,2.4,daily,school,yes,no,public,50.2
1940,1.4,6.3,93.9,58.0,2.3,weekly,graduate,yes,yes,public,48.9
1941,0.9,6.5,94.0,71.0,6.1,none,graduate,yes,no,private,57.7
1942,0.9,6.9,87.6,66.0,1.1,none,postgraduate,yes,no,private,51.7
1943,7.1,7.0,92.1,68.0,3.8,none,graduate,yes,no,public,66.4
1944,3.3,5.7,86.3,78.0,1.6,none,postgraduate,no,no,public,63.9
1945,10.1,5.5,92.0,62.0,1.9,none,postgraduate,yes,no,public,68.6
1946,1.2,6.5,96.2,79.0,6.8,weekly,school,yes,no,public,53.7
1947,3.8,6.8,97.6,69.0,2.9,none,graduate,yes,no,private,68.2
1948,4.8,6.8,93.7,61.0,5.2,weekly,graduate,yes,yes,private,72.6
1949,9.5,6.1,93.6,66.0,6.8,none,college,yes,no,public,63.6
1950,0.7,5.1,94.3,50.0,3.1,daily,postgraduate,no,no,public,50.5
1951,5.0,7.0,93.8,77.0,2.7,none,school,yes,no,public,66.1
1952,8.2,7.7,96.0,66.0,3.6,none,graduate,yes,no,private,68.8
1953,0.7,7.2,91.5,72.0,3.0,none,school,yes,yes,public,51.3
1954,2.2,6.7,96.3,62.0,3.3,none,graduate,yes,no,private,51.1
1955,5.4,6.9,96.0,50.0,3.9,none,college,no,no,public,56.8
1956,0.9,7.3,95.0,69.0,2.6,none,college,yes,yes,public,53.4
1957,4.9,5.4,91.0,44.0,5.4,daily,college,yes,yes,private,54.6
1958,1.6,6.7,93.8,82.0,4.2,none,postgraduate,yes,no,public,65.6
1959,4.8,9.7,94.9,73.0,3.9,daily,school,yes,yes,public,59.1
1960,4.7,4.8,98.3,60.0,3.9,weekly,college,no,no,public,48.7
1961,3.7,8.2,84.4,57.0,1.9,none,college,no,yes,private,46.1
1962,3.8,6.5,95.5,68.0,2.3,none,college,no,no,private,62.6
1963,1.6,8.4,92.8,60.0,5.0,weekly,graduate,yes,yes,public,55.9
1964,7.8,7.8,97.0,76.0,7.9,none,graduate,yes,no,public,75.9
1965,1.7,8.4,83.5,71.0,1.9,weekly,college,no,yes,public,58.1
1966,3.2,6.2,82.7,100.0,6.0,none,graduate,yes,no,public,74.6
1967,6.0,5.2,94.0,56.0,3.6,weekly,graduate,yes,no,public,53.6
1968,2.0,5.7,85.9,81.0,1.3,none,college,yes,yes,public,63.1
1969,1.6,6.8,93.7,79.0,3.4,weekly,college,yes,no,private,58.9
1970,1.9,6.3,95.4,78.0,1.0,weekly,graduate,yes,yes,private,69.0
1971,5.9,7.8,93.3,51.0,1.6,none,college,no,yes,public,51.4
1972,6.6,7.5,99.6,68.0,1.6,none,college,yes,yes,private,67.1
1973,0.6,5.8,82.3,84.0,4.0,daily,graduate,yes,no,public,53.6
1974,3.3,6.4,80.8,44.0,9.1,none,graduate,no,no,public,40.0
1975,0.7,4.4,84.8,68.0,1.5,daily,school,yes,no,public,51.6
1976,1.7,,65.3,67.0,1.2,none,school,yes,yes,public,56.3
1977,2.6,7.0,97.4,44.0,5.0,none,postgraduate,yes,yes,private,48.6
1978,4.7,7.0,66.4,65.0,6.6,none,school,yes,yes,public,56.3
1979,2.0,5.1,85.3,89.0,4.0,none,postgraduate,no,no,public,60.5
1980,4.3,5.4,94.7,72.0,3.9,none,graduate,yes,no,private,65.6
1981,1.4,8.4,89.7,92.0,11.7,weekly,school,yes,no,public,66.8
1982,1.3,6.7,97.2,42.0,,weekly,,yes,no,private,49.7
1983,0.7,7.3,93.0,73.0,3.1,weekly,school,no,no,public,56.1
1984,3.1,8.6,85.3,58.0,5.7,weekly,graduate,yes,yes,public,53.4
1985,3.8,7.3,84.4,56.0,1.7,weekly,college,yes,no,public,59.1
1986,0.2,5.9,67.2,51.0,3.0,weekly,postgraduate,no,no,public,36.8
1987,6.1,,91.4,63.0,5.7,none,school,no,no,private,65.0
1988,4.4,5.5,90.6,51.0,3.2,none,postgraduate,yes,yes,public,45.8
1989,2.0,6.7,83.9,33.0,3.0,weekly,college,yes,yes,public,40.2
1990,2.4,7.1,88.3,62.0,2.0,none,graduate,yes,no,public,47.4
1991,4.2,10.0,93.6,51.0,2.5,daily,graduate,yes,no,public,51.4
1992,5.7,6.2,94.0,57.0,3.1,none,college,yes,no,private,49.7
1993,5.0,6.1,96.7,68.0,3.1,none,college,yes,no,public,65.8
1994,1.0,5.1,96.4,46.0,6.6,weekly,college,yes,no,public,41.0
1995,3.6,6.4,87.7,73.0,2.9,weekly,school,yes,yes,private,67.1
1996,2.3,5.8,93.9,59.0,3.4,none,college,yes,yes,private,56.4
1997,6.6,7.4,92.1,67.0,2.7,weekly,graduate,yes,no,private,71.9
1998,3.5,7.3,78.6,77.0,6.0,none,graduate,yes,yes,private,61.1
1999,4.3,5.5,96.0,79.0,1.6,none,graduate,yes,no,public,64.6
2000,1.4,5.7,96.2,87.0,2.2,weekly,graduate,yes,no,private,70.3
2001,9.7,6.7,94.1,56.0,1.6,none,school,yes,no,public,66.7
2002,5.9,8.0,99.2,44.0,3.3,none,school,yes,no,private,63.6
2003,9.0,4.2,93.3,71.0,1.1,weekly,graduate,no,yes,public,61.6
2004,2.8,7.6,77.6,70.0,1.3,weekly,postgraduate,yes,yes,public,66.2
2005,8.7,5.2,98.2,78.0,6.1,none,graduate,yes,no,public,61.6
2006,1.2,6.2,87.9,76.0,2.0,none,graduate,yes,no,public,67.5
2007,2.5,4.7,99.1,73.0,3.0,none,school,yes,yes,public,50.5
2008,2.3,8.1,98.5,89.0,3.8,weekly,school,yes,yes,private,68.1
2009,2.1,8.4,74.6,73.0,3.9,daily,college,yes,yes,public,64.5
2010,1.1,6.6,85.0,73.0,3.5,weekly,college,yes,yes,private,60.8
2011,0.4,9.1,95.1,57.0,5.7,none,graduate,yes,yes,private,47.5
2012,3.6,7.1,93.2,67.0,4.3,none,school,yes,yes,private,65.6
2013,5.1,7.1,98.6,58.0,6.2,none,college,yes,no,public,63.5
2014,8.2,5.9,84.6,45.0,2.6,daily,college,yes,yes,public,58.2
2015,4.5,6.1,94.9,67.0,4.3,none,graduate,yes,yes,private,66.9
2016,6.3,6.0,86.7,89.0,0.5,daily,school,yes,no,public,67.3
2017,2.4,6.9,98.0,57.0,2.3,none,school,yes,no,public,54.8
2018,1.4,8.0,88.1,58.0,5.1,none,graduate,no,yes,public,57.1
2019,0.7,6.9,87.7,84.0,2.2,none,college,yes,no,public,64.3
2020,2.8,5.8,92.7,50.0,8.0,none,graduate,yes,no,public,45.2
2021,2.2,8.2,81.6,81.0,7.0,weekly,school,yes,no,private,73.4
2022,2.9,7.5,97.9,45.0,2.5,none,school,yes,yes,public,40.2
2023,1.4,,99.3,64.0,3.2,none,postgraduate,no,yes,public,43.9
2024,2.5,6.1,88.2,58.0,1.0,weekly,postgraduate,yes,yes,public,59.5
2025,2.3,7.9,83.0,54.0,7.2,none,school,yes,no,private,54.6
2026,2.5,8.6,89.8,55.0,5.6,none,school,yes,no,public,52.2
2027,5.0,6.6,98.3,76.0,1.3,weekly,college,yes,yes,private,68.8
2028,3.1,6.6,94.3,58.0,0.5,weekly,postgraduate,yes,no,private,65.6
2029,2.8,7.2,92.0,60.0,2.4,none,school,yes,yes,public,49.9
2030,1.9,6.6,97.3,60.0,3.1,weekly,graduate,yes,no,public,57.5
2031,8.5,7.9,95.7,60.0,4.8,none,school,yes,no,private,56.8
2032,1.3,8.0,71.3,64.0,2.4,none,graduate,yes,yes,public,53.0
2033,8.8,7.7,94.4,42.0,1.0,weekly,college,yes,yes,private,65.8
2034,7.6,6.6,73.7,70.0,3.2,none,graduate,no,no,private,67.5
2035,2.7,7.0,99.1,79.0,3.7,none,college,yes,no,private,71.3
2036,3.7,7.3,93.7,46.0,4.8,daily,postgraduate,yes,no,public,54.8
2037,8.9,7.0,96.2,68.0,2.1,none,,no,no,public,72.5
2038,3.4,7.5,96.2,71.0,4.8,weekly,,no,no,public,65.7
2039,1.5,6.3,90.7,64.0,3.6,weekly,postgraduate,yes,no,private,56.0
2040,6.9,6.9,76.1,56.0,2.1,none,graduate,yes,no,public,52.0
2041,6.8,6.8,93.5,21.0,2.6,weekly,college,yes,yes,private,46.6
2042,3.6,6.5,92.4,54.0,8.9,weekly,graduate,yes,yes,private,62.3
2043,4.4,8.3,95.5,68.0,1.2,weekly,graduate,yes,no,public,67.7
2044,0.5,8.9,99.2,75.0,3.5,none,graduate,yes,yes,private,51.7
2045,5.5,8.9,83.4,100.0,2.5,none,school,no,yes,private,78.7
2046,2.8,7.0,90.7,69.0,2.5,none,graduate,yes,no,public,54.8
2047,1.2,5.4,96.1,52.0,3.2,weekly,college,yes,no,public,48.7
2048,2.2,5.7,93.7,75.0,2.1,none,graduate,yes,yes,public,58.6
2049,5.3,6.8,92.6,61.0,1.1,none,college,yes,yes,public,58.4
2050,3.8,6.6,78.9,49.0,0.7,none,college,yes,yes,public,45.7
2051,2.8,5.9,91.6,64.0,6.1,weekly,school,yes,no,public,52.2
2052,4.7,8.9,94.4,74.0,3.6,weekly,school,yes,no,public,62.4
2053,4.0,5.8,99.1,58.0,3.5,daily,college,no,yes,public,63.0
2054,1.6,5.0,93.5,52.0,5.7,weekly,college,no,no,public,45.5
2055,3.8,8.4,99.1,65.0,3.3,weekly,,yes,yes,public,64.5
2056,3.5,6.4,97.1,77.0,4.8,none,school,no,no,private,65.2
2057,8.9,7.6,94.1,46.0,5.2,weekly,school,yes,no,public,60.6
2058,0.8,6.6,86.7,42.0,14.0,weekly,,yes,yes,public,35.8
2059,0.9,7.6,86.7,78.0,5.1,weekly,graduate,yes,no,public,60.6
2060,8.5,4.7,97.2,49.0,1.4,weekly,college,yes,no,public,54.2
2061,1.0,6.6,96.3,71.0,1.3,weekly,school,yes,yes,public,50.0
2062,1.0,7.0,92.7,57.0,1.4,daily,postgraduate,yes,yes,public,63.3
2063,10.2,7.4,77.2,72.0,0.9,none,school,yes,yes,public,62.9
2064,2.5,6.2,91.7,50.0,2.3,none,graduate,yes,yes,private,59.1
2065,1.5,7.7,94.1,57.0,3.0,none,postgraduate,yes,no,private,47.9
2066,4.3,8.2,67.6,60.0,1.6,weekly,postgraduate,yes,no,private,58.9
2067,2.2,7.5,99.7,85.0,0.7,none,postgraduate,yes,no,private,73.7
2068,3.2,7.9,90.0,49.0,2.8,weekly,college,yes,yes,private,55.8
2069,2.0,5.5,80.4,50.0,2.9,none,graduate,yes,yes,private,45.2
2070,4.1,6.3,99.0,54.0,1.1,none,college,yes,no,public,51.5
2071,2.6,8.5,77.1,74.0,3.7,none,college,yes,no,public,56.3
2072,2.8,7.8,96.3,45.0,1.4,none,school,yes,yes,public,49.3
2073,0.5,4.9,80.8,87.0,1.7,none,college,yes,no,private,56.7
2074,4.6,6.0,95.4,55.0,7.2,none,graduate,no,no,private,61.9
2075,1.8,8.6,98.0,48.0,1.2,daily,school,yes,yes,public,45.5
2076,5.7,5.6,83.8,55.0,2.7,weekly,college,yes,yes,public,62.1
2077,4.1,6.7,97.7,64.0,3.1,daily,school,no,no,public,58.9
2078,0.4,5.1,97.0,83.0,1.5,none,school,yes,no,public,53.0
2079,0.8,7.5,97.9,49.0,2.6,none,graduate,yes,no,public,46.3
2080,0.8,7.6,94.8,65.0,2.0,none,graduate,yes,no,public,53.4
2081,11.8,8.3,93.1,65.0,2.1,none,graduate,yes,yes,public,80.2
2082,1.4,7.8,95.4,50.0,7.5,weekly,school,yes,no,public,49.4
2083,1.2,5.1,91.0,49.0,2.6,weekly,,yes,no,private,44.1
2084,3.1,5.6,79.3,79.0,2.9,weekly,college,yes,no,public,66.5
2085,2.5,6.9,81.6,74.0,7.0,weekly,college,no,yes,private,44.6
2086,4.5,6.6,93.9,63.0,,weekly,graduate,no,no,public,52.6
2087,3.9,6.6,84.6,73.0,0.5,none,postgraduate,yes,no,public,73.5
2088,0.6,5.8,99.6,69.0,0.9,none,college,yes,yes,public,45.9
2089,6.9,7.7,89.5,71.0,3.4,none,postgraduate,yes,yes,private,72.1
2090,3.4,8.4,89.4,90.0,1.0,none,college,yes,no,public,68.7
2091,0.6,5.3,98.7,45.0,6.5,none,college,yes,no,public,36.9
2092,4.0,6.2,80.0,66.0,2.3,none,school,yes,no,public,63.2
2093,5.9,6.9,93.2,68.0,6.2,weekly,graduate,yes,no,public,70.2
2094,4.5,7.7,82.4,85.0,0.5,none,school,yes,yes,public,63.5
2095,7.4,7.1,99.0,73.0,2.8,none,postgraduate,yes,yes,public,88.6
2096,3.8,7.3,79.2,69.0,10.8,none,school,no,no,public,47.9
2097,6.8,5.9,80.6,76.0,3.4,none,school,yes,yes,private,64.1
2098,5.0,6.1,89.4,78.0,2.4,none,college,no,no,private,65.9
2099,6.6,7.7,97.3,65.0,,none,school,yes,yes,public,69.9
2100,8.0,8.3,97.8,77.0,4.4,none,graduate,yes,yes,private,77.5
2101,5.6,10.0,83.5,44.0,3.9,none,graduate,yes,yes,private,50.6
2102,6.5,8.3,100.0,69.0,2.4,none,graduate,yes,no,public,63.1
2103,3.6,7.2,95.3,58.0,10.8,weekly,graduate,yes,no,public,50.6
2104,0.1,6.4,94.7,57.0,4.2,none,school,yes,yes,public,55.4
2105,1.6,7.0,82.7,88.0,3.4,none,school,no,no,private,61.5
2106,2.7,5.8,95.8,69.0,8.2,weekly,school,no,yes,public,52.7
2107,3.5,6.5,95.3,55.0,1.6,weekly,school,yes,yes,private,58.1
2108,5.4,8.2,88.6,61.0,2.3,weekly,college,yes,yes,public,63.1
2109,4.5,7.2,90.8,71.0,5.1,none,college,yes,no,private,57.5
2110,2.3,7.6,83.3,36.0,2.9,weekly,college,yes,no,private,48.9
2111,8.2,4.9,94.0,62.0,2.6,weekly,postgraduate,yes,yes,private,66.1
2112,1.7,7.5,88.6,62.0,2.5,none,postgraduate,no,no,public,53.0
2113,1.7,5.8,89.9,65.0,3.7,none,postgraduate,yes,yes,public,53.4
2114,1.4,7.6,86.5,53.0,2.4,none,graduate,yes,yes,public,53.1
2115,0.9,6.5,94.8,68.0,1.8,weekly,postgraduate,yes,no,public,58.6
2116,6.6,7.0,92.3,71.0,1.9,none,college,no,no,public,60.3
2117,4.2,6.4,95.3,69.0,1.1,none,,no,yes,private,61.5
2118,0.3,7.3,85.0,79.0,3.7,none,college,yes,yes,public,66.3
2119,1.7,6.0,92.0,50.0,2.4,none,college,yes,no,private,49.2
2120,0.5,4.3,89.6,59.0,7.5,weekly,college,yes,yes,public,44.1
2121,4.5,5.4,85.5,41.0,4.3,none,graduate,yes,no,private,41.1
2122,3.7,8.9,88.2,42.0,2.1,none,school,yes,yes,private,51.5
2123,3.2,4.8,94.6,68.0,,weekly,postgraduate,yes,yes,private,66.2
2124,0.5,7.5,91.8,71.0,5.6,none,school,no,no,private,56.0
2125,4.6,8.7,95.8,74.0,4.0,none,graduate,yes,yes,public,64.0
2126,6.7,6.7,87.0,60.0,2.1,daily,postgraduate,no,no,public,73.6
2127,4.6,,92.4,62.0,1.8,weekly,college,yes,no,public,66.8
2128,1.8,5.2,91.0,52.0,2.3,none,college,yes,yes,public,53.8
2129,0.9,6.6,86.5,53.0,9.7,none,,yes,yes,public,53.9
2130,0.8,6.3,88.9,61.0,2.7,none,college,no,yes,public,49.9
2131,3.5,7.8,95.4,56.0,1.7,none,graduate,yes,yes,private,68.4
2132,3.2,6.4,97.7,42.0,1.3,none,graduate,yes,no,private,60.8
2133,1.3,5.6,94.7,68.0,1.9,daily,school,no,no,private,56.6
2134,3.7,7.1,97.0,84.0,,none,graduate,yes,no,public,65.6
2135,1.3,7.1,92.9,51.0,5.0,none,school,yes,yes,public,46.6
2136,3.7,7.9,92.6,73.0,6.2,weekly,graduate,yes,no,public,66.4
2137,6.8,7.6,99.6,82.0,1.7,none,graduate,no,yes,public,73.3
2138,2.6,7.4,90.1,64.0,2.0,none,college,yes,no,private,54.7
2139,6.1,7.0,78.7,55.0,2.1,weekly,postgraduate,yes,no,private,66.9
2140,5.2,9.0,87.9,65.0,2.1,none,school,yes,no,public,54.4
2141,4.5,6.1,93.2,68.0,2.5,none,graduate,yes,yes,public,53.7
2142,4.4,7.7,91.9,43.0,6.9,weekly,postgraduate,yes,no,public,52.0
2143,4.0,7.2,97.3,28.0,3.0,weekly,school,yes,no,public,30.4
2144,4.0,6.7,99.3,82.0,2.7,weekly,school,yes,yes,public,69.0
2145,1.5,6.9,95.4,57.0,3.8,daily,college,yes,no,private,60.7
2146,1.5,6.3,96.2,81.0,2.8,none,college,yes,yes,public,62.8
2147,3.8,5.1,95.9,68.0,0.9,none,graduate,no,yes,public,55.4
2148,4.7,6.8,90.0,53.0,1.9,none,college,yes,no,private,53.1
2149,0.9,6.4,95.9,58.0,0.7,weekly,school,yes,no,private,56.5
2150,0.4,6.3,92.6,91.0,1.8,weekly,school,yes,yes,public,60.3
2151,3.0,7.4,97.7,71.0,6.6,weekly,school,yes,no,private,59.8
2152,2.8,7.2,97.9,42.0,1.7,none,college,yes,no,public,44.9
2153,0.4,7.4,79.5,64.0,3.9,weekly,graduate,yes,yes,public,55.9
2154,8.8,6.1,98.9,61.0,0.7,weekly,school,no,yes,public,66.7
2155,2.1,5.5,87.6,61.0,2.3,none,school,yes,no,public,49.4
2156,3.8,4.4,87.9,78.0,1.2,none,college,yes,no,private,63.2
2157,9.9,5.2,90.7,68.0,3.6,none,postgraduate,yes,no,public,63.1
2158,1.8,7.4,89.3,46.0,3.2,none,graduate,yes,no,public,57.1
2159,6.2,5.3,89.7,52.0,2.5,none,graduate,yes,yes,public,51.3
2160,2.0,8.2,92.3,50.0,0.8,weekly,graduate,yes,no,public,51.5
2161,5.8,7.7,91.3,56.0,1.9,daily,graduate,yes,no,public,63.1
2162,3.4,6.4,92.4,74.0,13.8,none,school,yes,yes,public,56.5
2163,2.0,6.2,91.8,60.0,3.2,weekly,school,yes,no,private,58.7
2164,2.9,6.2,84.0,61.0,5.3,none,postgraduate,no,no,public,57.6
2165,4.5,6.7,91.4,69.0,2.6,weekly,postgraduate,no,no,public,72.6
2166,7.0,7.6,97.8,62.0,4.6,none,school,yes,yes,private,68.2
2167,2.7,8.8,99.1,80.0,3.9,daily,graduate,yes,yes,public,77.5
2168,7.9,6.6,69.8,43.0,2.0,none,college,yes,yes,public,60.1
2169,0.9,6.6,99.0,50.0,4.7,none,postgraduate,yes,yes,public,52.5
2170,5.4,,98.0,60.0,3.8,none,graduate,yes,yes,public,64.8
2171,4.3,8.0,87.3,46.0,1.2,none,graduate,yes,yes,public,53.4
2172,1.9,8.2,85.1,78.0,4.0,weekly,college,yes,no,public,73.4
2173,2.5,6.0,89.9,14.0,4.7,weekly,graduate,yes,no,public,34.3
2174,0.7,6.9,86.6,68.0,2.4,daily,graduate,yes,yes,private,57.7
2175,1.9,6.5,98.4,64.0,2.6,daily,college,no,no,private,70.8
2176,8.4,8.5,95.9,69.0,6.0,weekly,school,yes,yes,public,69.3
2177,1.5,,85.0,59.0,3.7,none,college,no,yes,public,43.8
2178,2.0,7.4,96.4,71.0,2.3,daily,school,no,no,public,60.2
2179,4.4,5.9,76.6,67.0,7.7,none,graduate,yes,no,public,58.3
2180,5.5,5.2,87.3,61.0,2.2,daily,college,yes,yes,public,56.4
2181,3.0,6.0,72.2,27.0,0.6,none,school,yes,yes,private,37.9
2182,5.2,6.0,88.2,60.0,3.3,daily,,no,no,private,58.7
2183,2.6,8.7,91.9,78.0,1.8,none,school,yes,no,public,58.5
2184,1.6,6.4,96.7,56.0,2.9,none,graduate,yes,yes,public,48.1
2185,5.2,7.3,96.5,79.0,2.3,weekly,postgraduate,yes,yes,private,76.6
2186,1.7,6.6,92.9,62.0,3.1,weekly,school,yes,yes,public,56.7
2187,2.2,6.9,92.8,72.0,5.2,none,graduate,yes,yes,private,61.7
2188,4.2,7.5,92.7,34.0,4.8,weekly,graduate,yes,yes,private,55.2
2189,2.8,7.0,96.9,68.0,4.9,weekly,college,yes,no,public,57.9
2190,5.8,5.0,92.4,73.0,1.3,none,graduate,yes,no,public,67.8
2191,5.7,8.7,82.2,64.0,4.0,weekly,school,yes,yes,public,60.0
2192,2.7,7.3,98.7,53.0,4.2,none,college,yes,no,private,59.2
2193,1.7,5.9,90.7,46.0,5.4,none,school,yes,no,public,40.7
2194,4.4,5.6,86.9,54.0,5.3,weekly,school,yes,yes,public,55.2
2195,6.1,6.6,96.3,57.0,2.1,weekly,school,yes,yes,public,68.1
2196,3.6,6.7,72.4,89.0,3.3,weekly,graduate,yes,no,public,74.8
2197,3.6,8.7,87.1,75.0,1.0,weekly,graduate,yes,yes,public,65.3
2198,1.2,8.3,94.4,87.0,3.1,none,graduate,no,no,public,60.9
2199,3.0,7.2,98.5,60.0,5.1,none,college,yes,no,private,61.7
2200,2.4,8.2,95.8,60.0,2.6,weekly,graduate,yes,no,public,55.8
2201,1.3,5.6,89.1,49.0,2.2,none,school,yes,no,public,38.6
2202,2.4,5.4,97.5,65.0,1.6,daily,graduate,yes,no,private,68.2
2203,1.4,7.2,95.2,98.0,5.4,none,graduate,yes,yes,public,65.2
2204,4.8,7.1,86.3,67.0,5.4,none,college,yes,no,public,62.7
2205,6.2,3.9,93.6,89.0,3.5,none,graduate,yes,yes,public,66.4
2206,3.7,9.5,99.5,52.0,3.1,weekly,graduate,no,no,private,54.7
2207,2.5,,84.0,63.0,3.5,none,college,yes,yes,public,57.0
2208,3.2,6.1,90.4,60.0,8.6,none,graduate,yes,no,public,51.0
2209,8.3,8.7,78.0,63.0,4.1,none,college,no,yes,public,65.3
2210,1.1,7.4,94.2,67.0,2.5,weekly,college,yes,yes,public,63.5
2211,1.8,7.1,99.3,88.0,4.8,none,college,yes,no,public,66.5
2212,1.6,7.5,96.1,70.0,2.2,none,graduate,yes,yes,private,63.4
2213,4.3,5.0,98.3,74.0,1.8,none,postgraduate,yes,no,public,63.9
2214,3.7,7.8,89.1,54.0,3.0,none,college,yes,yes,public,56.8
2215,1.2,6.7,91.5,61.0,1.7,weekly,graduate,yes,no,public,51.8
2216,5.8,6.5,93.8,68.0,2.2,none,college,no,no,private,59.8
2217,2.5,6.4,85.6,67.0,2.0,none,postgraduate,yes,no,public,60.3
2218,4.9,7.8,91.2,37.0,4.8,weekly,school,yes,yes,private,61.6
2219,4.0,4.3,97.1,43.0,1.1,none,graduate,yes,no,public,35.4
2220,3.3,5.8,94.5,66.0,1.9,none,school,yes,no,public,58.8
2221,1.9,8.6,86.2,54.0,2.7,none,,yes,no,public,49.1
2222,3.9,6.7,94.1,39.0,1.3,daily,graduate,yes,no,public,53.9
2223,0.8,7.1,94.3,52.0,2.1,weekly,school,yes,no,public,42.1
2224,6.3,9.0,86.5,49.0,2.7,weekly,graduate,no,no,private,62.9
2225,2.3,7.9,81.2,42.0,3.2,weekly,college,yes,yes,private,45.3
2226,1.5,6.7,99.3,58.0,3.5,daily,college,yes,yes,private,63.7
2227,2.5,7.0,69.1,46.0,1.7,weekly,college,yes,no,public,46.9
2228,3.2,6.9,93.1,60.0,2.3,none,school,yes,yes,public,57.2
2229,2.6,7.2,86.7,62.0,2.5,none,school,yes,no,public,59.5
2230,0.7,7.1,99.4,71.0,2.8,daily,graduate,yes,no,private,63.1
2231,5.4,7.3,92.1,64.0,2.0,none,school,yes,yes,private,76.7
2232,5.8,5.4,92.5,56.0,3.1,none,college,yes,no,public,50.4
2233,3.3,8.1,73.4,55.0,1.3,none,school,yes,yes,public,46.4
2234,9.6,8.5,99.3,100.0,0.4,none,graduate,yes,no,public,77.5
2235,4.0,7.1,91.5,69.0,1.2,weekly,postgraduate,no,yes,private,71.1
2236,1.9,6.0,99.1,51.0,1.4,weekly,college,yes,no,public,58.8
2237,3.4,7.4,99.9,35.0,2.5,none,graduate,yes,yes,public,61.0
2238,4.6,5.9,86.6,68.0,4.0,none,graduate,yes,yes,public,58.6
2239,2.2,8.3,84.8,40.0,4.7,daily,college,yes,no,private,45.5
2240,2.4,7.1,95.2,64.0,6.5,weekly,graduate,yes,no,private,63.4
2241,4.1,8.4,87.7,62.0,4.5,weekly,graduate,yes,yes,public,50.9
2242,1.7,6.4,96.4,56.0,0.9,none,school,no,no,private,47.7
2243,10.2,9.1,84.4,59.0,2.8,none,school,yes,yes,private,62.0
2244,0.9,6.2,98.7,53.0,5.4,none,graduate,no,no,public,40.8
2245,1.2,7.4,98.4,64.0,1.9,weekly,graduate,yes,no,private,63.9
2246,3.0,8.4,90.4,39.0,6.7,weekly,,yes,no,public,38.4
2247,5.7,7.5,89.7,63.0,3.7,weekly,postgraduate,yes,no,private,72.8
2248,5.3,8.9,71.3,59.0,2.5,none,college,yes,no,private,55.1
2249,4.4,5.6,79.1,68.0,3.0,none,college,yes,no,public,53.5
2250,10.2,6.9,93.2,57.0,0.4,weekly,school,yes,yes,private,59.8
2251,3.9,7.4,94.9,77.0,4.6,weekly,postgraduate,yes,no,public,76.9
2252,5.8,6.5,84.9,58.0,5.8,none,graduate,yes,no,public,63.1
2253,3.2,7.8,98.3,76.0,3.2,none,graduate,no,no,public,65.9
2254,4.2,5.0,87.8,89.0,2.5,none,college,no,no,private,57.6
2255,3.5,5.8,80.2,91.0,2.4,none,graduate,yes,yes,private,77.2
2256,3.9,7.8,66.2,59.0,4.6,none,postgraduate,yes,yes,public,61.8
2257,5.4,6.5,84.3,56.0,2.8,none,graduate,yes,no,public,53.8
2258,2.6,4.8,82.7,76.0,2.3,daily,college,yes,no,private,60.9
2259,3.6,7.3,92.7,56.0,3.2,weekly,college,yes,yes,public,59.0
2260,3.9,4.7,96.3,75.0,8.5,daily,school,yes,no,public,63.5
2261,3.6,4.5,89.1,46.0,1.4,none,college,yes,no,private,39.5
2262,2.2,6.8,76.6,70.0,5.5,none,graduate,yes,yes,private,58.4
2263,2.6,7.0,84.3,63.0,6.5,none,school,yes,no,private,55.7
2264,9.3,7.3,66.8,68.0,1.9,none,graduate,yes,yes,public,63.7
2265,3.7,7.5,88.1,50.0,1.3,none,postgraduate,yes,no,public,53.0
2266,2.1,7.4,88.4,59.0,4.3,none,graduate,no,no,public,56.0
2267,1.6,8.3,94.7,75.0,0.7,none,postgraduate,yes,yes,private,62.9
2268,5.0,7.1,97.4,33.0,1.2,daily,college,no,yes,private,51.3
2269,2.4,6.0,95.2,43.0,7.5,weekly,school,no,yes,public,53.2
2270,2.4,7.0,95.4,79.0,2.7,weekly,school,yes,no,private,61.3
2271,2.0,5.6,87.4,73.0,1.4,none,college,yes,no,public,56.3
2272,1.5,3.9,95.3,72.0,3.6,weekly,graduate,no,yes,public,51.4
2273,4.4,6.1,82.9,63.0,1.9,weekly,,yes,yes,public,54.7
2274,2.2,8.7,94.0,63.0,4.1,weekly,college,no,no,private,51.7
2275,6.3,5.7,91.5,60.0,2.3,daily,college,yes,no,public,68.1
2276,2.1,6.1,91.1,68.0,5.6,none,college,yes,yes,private,50.0
2277,4.3,6.7,91.8,62.0,6.0,weekly,postgraduate,yes,no,private,67.5
2278,8.1,7.4,92.0,52.0,1.9,none,college,yes,yes,public,61.0
2279,1.7,8.1,88.2,64.0,2.9,none,postgraduate,no,no,public,52.4
2280,1.0,8.6,85.7,91.0,3.3,weekly,,yes,yes,private,62.4
2281,1.1,7.8,91.3,45.0,3.7,weekly,college,yes,no,public,47.7
2282,1.6,5.6,93.1,61.0,0.3,none,college,no,yes,public,47.5
2283,3.9,7.3,90.5,55.0,0.8,weekly,graduate,yes,no,public,58.0
2284,4.0,7.9,87.7,57.0,3.0,weekly,college,yes,yes,private,56.5
2285,1.4,9.1,97.2,95.0,1.8,weekly,college,yes,yes,private,65.2
2286,3.1,9.9,94.8,54.0,3.1,none,college,yes,no,public,51.2
2287,1.9,6.8,86.6,56.0,1.9,none,college,yes,yes,public,51.9
2288,2.2,7.8,86.5,70.0,4.7,none,postgraduate,yes,yes,public,66.3
2289,1.4,6.9,81.8,94.0,0.9,daily,postgraduate,yes,yes,public,75.1
2290,1.3,7.8,96.4,67.0,2.3,weekly,college,yes,yes,public,59.6
2291,7.5,7.0,92.6,70.0,0.8,none,college,yes,no,public,78.6
2292,8.9,,90.1,48.0,2.1,none,college,yes,no,public,60.9
2293,5.1,5.2,96.0,63.0,2.4,none,college,yes,yes,public,55.9
2294,0.6,6.5,89.7,59.0,,weekly,graduate,yes,no,private,54.5
2295,3.4,7.2,92.9,70.0,7.8,none,graduate,yes,no,public,61.1
2296,1.8,5.2,95.2,54.0,2.5,none,graduate,yes,yes,public,38.7
2297,5.9,4.2,85.6,43.0,4.3,weekly,,yes,no,private,39.5
2298,2.2,6.7,49.4,54.0,1.4,none,college,no,yes,private,43.5
2299,1.4,7.0,88.9,59.0,1.3,none,graduate,yes,no,public,47.7
2300,1.7,7.4,85.8,72.0,4.6,weekly,college,no,yes,private,62.0
2301,3.0,7.8,92.3,59.0,2.5,weekly,postgraduate,yes,no,public,54.4
2302,4.2,8.4,84.5,49.0,,weekly,graduate,yes,yes,public,64.4
2303,1.7,4.5,96.4,71.0,5.0,none,college,yes,yes,public,49.6
2304,1.6,7.4,97.3,65.0,4.6,none,school,yes,no,public,53.9
2305,2.8,6.5,94.8,70.0,3.4,none,postgraduate,yes,no,private,67.3
2306,4.7,6.4,96.5,72.0,3.3,weekly,school,yes,no,public,69.1
2307,1.6,7.3,89.1,47.0,2.2,none,college,yes,yes,public,49.3
2308,14.0,5.4,90.4,57.0,5.3,none,graduate,yes,no,public,69.5
2309,5.8,7.5,90.9,68.0,4.2,none,school,yes,no,public,64.8
2310,3.4,8.5,98.2,54.0,2.4,none,graduate,yes,no,private,52.0
2311,5.6,6.6,96.7,88.0,1.8,weekly,college,no,no,public,59.5
2312,1.3,9.2,94.7,51.0,5.3,weekly,school,yes,yes,private,51.5
2313,3.5,5.2,93.8,42.0,4.7,none,school,yes,yes,private,44.4
2314,1.2,6.2,91.8,76.0,1.0,none,school,yes,no,private,48.8
2315,1.1,7.7,89.7,71.0,4.9,weekly,college,no,yes,private,54.5
2316,1.6,7.5,98.9,40.0,3.3,none,school,yes,yes,public,41.2
2317,0.4,5.9,89.7,54.0,0.8,daily,graduate,yes,yes,private,47.7
2318,2.4,6.1,89.6,87.0,1.1,weekly,postgraduate,yes,yes,public,73.1
2319,9.8,8.1,97.3,89.0,1.0,weekly,college,yes,yes,public,80.5
2320,3.5,4.4,76.1,92.0,7.6,none,postgraduate,yes,no,public,63.5
2321,5.0,7.2,96.9,72.0,1.0,daily,graduate,yes,no,public,65.6
2322,2.0,7.8,93.8,66.0,2.7,daily,graduate,yes,no,public,61.5
2323,10.5,4.1,92.5,74.0,,daily,school,yes,yes,public,64.8
2324,4.0,7.1,94.5,54.0,8.3,none,graduate,no,no,public,46.1
2325,1.6,8.0,96.3,60.0,5.3,none,graduate,yes,no,private,63.5
2326,7.6,5.4,88.8,61.0,3.4,none,school,yes,no,private,56.0
2327,3.6,6.4,97.6,51.0,4.9,none,graduate,yes,yes,public,55.6
2328,2.6,5.1,93.6,78.0,2.0,none,graduate,yes,yes,public,62.4
2329,1.6,5.1,90.2,53.0,2.2,none,college,no,yes,public,44.1
2330,1.9,6.8,96.6,60.0,,none,graduate,yes,yes,public,62.2
2331,1.9,,95.1,70.0,3.1,none,college,no,no,public,57.7
2332,6.7,5.4,97.9,61.0,7.5,daily,college,yes,yes,public,57.3
2333,1.4,5.4,92.3,100.0,10.7,weekly,graduate,no,yes,private,73.8
2334,2.0,6.9,91.1,46.0,3.2,weekly,graduate,no,yes,private,59.3
2335,5.1,7.8,93.4,54.0,2.5,none,,no,no,public,57.1
2336,6.5,4.2,93.0,60.0,1.8,weekly,college,yes,no,public,70.9
2337,3.3,7.1,96.8,73.0,3.3,none,college,yes,yes,public,63.6
2338,12.1,6.7,82.9,69.0,1.9,none,college,no,yes,public,66.5
2339,2.4,6.9,98.7,64.0,5.1,weekly,college,yes,no,private,52.6
2340,3.2,7.0,87.9,73.0,3.7,weekly,graduate,yes,yes,public,69.2
2341,4.1,8.1,97.6,79.0,4.0,weekly,postgraduate,yes,no,private,68.6
2342,3.4,8.0,72.9,37.0,4.8,weekly,graduate,yes,no,private,44.3
2343,2.1,8.1,95.2,71.0,0.2,weekly,college,yes,yes,public,58.4
2344,1.8,6.9,86.4,84.0,1.5,none,graduate,yes,yes,public,65.9
2345,3.9,5.6,88.7,47.0,2.5,weekly,graduate,yes,no,private,51.8
2346,5.8,5.5,81.9,57.0,3.0,daily,graduate,yes,no,private,59.5
2347,9.4,7.6,94.7,83.0,3.2,none,postgraduate,yes,yes,public,89.3
2348,4.8,7.7,92.5,86.0,2.0,weekly,graduate,yes,no,public,75.0
2349,2.1,8.8,86.7,48.0,5.0,weekly,graduate,yes,yes,private,49.2
2350,2.2,6.4,96.3,74.0,2.9,none,school,yes,no,public,58.2
2351,4.2,7.3,94.9,56.0,8.3,none,graduate,no,yes,public,51.3
2352,2.2,4.9,73.8,66.0,4.7,none,postgraduate,yes,yes,public,46.5
2353,0.5,8.1,98.6,65.0,1.5,none,college,no,yes,public,50.2
2354,2.2,7.6,94.2,72.0,2.2,none,graduate,yes,no,public,59.9
2355,1.0,6.0,97.6,84.0,1.8,none,postgraduate,yes,no,public,68.0
2356,1.7,7.5,87.5,73.0,7.6,none,school,yes,yes,private,55.1
2357,2.4,8.1,95.7,86.0,3.1,none,college,yes,no,private,68.3
2358,1.2,8.7,88.6,49.0,10.7,none,graduate,yes,yes,private,47.8
2359,3.5,6.8,97.7,60.0,1.8,weekly,school,yes,no,private,63.3
2360,5.8,6.1,95.5,55.0,3.2,daily,,no,yes,public,57.8
2361,4.4,6.8,77.1,72.0,1.4,none,,no,no,public,63.8
2362,1.2,6.7,94.1,83.0,2.6,weekly,school,yes,no,public,55.3
2363,1.3,10.0,84.6,58.0,1.3,none,school,yes,no,public,49.8
2364,10.4,7.1,83.9,74.0,1.9,none,school,yes,no,private,76.1
2365,3.0,6.4,92.3,88.0,3.7,none,graduate,yes,no,private,72.0
2366,1.5,7.5,92.0,85.0,,weekly,postgraduate,yes,no,public,84.4
2367,1.5,5.9,85.7,50.0,3.3,weekly,school,no,yes,private,50.9
2368,6.8,8.3,87.9,57.0,2.8,none,school,yes,no,public,57.1
2369,4.9,6.3,96.9,52.0,,weekly,college,no,yes,private,56.5
2370,3.3,,77.7,55.0,2.8,none,graduate,yes,no,private,48.9
2371,3.4,5.8,96.4,47.0,1.9,none,college,yes,yes,private,50.8
2372,2.5,5.7,83.1,53.0,2.2,none,college,no,yes,public,42.8
2373,0.9,8.3,93.5,59.0,1.1,weekly,college,yes,yes,public,46.2
2374,4.0,7.5,96.5,54.0,10.0,weekly,college,yes,no,private,46.8
2375,3.1,7.8,70.6,64.0,8.3,weekly,graduate,yes,yes,private,57.9
2376,4.0,5.0,98.6,86.0,3.3,weekly,graduate,yes,no,private,78.5
2377,3.1,5.0,90.2,65.0,2.3,none,graduate,no,yes,private,56.8
2378,3.8,8.4,90.3,59.0,1.8,daily,college,yes,no,public,54.4
2379,5.8,7.6,94.7,99.0,2.1,daily,school,yes,no,public,89.0
2380,2.6,8.2,97.6,68.0,5.3,none,school,yes,no,private,64.1
2381,1.1,6.0,97.5,72.0,3.7,none,school,no,no,private,56.5
2382,1.3,4.9,97.5,76.0,0.4,none,college,yes,no,private,63.1
2383,1.0,7.5,93.7,41.0,2.0,weekly,school,yes,yes,public,50.7
2384,3.3,6.6,89.6,49.0,4.7,none,college,yes,yes,public,52.1
2385,2.2,6.7,82.7,69.0,,none,school,yes,no,private,49.8
2386,1.1,6.0,92.5,51.0,3.8,none,school,no,yes,private,45.8
2387,2.5,6.1,98.3,55.0,2.6,none,college,no,no,private,54.8
2388,1.7,9.0,93.2,73.0,,none,graduate,yes,yes,public,60.1
2389,5.5,6.4,98.1,57.0,,weekly,school,yes,no,public,49.3
2390,7.2,5.3,88.1,80.0,6.4,none,graduate,yes,yes,public,68.0
2391,2.5,7.2,99.3,33.0,2.5,daily,graduate,yes,yes,public,55.9
2392,1.0,7.6,78.8,77.0,3.7,none,school,yes,no,public,61.0
2393,6.2,7.2,95.1,43.0,3.8,weekly,school,yes,no,public,50.6
2394,3.7,9.0,81.3,67.0,3.7,none,school,yes,yes,public,49.0
2395,6.1,9.0,95.4,54.0,4.2,none,college,yes,no,private,56.7
2396,2.4,,82.9,77.0,4.1,none,school,yes,yes,public,56.5
2397,3.2,8.0,90.0,59.0,5.5,none,graduate,no,no,public,55.0
2398,2.3,7.3,90.3,76.0,5.2,none,graduate,yes,yes,public,59.0
2399,4.6,3.9,85.8,83.0,2.5,daily,college,no,yes,private,62.5
2400,6.9,5.3,91.8,79.0,6.0,none,,yes,no,public,60.7
2401,1.0,7.2,86.5,75.0,4.1,none,graduate,yes,no,public,57.4
2402,0.6,6.1,86.6,56.0,3.0,weekly,graduate,no,no,public,45.7
2403,5.8,6.7,95.1,59.0,2.7,none,postgraduate,yes,no,private,72.6
2404,4.1,5.8,92.6,47.0,4.3,none,graduate,yes,yes,public,54.2
2405,2.3,4.4,98.9,55.0,6.0,weekly,college,yes,yes,public,45.7
2406,3.0,6.2,79.9,44.0,1.6,none,school,no,no,public,40.1
2407,1.5,5.1,95.0,93.0,1.7,daily,school,yes,no,private,57.3
2408,0.8,6.6,91.7,95.0,0.9,none,college,yes,yes,public,71.1
2409,6.1,6.3,76.9,68.0,2.5,weekly,school,yes,no,private,72.0
2410,3.4,7.9,89.5,66.0,3.6,weekly,college,no,no,private,56.0
2411,7.0,5.7,68.7,76.0,2.8,none,postgraduate,yes,no,public,69.6
2412,0.7,6.1,93.8,85.0,5.3,none,graduate,no,no,private,60.2
2413,7.2,5.8,99.0,63.0,4.8,none,postgraduate,no,no,private,67.4
2414,2.6,7.6,96.8,56.0,1.2,none,school,no,yes,public,36.1
2415,2.0,7.9,94.6,57.0,3.0,none,school,yes,no,public,46.9
2416,2.1,7.0,96.4,86.0,2.7,weekly,postgraduate,yes,yes,private,71.5
2417,2.5,5.2,91.2,85.0,6.2,none,college,yes,no,public,56.5
2418,2.7,7.9,89.5,75.0,3.2,none,postgraduate,yes,yes,public,64.4
2419,1.9,4.1,88.1,45.0,2.7,weekly,graduate,yes,yes,private,44.9
2420,2.3,5.3,87.8,44.0,,weekly,school,yes,yes,public,39.1
2421,1.1,4.9,90.2,91.0,1.5,none,graduate,no,no,private,63.0
2422,2.5,5.5,88.6,55.0,2.9,none,graduate,yes,no,public,54.1
2423,3.3,5.6,98.5,73.0,2.4,weekly,college,yes,no,private,61.2
2424,2.1,7.3,74.9,67.0,2.6,none,school,yes,no,public,58.7
2425,3.2,7.8,86.2,71.0,2.6,weekly,college,no,no,private,61.7
2426,1.7,,98.1,63.0,7.3,weekly,graduate,yes,no,public,55.7
2427,1.3,5.9,81.3,41.0,0.6,none,postgraduate,yes,no,private,48.2
2428,0.7,7.0,95.2,76.0,0.8,weekly,college,yes,no,public,62.1
2429,2.8,8.0,90.9,79.0,1.4,none,school,no,no,private,51.2
2430,8.6,7.2,93.7,29.0,4.7,weekly,college,yes,no,public,52.7
2431,6.5,5.1,95.1,69.0,1.6,daily,college,yes,yes,private,70.9
2432,9.0,5.9,96.8,72.0,3.1,none,college,yes,yes,private,64.3
2433,4.4,6.1,93.2,70.0,1.5,weekly,college,yes,no,public,65.4
2434,1.5,7.5,99.5,46.0,5.6,weekly,school,yes,no,private,57.5
2435,4.0,6.3,85.3,90.0,1.7,weekly,school,yes,no,public,70.5
2436,3.9,5.7,94.1,70.0,2.6,none,school,yes,no,private,52.9
2437,1.6,4.9,72.9,58.0,1.0,none,graduate,yes,no,private,46.4
2438,1.3,8.3,93.8,67.0,3.6,none,postgraduate,yes,yes,private,57.7
2439,0.6,7.9,93.6,64.0,2.8,none,graduate,yes,no,public,62.7
2440,1.3,6.7,95.3,64.0,7.5,none,college,yes,no,public,57.6
2441,1.3,8.3,79.9,65.0,3.1,none,school,yes,no,public,44.7
2442,3.4,3.3,95.6,98.0,,weekly,college,no,no,public,70.2
2443,1.9,7.8,98.1,49.0,5.3,none,graduate,yes,yes,private,53.5
2444,2.8,7.0,97.9,49.0,5.0,weekly,school,no,no,public,60.3
2445,4.6,5.4,85.1,63.0,4.7,weekly,postgraduate,no,yes,private,59.5
2446,3.7,7.0,99.3,70.0,1.9,weekly,graduate,yes,yes,private,61.1
2447,1.2,6.6,89.4,49.0,1.0,daily,graduate,yes,yes,private,49.5
2448,1.3,6.3,95.4,63.0,6.2,weekly,school,yes,no,private,48.4
2449,2.2,7.5,74.5,50.0,2.6,none,school,yes,no,public,49.7
2450,3.6,9.2,100.0,59.0,2.2,weekly,college,yes,no,public,52.7
2451,2.4,6.8,97.8,47.0,2.2,weekly,postgraduate,yes,no,public,60.1
2452,10.4,8.3,96.0,65.0,3.4,weekly,postgraduate,yes,yes,private,72.9
2453,3.4,5.7,86.0,64.0,4.4,none,postgraduate,yes,yes,public,56.9
2454,1.9,6.6,94.0,71.0,1.3,none,school,yes,no,public,59.1
2455,1.8,6.1,85.6,68.0,3.5,weekly,graduate,yes,yes,private,57.0
2456,3.8,8.4,96.6,52.0,,none,college,yes,yes,private,53.3
2457,0.9,7.8,90.7,65.0,2.6,none,,yes,no,public,59.3
2458,7.3,7.5,90.2,35.0,1.1,daily,college,yes,no,public,57.6
2459,5.4,5.6,86.9,58.0,1.3,none,school,yes,no,public,49.7
2460,3.1,4.2,96.9,91.0,3.3,none,school,yes,yes,public,51.7
2461,1.7,6.4,96.6,80.0,2.0,weekly,college,yes,no,public,74.4
2462,5.8,8.1,96.3,58.0,4.7,weekly,school,yes,no,private,57.8
2463,2.6,6.5,92.0,75.0,0.7,none,school,yes,no,private,66.0
2464,3.5,8.3,96.9,32.0,1.7,none,college,yes,yes,public,42.1
2465,5.0,6.3,84.7,46.0,0.5,none,postgraduate,yes,yes,private,56.6
2466,16.0,6.6,95.4,62.0,0.8,none,school,no,yes,public,59.6
2467,9.6,6.0,84.4,91.0,5.1,none,college,yes,no,public,73.0
2468,0.7,6.7,90.0,53.0,12.4,none,school,yes,yes,public,43.8
2469,0.7,5.5,94.2,91.0,1.7,none,college,yes,no,public,54.8
2470,2.9,7.9,93.1,53.0,,none,school,yes,yes,public,50.1
2471,3.2,6.0,96.8,59.0,6.6,none,school,yes,yes,public,55.4
2472,2.6,6.0,83.5,55.0,4.9,weekly,school,yes,yes,public,50.5
2473,7.0,5.6,93.0,87.0,3.9,none,graduate,yes,no,public,73.2
2474,3.6,6.0,97.2,58.0,2.2,weekly,school,no,no,private,63.4
2475,1.7,8.4,96.8,60.0,2.4,none,college,yes,no,private,51.4
2476,11.5,9.3,85.6,76.0,0.5,weekly,school,yes,no,public,65.3
2477,8.1,7.8,90.1,65.0,4.2,none,,yes,no,public,72.1
2478,3.5,7.3,94.9,60.0,2.4,none,graduate,no,no,private,67.6
2479,2.5,6.4,97.1,64.0,3.5,none,graduate,yes,no,public,51.0
2480,4.7,6.3,66.6,59.0,0.7,none,graduate,yes,no,public,57.5
2481,1.6,10.0,93.1,62.0,6.3,none,postgraduate,yes,no,public,44.3
2482,4.4,7.1,94.9,38.0,4.4,weekly,school,yes,yes,private,54.3
2483,4.6,,89.1,81.0,4.6,none,college,yes,no,public,65.0
2484,1.8,7.3,87.1,66.0,2.3,weekly,school,yes,no,private,41.4
2485,2.2,4.7,95.3,85.0,2.3,none,college,yes,no,public,59.0
2486,2.4,5.9,96.4,49.0,2.8,weekly,school,yes,yes,public,59.6
2487,5.2,7.4,94.2,64.0,6.8,none,college,yes,no,private,60.0
2488,1.7,6.2,96.9,100.0,3.0,weekly,graduate,yes,no,public,75.4
2489,4.3,6.2,98.2,81.0,3.8,weekly,college,yes,yes,private,70.6
2490,5.6,5.5,87.9,58.0,4.5,none,college,yes,yes,private,56.4
2491,3.5,7.7,90.3,67.0,3.1,none,college,yes,no,private,55.5
2492,1.4,7.1,97.8,39.0,3.7,none,postgraduate,yes,yes,public,54.1
2493,3.5,5.8,98.3,52.0,,none,college,yes,no,public,59.1
2494,4.4,6.2,85.1,79.0,1.2,weekly,graduate,yes,no,public,72.4
2495,2.4,6.7,95.2,67.0,5.5,none,college,yes,no,public,61.6
2496,5.1,6.5,90.3,64.0,1.2,none,school,yes,no,public,56.6
2497,6.5,5.4,96.2,75.0,0.8,none,graduate,no,yes,private,56.6
2498,5.3,5.6,90.7,82.0,5.3,none,school,yes,yes,private,66.0
2499,1.4,6.7,73.7,67.0,4.0,weekly,college,yes,yes,public,49.1
2500,1.9,6.4,93.9,65.0,0.8,none,postgraduate,yes,no,public,54.3
2501,0.3,6.3,91.5,74.0,4.1,none,postgraduate,no,no,public,55.0
2502,4.4,5.0,97.6,74.0,5.4,none,graduate,yes,yes,public,62.4
2503,4.0,7.9,91.4,60.0,7.4,none,postgraduate,no,no,public,49.4
2504,1.0,7.1,88.2,75.0,8.4,none,college,yes,yes,public,58.5
2505,5.4,7.3,83.7,50.0,0.3,none,school,yes,yes,private,59.7
2506,3.7,8.1,89.1,77.0,3.1,none,graduate,yes,yes,private,75.2
2507,5.5,6.1,98.6,70.0,9.6,none,school,yes,yes,private,49.5
2508,1.3,8.1,93.2,67.0,7.2,daily,college,yes,yes,private,55.2
2509,1.6,6.2,94.9,60.0,5.9,none,school,yes,yes,public,42.5
2510,1.9,5.7,87.0,62.0,2.1,weekly,college,yes,no,public,56.3
2511,2.4,7.0,88.0,54.0,7.8,none,college,yes,no,public,50.6
2512,1.2,7.6,98.5,34.0,2.7,none,school,yes,yes,public,47.4
2513,4.3,6.4,92.2,53.0,7.3,none,postgraduate,yes,no,private,52.7
2514,2.0,6.7,94.1,63.0,4.4,none,graduate,no,no,private,54.8
2515,3.9,6.2,90.9,56.0,7.9,weekly,college,yes,yes,private,50.1
2516,0.6,8.3,79.1,52.0,7.1,weekly,college,yes,yes,public,44.2
2517,7.3,9.0,98.4,49.0,2.2,weekly,graduate,yes,no,private,62.7
2518,1.9,7.5,96.9,68.0,3.7,none,graduate,no,no,private,64.7
2519,1.3,7.3,91.8,76.0,2.7,none,college,yes,no,public,57.0
2520,3.4,4.2,76.8,64.0,5.0,none,graduate,yes,yes,public,41.5
2521,8.4,7.8,75.9,59.0,2.2,none,postgraduate,no,no,public,67.6
2522,8.7,4.1,83.3,82.0,1.7,none,college,yes,yes,public,63.3
2523,2.5,5.5,86.4,62.0,6.1,none,graduate,yes,yes,public,41.9
2524,2.8,5.6,83.3,60.0,6.2,weekly,college,yes,yes,public,56.3
2525,2.7,7.4,88.1,64.0,5.2,weekly,graduate,yes,yes,public,66.8
2526,2.1,6.5,92.5,75.0,2.0,none,school,yes,no,public,50.4
2527,2.0,5.7,93.8,46.0,2.3,none,school,no,no,private,44.7
2528,0.7,8.4,92.9,67.0,6.1,none,school,yes,no,private,45.8
2529,0.3,5.7,90.7,85.0,2.2,weekly,college,yes,no,private,58.8
2530,4.6,6.4,93.6,39.0,2.5,weekly,college,yes,no,public,57.9
2531,1.6,4.9,99.6,70.0,3.3,none,graduate,yes,yes,public,40.8
2532,1.3,5.6,94.2,62.0,5.8,none,graduate,no,yes,private,47.9
2533,7.0,8.0,92.3,81.0,9.6,none,school,no,yes,public,69.1
2534,3.1,4.7,94.1,62.0,1.1,weekly,school,yes,yes,private,64.8
2535,2.8,7.3,93.7,46.0,1.9,none,graduate,yes,no,public,43.2
2536,1.8,7.0,90.7,53.0,4.1,none,school,yes,no,private,44.8
2537,5.2,7.5,95.2,55.0,2.0,none,school,yes,no,public,57.7
2538,6.5,5.4,95.9,84.0,3.2,none,college,yes,yes,private,64.7
2539,2.4,5.9,84.3,78.0,2.3,none,college,yes,yes,private,63.4
2540,1.0,6.6,97.9,95.0,4.4,none,graduate,yes,no,public,77.9
2541,2.6,7.0,97.3,58.0,7.2,weekly,college,no,no,public,53.0
2542,11.6,7.2,87.0,82.0,1.6,none,school,no,no,public,72.2
2543,3.4,5.2,98.7,68.0,2.2,none,graduate,yes,no,public,58.3
2544,7.6,8.6,95.1,69.0,2.6,weekly,postgraduate,yes,no,public,75.5
2545,3.7,6.7,86.6,34.0,4.1,weekly,graduate,yes,no,public,49.3
2546,2.9,6.5,97.0,65.0,2.8,daily,graduate,yes,no,public,68.3
2547,2.0,9.4,87.9,85.0,1.0,weekly,postgraduate,yes,no,public,66.3
2548,6.1,6.4,87.5,69.0,4.3,daily,college,yes,yes,public,70.5
2549,4.0,6.0,93.6,51.0,3.2,weekly,school,yes,no,private,51.9
2550,4.9,8.0,98.3,73.0,1.0,weekly,graduate,yes,no,public,66.5
2551,3.5,5.6,88.7,76.0,3.7,weekly,graduate,no,no,private,67.6
2552,1.4,6.9,97.7,68.0,3.8,none,postgraduate,yes,yes,public,54.1
2553,0.3,7.1,95.5,96.0,2.3,none,postgraduate,yes,yes,public,64.5
2554,3.9,5.3,90.8,72.0,4.2,none,school,yes,no,public,60.4
2555,1.3,8.1,99.4,63.0,4.3,none,graduate,yes,yes,public,60.5
2556,2.4,6.0,98.3,78.0,4.4,weekly,college,no,yes,private,62.4
2557,2.6,6.2,92.7,67.0,0.5,weekly,college,no,no,private,57.5
2558,11.9,6.7,98.9,83.0,1.8,none,school,yes,no,public,80.2
2559,2.6,6.0,97.0,65.0,2.2,none,college,yes,no,public,53.2
2560,5.1,10.0,97.0,46.0,,weekly,school,yes,no,private,58.0
2561,4.2,5.9,87.6,69.0,6.3,weekly,,yes,yes,public,66.5
2562,3.6,6.3,94.1,63.0,1.1,none,school,yes,yes,public,56.7
2563,3.9,7.3,71.4,74.0,3.5,none,graduate,no,yes,public,55.0
2564,6.5,7.3,91.9,64.0,6.2,weekly,college,yes,yes,private,77.3
2565,4.4,5.4,93.8,50.0,2.6,weekly,college,yes,no,private,50.9
2566,2.9,6.3,91.4,71.0,0.2,weekly,college,yes,yes,public,62.1
2567,5.9,7.0,91.1,94.0,3.3,weekly,school,yes,no,public,89.7
2568,10.4,6.7,86.5,66.0,9.3,none,graduate,yes,yes,private,60.9
2569,6.2,5.6,84.0,73.0,2.8,none,school,yes,yes,public,62.6
2570,5.9,6.8,93.3,70.0,5.6,weekly,school,yes,yes,public,72.0
2571,1.9,7.0,92.3,73.0,2.0,weekly,school,yes,yes,private,59.9
2572,2.6,7.7,93.9,50.0,6.0,none,graduate,yes,no,public,42.9
2573,2.1,7.5,89.9,64.0,3.5,none,college,yes,yes,private,58.0
2574,3.3,7.5,98.1,81.0,1.6,none,graduate,yes,yes,public,66.4
2575,3.6,8.1,93.8,49.0,1.5,weekly,school,yes,yes,private,58.3
2576,5.1,6.9,96.0,38.0,2.8,none,school,no,no,public,48.0
2577,4.9,5.4,91.4,60.0,9.6,none,graduate,yes,no,private,56.3
2578,3.0,6.0,87.2,70.0,4.8,none,college,yes,no,private,62.3
2579,4.8,6.2,99.3,53.0,4.8,weekly,graduate,yes,no,public,54.7
2580,2.7,6.9,89.1,53.0,1.7,none,graduate,no,yes,private,51.5
2581,0.3,6.1,80.6,77.0,1.8,none,graduate,yes,yes,private,52.5
2582,4.6,7.6,92.9,55.0,4.9,none,college,yes,no,private,56.4
2583,5.0,7.1,97.4,70.0,2.4,none,school,no,no,public,57.6
2584,1.0,6.9,98.5,57.0,3.2,none,graduate,yes,yes,public,53.9
2585,3.6,6.2,97.9,65.0,3.8,none,college,yes,yes,private,67.2
2586,1.8,6.4,96.2,46.0,3.4,weekly,school,yes,no,private,54.0
2587,2.9,3.2,84.8,72.0,3.1,weekly,graduate,yes,yes,private,56.6
2588,2.8,7.3,99.5,49.0,1.9,none,school,no,yes,private,57.4
2589,1.1,5.8,99.1,55.0,1.3,weekly,college,yes,yes,private,52.0
2590,6.0,7.1,95.5,91.0,3.6,none,college,yes,no,public,70.9
2591,8.2,7.8,76.6,52.0,6.4,none,college,yes,no,public,54.9
2592,5.9,7.1,82.8,66.0,5.2,weekly,college,yes,no,public,65.6
2593,1.2,6.5,92.6,83.0,4.6,none,school,yes,no,public,52.5
2594,11.0,7.6,91.1,36.0,4.5,none,postgraduate,yes,yes,public,63.5
2595,3.7,7.3,93.5,82.0,1.5,none,college,yes,yes,private,66.9
2596,1.1,6.8,93.3,83.0,2.4,none,,yes,yes,public,61.2
2597,2.4,8.0,99.0,73.0,0.9,weekly,,yes,yes,public,67.3
2598,2.8,6.5,90.9,57.0,1.0,daily,college,yes,yes,public,53.3
2599,1.5,10.0,91.2,51.0,2.7,weekly,college,yes,no,public,57.9
2600,3.3,5.1,89.8,59.0,2.1,none,graduate,yes,yes,public,51.1
2601,8.1,8.1,98.4,74.0,7.2,none,graduate,yes,yes,private,71.8
2602,3.3,5.7,93.1,80.0,7.3,weekly,school,yes,no,public,57.5
2603,5.0,7.1,93.5,59.0,4.4,none,school,yes,yes,public,52.8
2604,3.5,8.8,88.0,53.0,4.7,weekly,school,yes,no,public,52.1
2605,0.8,6.4,91.5,76.0,7.0,none,,yes,yes,public,54.0
2606,3.7,5.8,95.7,68.0,6.6,daily,graduate,yes,yes,public,65.8
2607,2.3,6.1,91.0,71.0,3.7,daily,school,yes,no,public,62.1
2608,7.1,7.2,91.1,44.0,3.5,none,school,yes,no,public,56.5
2609,2.2,5.2,96.3,63.0,1.3,weekly,graduate,yes,yes,public,56.1
2610,8.0,6.1,91.4,82.0,1.5,none,college,yes,yes,public,73.8
2611,2.8,5.7,97.6,59.0,1.5,none,school,yes,yes,public,46.5
2612,7.2,6.5,78.3,75.0,1.6,daily,college,yes,no,private,81.3
2613,1.5,5.6,95.0,32.0,2.2,none,college,yes,yes,public,40.6
2614,1.6,7.9,95.8,87.0,0.8,weekly,college,yes,no,public,60.9
2615,4.2,7.3,73.6,68.0,1.5,none,college,yes,no,public,55.3
2616,3.9,8.0,96.1,83.0,4.5,none,school,yes,no,private,68.4
2617,2.8,6.9,86.0,55.0,3.3,weekly,college,yes,no,private,57.1
2618,2.0,5.4,92.7,53.0,1.6,daily,graduate,yes,no,public,58.3
2619,0.6,7.2,92.5,71.0,1.5,none,school,no,yes,public,39.9
2620,1.3,7.4,72.7,65.0,9.8,weekly,postgraduate,no,no,public,44.8
2621,3.2,6.9,88.9,61.0,1.5,daily,,yes,yes,public,53.3
2622,2.6,7.8,93.1,68.0,2.9,daily,postgraduate,yes,no,public,68.5
2623,3.3,7.4,92.0,83.0,2.2,weekly,postgraduate,yes,yes,private,79.5
2624,0.8,6.3,95.8,76.0,2.0,weekly,college,yes,no,public,62.4
2625,1.0,7.4,99.8,47.0,0.9,daily,college,yes,no,public,51.3
2626,1.3,8.2,83.2,55.0,6.2,weekly,,yes,yes,public,39.4
2627,5.7,8.2,98.1,52.0,1.2,none,graduate,yes,yes,public,57.8
2628,1.1,7.2,96.0,70.0,2.6,weekly,postgraduate,yes,no,private,62.5
2629,5.6,7.4,88.1,57.0,3.1,none,college,yes,no,public,54.2
2630,2.7,4.5,98.6,57.0,5.1,none,college,yes,no,public,40.7
2631,6.8,5.1,90.0,57.0,4.6,none,school,yes,no,public,60.1
2632,3.8,6.2,94.1,53.0,4.4,none,school,no,yes,public,47.0
2633,3.1,7.8,67.5,64.0,4.7,weekly,school,yes,no,public,59.6
2634,1.8,7.6,97.0,64.0,0.9,weekly,college,yes,no,public,55.0
2635,3.3,7.3,82.8,55.0,3.7,none,graduate,yes,no,public,51.5
2636,1.4,8.9,95.6,69.0,1.5,none,graduate,yes,no,private,67.3
2637,2.2,7.0,92.5,67.0,3.6,none,school,no,no,public,60.9
2638,2.9,8.3,89.2,63.0,5.6,none,graduate,yes,yes,private,66.3
2639,2.8,6.7,91.6,64.0,4.1,none,school,no,no,private,51.4
2640,6.4,7.0,94.9,63.0,3.0,daily,college,no,yes,private,65.8
2641,2.4,8.0,92.6,48.0,5.8,none,school,yes,no,public,48.6
2642,6.0,7.2,95.9,59.0,6.0,none,graduate,yes,yes,public,67.6
2643,3.5,8.7,92.3,54.0,1.1,weekly,graduate,yes,no,private,60.8
2644,3.4,7.5,85.4,67.0,2.2,daily,school,yes,no,public,63.3
2645,1.2,9.7,92.9,63.0,0.6,none,school,yes,no,public,47.7
2646,3.0,5.5,90.9,55.0,5.3,weekly,school,yes,no,public,48.7
2647,3.9,7.9,89.7,61.0,0.7,daily,school,yes,no,private,59.0
2648,3.4,6.0,94.3,72.0,3.4,weekly,graduate,yes,yes,private,58.3
2649,3.8,6.5,95.0,84.0,4.7,weekly,school,yes,no,public,67.6
2650,2.1,8.4,97.8,74.0,4.1,none,college,yes,yes,public,63.3
2651,2.9,7.1,85.7,55.0,0.4,weekly,college,yes,no,public,63.1
2652,6.0,6.7,95.2,57.0,3.4,weekly,graduate,yes,yes,private,66.2
2653,4.2,4.5,98.3,46.0,3.5,none,college,yes,yes,private,46.1
2654,4.8,8.9,96.7,56.0,0.7,weekly,college,yes,no,public,62.8
2655,3.2,8.1,97.4,51.0,2.0,none,postgraduate,yes,no,public,55.1
2656,5.1,8.3,75.0,51.0,3.3,weekly,graduate,no,no,public,43.5
2657,4.6,6.0,92.4,72.0,4.8,none,school,yes,yes,public,60.9
2658,5.2,6.7,99.0,72.0,2.1,none,school,yes,no,private,58.0
2659,13.1,6.3,98.7,56.0,0.8,weekly,school,yes,no,private,71.3
2660,2.7,6.1,86.6,44.0,2.4,weekly,college,yes,no,public,53.5
2661,4.7,7.4,92.5,82.0,7.4,none,college,no,no,public,62.9
2662,4.3,7.6,87.7,69.0,1.5,weekly,school,yes,yes,public,63.2
2663,4.4,6.0,92.5,96.0,0.7,none,postgraduate,yes,yes,public,72.1
2664,2.2,6.2,80.3,85.0,2.7,none,postgraduate,yes,no,private,63.8
2665,4.3,5.0,77.0,41.0,2.8,weekly,postgraduate,yes,no,public,50.3
2666,6.4,7.5,95.2,79.0,0.6,none,graduate,yes,yes,public,80.2
2667,5.7,7.4,95.1,49.0,1.8,none,graduate,yes,yes,private,56.1
2668,1.9,6.7,84.9,74.0,2.4,weekly,school,yes,yes,public,60.3
2669,6.6,6.9,84.9,80.0,3.5,weekly,graduate,no,yes,public,71.4
2670,4.9,5.7,94.8,57.0,2.6,none,school,no,yes,private,49.5
2671,1.2,6.8,93.7,46.0,5.2,none,postgraduate,yes,no,private,54.8
2672,0.5,7.3,86.1,72.0,3.2,none,school,no,yes,public,50.5
2673,2.9,5.8,88.0,59.0,4.0,daily,college,yes,yes,private,54.4
2674,7.4,4.2,92.9,61.0,5.7,weekly,graduate,yes,no,public,61.0
2675,1.0,7.7,71.6,49.0,1.5,daily,school,yes,yes,public,41.9
2676,4.2,8.6,91.7,64.0,0.4,none,school,yes,no,public,60.2
2677,4.2,5.6,92.6,80.0,5.8,none,school,yes,yes,public,57.4
2678,1.4,6.7,91.8,64.0,1.6,none,college,yes,no,private,54.7
2679,2.2,6.8,96.6,58.0,2.1,none,school,yes,yes,public,52.3
2680,6.4,5.2,98.5,37.0,2.0,weekly,school,yes,yes,public,49.5
2681,7.4,7.0,87.8,54.0,1.7,none,school,yes,yes,public,45.2
2682,3.9,7.3,88.9,42.0,0.7,weekly,school,yes,yes,public,51.1
2683,2.3,7.1,97.3,63.0,6.5,none,graduate,no,no,private,63.0
2684,4.1,3.5,98.1,39.0,3.5,none,graduate,yes,yes,private,33.7
2685,1.1,9.0,94.6,86.0,6.2,daily,school,yes,yes,public,58.5
2686,1.6,5.9,98.0,62.0,2.3,none,school,yes,no,public,52.2
2687,3.2,6.2,97.5,69.0,5.5,none,graduate,yes,yes,private,68.9
2688,8.9,7.5,98.3,69.0,3.7,weekly,postgraduate,yes,yes,private,69.6
2689,2.6,6.5,91.0,57.0,2.6,weekly,college,yes,yes,private,54.1
2690,7.6,4.4,98.4,66.0,1.5,weekly,college,yes,yes,public,62.4
2691,0.8,7.9,86.3,48.0,6.3,daily,,yes,no,public,52.8
2692,4.2,4.4,94.5,51.0,0.5,none,college,yes,no,public,39.9
2693,5.8,6.0,89.2,53.0,4.8,none,graduate,no,yes,public,49.3
2694,0.6,8.0,92.6,64.0,4.8,none,school,yes,yes,public,48.0
2695,1.3,7.5,90.7,83.0,1.5,daily,college,yes,no,public,73.9
2696,3.8,7.6,93.7,62.0,2.4,none,graduate,yes,yes,public,61.6
2697,2.8,6.2,93.1,61.0,3.4,weekly,graduate,yes,yes,private,62.8
2698,1.8,6.4,95.6,69.0,1.8,weekly,school,yes,no,private,62.6
2699,1.1,8.3,69.9,65.0,7.7,daily,school,yes,no,private,47.8
2700,4.8,7.4,96.4,70.0,5.9,none,school,yes,no,private,60.7
2701,1.9,6.6,88.4,69.0,2.1,weekly,school,yes,yes,public,57.9
2702,0.2,7.3,94.1,92.0,3.2,none,college,yes,no,public,54.8
2703,2.3,6.8,96.8,68.0,1.0,weekly,college,yes,no,public,64.0
2704,5.5,7.7,98.4,48.0,5.2,weekly,graduate,no,no,public,53.7
2705,3.1,6.2,90.7,63.0,5.7,weekly,graduate,yes,yes,public,61.7
2706,2.6,7.1,94.0,58.0,2.8,weekly,postgraduate,yes,no,public,76.2
2707,1.4,8.8,97.8,55.0,3.2,weekly,school,yes,no,private,55.0
2708,3.1,6.3,97.9,78.0,2.5,none,postgraduate,yes,no,private,56.9
2709,1.1,8.1,94.6,68.0,1.3,weekly,school,yes,no,private,55.9
2710,5.1,8.2,68.0,59.0,1.7,weekly,graduate,yes,no,public,50.3
2711,2.9,4.2,94.9,54.0,4.0,none,school,yes,yes,private,37.3
2712,1.3,4.7,92.3,57.0,2.4,none,postgraduate,yes,no,public,42.3
2713,5.2,4.9,97.7,77.0,0.9,weekly,postgraduate,yes,no,public,74.0
2714,3.5,5.9,92.7,57.0,2.7,weekly,,yes,yes,public,55.6
2715,3.1,,96.2,56.0,2.4,weekly,school,yes,yes,public,53.9
2716,9.4,8.7,81.0,82.0,5.8,none,postgraduate,yes,no,private,78.3
2717,2.1,7.5,93.6,74.0,2.7,weekly,college,yes,yes,private,68.1
2718,3.5,6.4,83.4,48.0,5.2,none,,yes,yes,public,57.1
2719,3.0,5.7,91.7,46.0,2.3,none,graduate,yes,no,public,50.7
2720,4.1,5.4,90.3,80.0,3.4,weekly,school,no,no,public,61.4
2721,2.5,7.6,95.8,53.0,4.3,none,college,yes,no,public,49.5
2722,2.8,6.6,83.2,83.0,2.4,none,school,yes,no,private,68.7
2723,2.2,6.4,80.1,54.0,3.4,none,graduate,yes,no,public,47.1
2724,1.9,6.7,97.8,62.0,0.9,none,graduate,yes,yes,public,56.2
2725,6.5,5.9,89.5,63.0,0.7,none,postgraduate,yes,yes,public,53.7
2726,1.5,6.8,98.6,55.0,7.7,none,college,no,yes,private,55.2
2727,7.7,8.0,79.4,54.0,0.4,none,college,yes,no,public,59.3
2728,4.5,5.3,89.4,74.0,4.5,none,college,no,yes,private,66.0
2729,4.4,6.2,96.2,58.0,5.4,weekly,school,yes,no,private,60.9
2730,2.4,7.0,98.7,55.0,2.0,weekly,school,yes,yes,public,48.1
2731,6.9,5.1,97.8,100.0,2.6,none,school,yes,yes,private,85.2
2732,5.8,7.0,99.1,65.0,5.4,weekly,college,yes,yes,public,65.1
2733,2.8,7.7,97.1,65.0,1.3,none,college,yes,no,public,60.0
2734,9.0,6.1,81.4,50.0,3.8,none,school,yes,no,public,56.4
2735,5.5,10.0,88.7,79.0,1.0,none,postgraduate,yes,no,public,58.2
2736,7.5,7.9,93.9,57.0,6.0,none,college,yes,no,public,62.6
2737,1.0,6.3,94.2,48.0,1.5,weekly,graduate,yes,no,public,45.4
2738,2.0,7.4,80.8,66.0,4.2,none,graduate,yes,no,private,58.5
2739,2.7,6.6,87.7,48.0,4.8,weekly,postgraduate,yes,no,public,58.8
2740,4.7,5.7,98.3,61.0,3.9,none,postgraduate,yes,no,public,58.2
2741,0.1,5.1,78.8,91.0,1.9,daily,school,yes,no,private,46.8
2742,1.9,6.4,80.4,67.0,6.5,daily,college,no,no,private,57.3
2743,0.7,6.7,98.5,54.0,5.2,none,college,yes,no,public,57.2
2744,3.3,5.9,96.6,70.0,2.0,weekly,college,yes,no,private,59.0
2745,2.7,8.1,91.6,65.0,2.6,weekly,graduate,yes,no,public,64.0
2746,1.9,6.1,99.6,60.0,8.8,daily,postgraduate,no,yes,public,59.0
2747,1.7,7.0,92.3,67.0,7.6,none,postgraduate,yes,yes,public,54.9
2748,3.5,4.5,94.2,73.0,5.5,weekly,college,yes,no,private,58.2
2749,5.8,6.1,93.9,76.0,0.8,none,graduate,yes,no,private,62.3
2750,0.6,6.3,82.1,82.0,4.9,daily,college,no,no,public,56.8
2751,2.0,5.9,87.6,64.0,1.9,weekly,graduate,yes,no,private,56.2
2752,9.4,6.3,84.2,56.0,2.0,none,college,no,yes,public,59.3
2753,3.1,8.1,70.8,47.0,4.7,none,school,no,no,private,43.9
2754,3.8,8.1,72.8,48.0,4.6,none,school,yes,yes,public,46.5
2755,1.8,8.7,93.6,77.0,2.0,none,college,yes,no,private,50.7
2756,4.2,7.0,99.7,64.0,3.0,none,graduate,yes,no,public,67.9
2757,9.5,5.5,87.0,75.0,2.5,none,school,yes,no,public,61.0
2758,1.8,9.7,85.6,67.0,3.7,daily,,no,yes,private,57.1
2759,3.2,6.9,85.4,68.0,1.5,none,graduate,yes,yes,private,69.7
2760,4.3,4.9,92.9,72.0,5.2,none,graduate,yes,yes,public,55.2
2761,1.7,7.3,85.1,75.0,4.9,none,college,yes,no,private,73.3
2762,5.9,4.4,98.6,70.0,5.7,none,college,yes,yes,public,55.1
2763,3.0,9.7,64.6,64.0,5.7,weekly,college,yes,no,private,53.7
2764,1.2,6.8,92.9,86.0,3.2,weekly,school,yes,yes,private,70.3
2765,2.2,5.7,93.0,68.0,4.2,weekly,postgraduate,no,yes,private,53.7
2766,4.4,7.5,91.8,79.0,5.6,none,graduate,yes,no,public,64.5
2767,2.4,7.6,93.6,78.0,9.7,none,school,yes,yes,public,65.8
2768,1.8,5.8,88.9,37.0,2.7,weekly,graduate,yes,no,public,37.9
2769,3.3,6.3,70.4,67.0,1.4,none,college,no,no,public,57.3
2770,3.3,7.0,95.1,64.0,1.6,weekly,school,yes,no,private,60.3
2771,7.8,8.4,80.6,81.0,3.3,daily,college,yes,no,private,74.3
2772,6.6,6.9,88.5,68.0,3.7,none,graduate,yes,no,private,61.7
2773,3.9,6.1,97.3,65.0,3.3,none,school,no,no,private,55.2
2774,2.0,6.7,82.6,59.0,3.1,none,graduate,yes,yes,public,56.7
2775,3.5,7.9,94.6,57.0,3.9,none,postgraduate,yes,yes,private,56.3
2776,4.8,8.0,97.2,61.0,0.6,weekly,graduate,no,no,private,65.8
2777,2.6,7.1,98.3,52.0,0.7,none,postgraduate,yes,no,public,62.0
2778,2.7,9.0,85.3,59.0,4.7,none,graduate,yes,no,public,48.9
2779,2.8,6.5,99.6,80.0,2.9,weekly,graduate,no,yes,public,75.2
2780,5.1,6.5,99.3,49.0,2.3,weekly,graduate,yes,yes,private,66.4
2781,2.5,7.3,97.6,28.0,7.4,weekly,college,yes,no,public,35.8
2782,2.8,6.3,96.4,43.0,5.2,weekly,college,yes,yes,public,54.8
2783,2.3,8.6,75.2,64.0,1.0,none,graduate,yes,no,public,55.4
2784,1.2,5.7,96.9,51.0,3.8,weekly,school,yes,no,public,44.0
2785,1.8,7.5,84.0,82.0,1.8,weekly,college,yes,yes,public,63.5
2786,5.4,5.8,98.1,71.0,1.7,daily,,yes,no,private,70.5
2787,1.5,7.7,95.9,55.0,2.0,none,,yes,yes,public,61.0
2788,7.9,7.0,92.7,88.0,3.9,none,postgraduate,yes,no,public,79.4
2789,3.4,7.7,87.7,37.0,6.6,none,postgraduate,yes,no,private,53.4
2790,1.0,6.2,97.6,60.0,1.4,weekly,school,yes,no,public,52.7
2791,5.3,,97.7,70.0,5.5,weekly,college,yes,yes,private,67.8
2792,2.6,6.4,90.9,76.0,4.4,none,school,no,yes,public,55.2
2793,5.5,5.1,93.9,56.0,7.7,none,college,yes,no,public,48.3
2794,10.4,6.7,96.1,91.0,2.3,none,school,yes,no,private,81.1
2795,7.5,8.0,85.5,50.0,3.7,none,school,yes,yes,public,56.4
2796,2.5,7.2,65.6,57.0,2.9,weekly,graduate,yes,no,public,45.2
2797,3.2,4.9,91.3,69.0,4.2,none,graduate,yes,no,public,58.5
2798,3.6,7.6,90.0,80.0,6.9,daily,,no,no,public,60.4
2799,3.3,6.3,58.5,73.0,5.2,none,school,yes,no,public,48.6
2800,3.8,7.2,83.9,56.0,1.8,none,graduate,no,yes,public,63.4
2801,2.1,7.2,95.2,60.0,4.0,weekly,school,yes,yes,public,57.4
2802,10.3,8.7,96.5,73.0,4.3,daily,graduate,no,no,public,75.6
2803,3.7,7.5,97.3,60.0,6.6,none,postgraduate,no,no,public,56.3
2804,8.6,5.5,80.2,59.0,1.2,weekly,graduate,yes,no,private,54.6
2805,1.3,8.4,96.1,68.0,2.0,none,college,yes,no,public,50.4
2806,5.5,7.8,91.8,82.0,1.4,weekly,college,no,no,public,71.0
2807,2.4,6.5,96.0,80.0,1.2,weekly,graduate,yes,no,private,75.2
2808,1.6,7.4,83.0,62.0,8.2,none,college,yes,no,public,57.5
2809,3.8,7.6,99.4,68.0,2.3,none,school,yes,no,public,56.4
2810,3.5,7.1,95.2,75.0,1.3,none,school,no,yes,private,52.7
2811,4.1,5.9,93.7,55.0,4.7,daily,school,yes,yes,public,65.1
2812,4.6,7.6,84.2,83.0,4.6,none,school,yes,no,public,67.6
2813,5.0,6.2,93.0,90.0,9.7,none,graduate,yes,no,private,65.4
2814,0.6,8.4,86.0,91.0,0.7,weekly,,yes,no,private,66.7
2815,0.9,6.8,78.2,80.0,2.3,weekly,graduate,yes,no,public,62.9
2816,6.5,9.6,98.5,40.0,2.2,none,school,yes,no,public,44.2
2817,6.7,7.0,85.0,62.0,4.1,daily,college,yes,yes,private,74.9
2818,1.5,8.1,84.7,86.0,2.6,weekly,postgraduate,no,yes,public,62.4
2819,0.3,6.2,97.9,47.0,3.7,weekly,college,yes,yes,public,45.9
2820,4.2,6.8,99.2,75.0,3.9,none,postgraduate,no,no,private,64.1
2821,2.9,8.6,98.9,56.0,2.3,none,college,yes,no,private,61.3
2822,3.7,5.9,90.9,61.0,1.8,none,postgraduate,yes,yes,public,57.3
2823,0.9,6.2,98.9,88.0,6.0,weekly,graduate,no,yes,public,68.0
2824,4.3,6.7,89.4,55.0,3.1,weekly,school,no,no,public,51.7
2825,6.9,6.7,95.9,66.0,3.2,none,school,yes,no,private,65.7
2826,6.5,8.4,82.0,72.0,3.8,none,school,yes,yes,private,67.9
2827,6.4,7.4,82.2,52.0,6.4,weekly,graduate,yes,no,private,62.1
2828,2.1,6.1,83.1,93.0,2.8,none,graduate,no,no,public,54.8
2829,7.1,6.4,98.2,99.0,3.3,none,graduate,yes,no,private,89.5
2830,1.2,7.5,93.3,46.0,5.4,none,college,yes,yes,public,48.6
2831,2.0,7.7,98.4,58.0,1.6,none,college,yes,no,public,50.4
2832,1.0,5.2,98.6,18.0,3.9,none,school,yes,no,private,36.3
2833,1.4,5.4,87.1,74.0,2.3,none,graduate,yes,no,public,51.8
2834,0.5,6.2,89.2,72.0,,none,college,no,no,private,48.2
2835,2.4,7.2,65.2,67.0,2.7,weekly,college,yes,yes,public,57.4
2836,2.0,,93.9,74.0,4.7,weekly,school,yes,no,public,61.6
2837,2.6,,89.4,85.0,0.9,none,,yes,no,private,66.9
2838,2.2,6.7,93.6,78.0,6.0,none,school,yes,yes,private,59.0
2839,3.4,5.9,93.1,68.0,3.9,weekly,college,yes,yes,private,58.0
2840,12.7,7.0,95.3,54.0,3.3,weekly,college,yes,no,public,67.2
2841,1.4,6.5,99.4,50.0,2.1,daily,school,yes,yes,private,61.9
2842,5.3,6.2,94.9,84.0,0.7,weekly,graduate,yes,no,private,67.0
2843,1.8,,97.8,56.0,3.4,weekly,college,yes,yes,private,51.8
2844,0.9,6.2,99.6,70.0,6.6,none,college,yes,no,private,57.9
2845,1.5,7.1,94.9,34.0,1.8,none,school,yes,no,public,43.8
2846,0.9,,79.6,54.0,4.7,none,graduate,yes,yes,public,46.1
2847,1.7,8.2,89.6,88.0,1.3,none,graduate,yes,no,public,70.5
2848,0.8,6.6,94.3,76.0,1.3,none,postgraduate,yes,yes,private,58.2
2849,4.1,6.4,98.5,50.0,0.9,daily,postgraduate,yes,no,private,69.4
2850,3.8,6.6,90.4,78.0,1.9,weekly,postgraduate,yes,no,public,69.0
2851,4.1,4.9,95.2,43.0,2.2,daily,postgraduate,yes,yes,private,54.3
2852,1.4,5.7,96.3,74.0,2.2,none,college,yes,no,public,53.5
2853,9.6,9.7,88.0,90.0,7.9,none,college,yes,no,private,80.7
2854,0.6,6.3,86.2,51.0,6.1,none,graduate,yes,no,public,39.5
2855,7.2,8.3,66.0,69.0,3.4,daily,school,yes,no,public,70.7
2856,1.7,6.6,97.9,66.0,0.2,weekly,college,yes,no,private,69.1
2857,5.8,7.7,95.7,57.0,7.3,none,graduate,yes,yes,public,54.0
2858,7.2,6.6,73.4,74.0,2.4,daily,,yes,yes,public,63.0
2859,4.2,8.6,94.1,47.0,1.8,weekly,graduate,yes,yes,public,45.8
2860,3.1,7.3,97.1,36.0,2.3,weekly,school,yes,no,public,43.7
2861,0.5,6.5,99.8,75.0,2.7,weekly,graduate,yes,yes,public,65.1
2862,4.1,5.7,96.3,76.0,3.5,none,college,yes,no,public,71.7
2863,1.7,5.9,97.6,81.0,3.3,daily,college,yes,no,private,59.6
2864,3.4,4.1,92.6,51.0,4.9,none,college,yes,no,private,50.5
2865,1.0,7.5,88.5,54.0,9.5,none,postgraduate,yes,no,public,50.1
2866,1.3,6.6,86.7,40.0,3.2,none,school,no,yes,private,46.1
2867,3.0,5.0,83.8,74.0,4.4,weekly,graduate,no,no,public,51.3
2868,2.4,6.9,97.5,68.0,3.3,none,college,yes,no,public,59.5
2869,2.7,6.0,95.6,88.0,1.1,none,graduate,yes,no,public,68.5
2870,2.5,6.8,95.8,77.0,0.5,none,graduate,yes,no,public,62.1
2871,7.9,4.9,93.1,68.0,3.6,none,college,no,yes,private,68.9
2872,0.2,5.7,97.7,70.0,1.6,weekly,school,yes,yes,private,52.5
2873,2.9,7.1,91.6,73.0,4.7,none,school,no,no,public,55.9
2874,2.5,5.6,76.2,50.0,8.9,none,college,yes,yes,public,47.0
2875,3.3,6.2,87.6,66.0,2.9,none,graduate,yes,no,private,48.4
2876,1.5,,79.3,49.0,3.0,weekly,postgraduate,yes,no,private,40.9
2877,2.3,8.8,87.2,49.0,3.3,none,school,yes,no,public,49.3
2878,0.6,6.8,97.7,53.0,7.0,weekly,graduate,yes,no,private,47.1
2879,3.5,6.0,96.7,69.0,6.3,weekly,graduate,no,no,public,65.5
2880,1.2,6.3,92.8,42.0,7.6,weekly,graduate,yes,no,private,42.8
2881,4.2,6.6,93.6,68.0,1.2,weekly,postgraduate,yes,no,private,65.7
2882,5.7,6.4,89.6,73.0,7.2,none,college,yes,yes,public,60.7
2883,4.9,9.0,88.1,69.0,2.4,daily,graduate,yes,yes,public,77.8
2884,3.5,4.0,88.9,51.0,1.9,daily,postgraduate,no,no,private,44.1
2885,3.6,6.3,89.7,57.0,5.4,none,postgraduate,yes,yes,public,54.7
2886,2.8,6.6,94.1,79.0,3.5,weekly,postgraduate,yes,yes,public,69.5
2887,0.9,9.0,75.9,72.0,0.8,none,graduate,yes,no,public,47.9
2888,2.4,7.7,90.5,63.0,0.9,daily,college,no,yes,public,69.7
2889,2.0,8.0,88.3,38.0,3.3,weekly,school,yes,no,private,49.1
2890,3.1,6.5,95.3,84.0,5.7,weekly,school,no,no,public,66.9
2891,2.1,5.9,93.3,54.0,5.9,none,college,yes,no,public,45.2
2892,1.7,6.5,99.3,73.0,5.1,weekly,graduate,no,yes,private,61.3
2893,0.8,6.0,96.7,68.0,6.8,none,graduate,yes,yes,private,61.5
2894,4.0,8.3,80.1,60.0,4.2,none,college,yes,yes,public,63.3
2895,1.0,6.7,87.5,62.0,2.9,none,college,yes,yes,public,58.6
2896,4.3,6.3,97.2,56.0,1.7,none,,yes,yes,public,64.5
2897,1.3,7.0,97.7,78.0,0.7,none,school,yes,no,private,69.4
2898,6.0,7.6,93.9,82.0,1.7,daily,graduate,yes,no,public,75.5
2899,3.6,7.4,99.0,86.0,2.2,weekly,graduate,yes,yes,private,79.6
2900,7.4,,95.5,72.0,7.3,none,school,yes,no,public,65.7
2901,3.9,4.7,81.4,61.0,5.2,weekly,college,yes,no,private,48.9
2902,6.0,7.4,95.4,33.0,4.3,daily,graduate,yes,no,private,57.2
2903,3.8,5.7,96.0,85.0,1.6,weekly,postgraduate,no,yes,public,62.9
2904,1.1,10.0,87.8,80.0,2.7,none,school,yes,no,public,55.3
2905,3.2,7.3,97.7,42.0,2.0,none,school,yes,yes,public,50.1
2906,1.5,7.1,96.4,64.0,0.2,weekly,school,yes,no,private,57.7
2907,3.4,5.6,94.9,82.0,3.8,weekly,college,yes,no,private,65.7
2908,10.0,8.9,94.0,48.0,3.0,none,graduate,yes,yes,public,62.2
2909,1.6,6.3,91.6,94.0,4.5,weekly,postgraduate,yes,no,private,74.1
2910,1.3,5.1,89.0,70.0,2.3,none,college,yes,no,public,44.6
2911,3.8,,97.3,74.0,2.0,weekly,,yes,no,private,63.4
2912,2.0,7.7,93.4,63.0,2.4,none,college,yes,yes,public,53.0
2913,6.3,6.6,94.5,52.0,3.6,weekly,college,yes,yes,public,72.9
2914,5.6,6.1,75.9,47.0,3.3,daily,postgraduate,yes,no,private,57.6
2915,6.8,7.3,94.8,66.0,4.1,weekly,school,yes,yes,public,60.5
2916,0.5,5.4,77.9,23.0,0.6,none,graduate,yes,yes,public,28.8
2917,7.8,8.8,78.4,68.0,4.7,weekly,school,yes,yes,private,72.3
2918,6.4,7.4,91.8,70.0,1.6,none,graduate,yes,no,private,70.1
2919,1.1,8.8,93.4,44.0,0.8,weekly,college,no,yes,public,35.4
2920,1.2,5.9,60.6,43.0,1.9,weekly,postgraduate,yes,no,private,45.4
2921,2.4,7.7,99.8,62.0,4.8,none,school,yes,no,private,56.5
2922,4.5,7.1,95.9,62.0,1.5,none,college,yes,no,public,47.0
2923,2.3,6.8,85.8,49.0,7.8,none,graduate,yes,no,public,49.8
2924,2.8,6.3,90.2,46.0,7.9,none,college,yes,yes,private,39.6
2925,1.0,7.4,97.5,74.0,1.2,daily,college,yes,yes,public,55.9
2926,1.1,6.4,96.9,67.0,2.9,weekly,school,no,yes,public,56.2
2927,0.5,6.3,97.5,75.0,4.1,none,college,yes,no,public,61.3
2928,2.7,6.8,63.9,77.0,2.0,weekly,college,yes,no,public,59.4
2929,2.1,6.6,97.0,77.0,2.3,weekly,school,yes,no,public,65.5
2930,2.1,8.4,94.4,60.0,2.4,none,postgraduate,yes,no,public,46.3
2931,4.1,6.9,93.8,65.0,4.5,none,postgraduate,no,no,public,55.0
2932,1.4,8.6,94.0,66.0,2.2,weekly,school,yes,no,public,58.3
2933,2.1,6.5,81.2,26.0,0.9,weekly,college,no,yes,private,43.4
2934,4.7,5.4,92.1,37.0,3.2,none,graduate,yes,no,private,41.4
2935,11.9,7.9,81.5,81.0,6.3,none,graduate,no,yes,public,73.9
2936,0.9,6.3,92.6,64.0,4.8,weekly,graduate,yes,no,private,52.9
2937,0.4,5.4,96.0,41.0,2.9,none,graduate,yes,no,public,33.6
2938,9.5,9.8,93.3,24.0,1.6,daily,postgraduate,no,yes,public,47.3
2939,2.4,7.4,97.3,56.0,5.4,none,postgraduate,yes,yes,private,55.4
2940,5.1,6.1,63.5,95.0,1.6,weekly,college,yes,no,public,72.8
2941,1.9,7.2,94.2,76.0,7.2,weekly,college,no,no,public,61.5
2942,6.2,8.4,92.1,77.0,5.4,none,graduate,yes,no,public,65.7
2943,7.5,7.4,97.9,54.0,5.6,none,college,no,no,public,56.8
2944,1.7,7.6,93.5,86.0,7.2,none,school,yes,yes,public,59.0
2945,10.1,6.7,98.9,77.0,2.8,none,graduate,yes,yes,public,71.0
2946,3.7,9.3,93.1,45.0,4.0,daily,postgraduate,yes,no,private,55.2
2947,6.1,6.2,73.1,75.0,1.2,none,school,yes,no,public,64.8
2948,0.2,6.9,87.4,66.0,1.9,daily,,yes,no,public,51.8
2949,0.9,8.0,72.3,73.0,4.7,weekly,college,yes,yes,public,60.9
2950,3.7,8.2,81.1,67.0,2.4,none,postgraduate,yes,no,public,56.2
2951,1.7,5.9,99.5,57.0,4.3,none,postgraduate,yes,yes,public,56.0
2952,2.7,8.2,95.2,65.0,2.1,weekly,school,yes,yes,public,60.1
2953,2.2,8.8,93.6,52.0,2.0,none,,yes,no,public,50.6
2954,4.6,5.3,89.5,76.0,5.7,weekly,school,yes,yes,private,57.3
2955,5.1,5.6,99.1,89.0,6.0,daily,,yes,no,public,74.5
2956,5.6,4.4,97.0,79.0,2.4,weekly,college,yes,yes,private,73.7
2957,0.7,9.0,95.2,61.0,4.3,none,college,yes,no,public,48.1
2958,0.2,6.5,92.3,47.0,2.6,weekly,school,yes,no,public,41.5
2959,1.1,8.5,85.0,47.0,2.2,none,school,yes,no,private,31.3
2960,4.3,6.2,95.6,56.0,1.3,none,school,no,no,public,48.2
2961,4.9,7.8,97.5,68.0,3.8,none,graduate,yes,yes,public,68.4
2962,3.4,6.3,63.0,58.0,2.7,weekly,postgraduate,yes,yes,private,61.9
2963,2.4,6.5,98.6,74.0,3.4,weekly,college,yes,no,public,62.1
2964,0.7,7.8,89.1,42.0,1.9,none,postgraduate,yes,yes,public,49.4
2965,4.3,6.7,93.1,38.0,1.4,weekly,school,yes,no,private,55.7
2966,7.1,6.5,80.3,72.0,2.1,none,school,yes,yes,private,64.9
2967,1.8,6.9,91.7,58.0,2.0,none,,no,no,public,45.8
2968,3.4,6.1,91.8,76.0,,none,postgraduate,yes,yes,private,68.8
2969,3.7,8.5,97.5,65.0,3.2,daily,graduate,yes,no,public,74.8
2970,8.2,6.4,93.9,74.0,3.7,weekly,postgraduate,yes,no,public,76.0
2971,0.5,6.2,93.1,69.0,5.9,none,graduate,no,yes,public,51.9
2972,2.6,4.9,81.9,61.0,4.4,weekly,school,yes,yes,private,51.0
2973,0.9,7.0,92.2,64.0,2.6,none,graduate,yes,no,public,54.0
2974,1.6,7.7,97.2,75.0,4.1,none,college,yes,yes,private,65.6
2975,1.2,8.4,91.2,36.0,0.8,weekly,college,yes,yes,public,40.6
2976,4.2,3.9,92.9,42.0,2.2,none,school,yes,yes,private,38.9
2977,3.3,7.6,78.8,53.0,3.8,none,college,yes,no,private,47.2
2978,1.5,8.9,96.3,64.0,2.9,weekly,graduate,no,yes,public,63.0
2979,5.1,7.5,86.8,52.0,1.6,none,college,yes,yes,public,61.8
2980,11.3,7.8,89.2,52.0,2.8,none,postgraduate,no,no,public,59.2
2981,1.8,7.4,98.7,100.0,5.4,weekly,postgraduate,yes,yes,private,78.6
2982,2.2,6.1,87.6,78.0,2.4,none,postgraduate,yes,yes,private,69.4
2983,1.3,7.5,82.7,57.0,3.6,none,school,no,no,private,48.8
2984,4.9,6.9,93.2,66.0,1.2,none,college,yes,yes,public,62.9
2985,2.7,6.9,83.7,51.0,1.9,none,postgraduate,yes,no,public,54.5
2986,7.0,5.4,90.5,57.0,6.9,none,graduate,yes,no,public,57.2
2987,7.1,7.4,98.4,71.0,1.8,weekly,college,yes,no,public,75.0
2988,0.6,,85.2,60.0,3.2,none,postgraduate,yes,no,private,51.3
2989,16.0,6.6,93.8,71.0,2.7,weekly,school,yes,yes,private,74.0
2990,6.0,7.5,93.1,51.0,2.8,none,graduate,yes,no,public,61.7
2991,2.1,6.8,91.7,66.0,3.4,daily,postgraduate,yes,no,private,61.8
2992,6.9,6.5,98.5,84.0,2.4,none,school,yes,no,private,72.6
2993,1.2,3.6,85.4,81.0,2.5,weekly,college,yes,no,public,46.1
2994,0.7,6.0,91.1,83.0,4.4,none,school,yes,yes,public,54.9
2995,2.1,7.3,84.5,61.0,4.9,daily,college,yes,no,public,56.8
2996,0.4,7.1,85.2,65.0,1.0,weekly,school,yes,no,private,51.2
2997,3.4,7.0,90.6,74.0,,weekly,college,yes,yes,public,63.2
2998,2.1,6.1,94.2,74.0,1.3,weekly,school,yes,no,public,63.9
2999,1.2,6.5,76.9,62.0,1.4,none,graduate,yes,yes,public,51.7
3000,3.1,7.2,90.7,82.0,0.2,none,college,yes,no,private,60.2
3001,1.4,9.2,92.2,76.0,0.5,none,postgraduate,yes,no,private,69.0
3002,0.9,6.3,96.8,67.0,1.7,daily,school,yes,no,private,62.4
3003,1.4,5.8,99.0,56.0,5.8,daily,graduate,yes,yes,private,51.7
3004,2.5,6.0,94.5,42.0,4.3,none,school,no,no,public,44.2
3005,4.0,6.5,89.0,28.0,4.8,weekly,postgraduate,yes,no,public,56.9
3006,1.2,7.0,87.9,39.0,3.8,weekly,college,yes,no,public,40.9
3007,3.5,6.2,95.1,60.0,4.4,none,college,no,no,public,56.6
3008,3.9,,96.1,81.0,2.8,none,postgraduate,no,yes,public,75.6
3009,4.2,4.9,93.5,52.0,2.5,weekly,college,no,no,public,46.0
3010,3.4,5.8,94.4,78.0,6.0,daily,graduate,yes,yes,public,65.2
3011,2.2,7.4,93.9,55.0,7.2,none,school,yes,yes,private,52.5
3012,1.6,7.8,97.8,88.0,2.7,weekly,college,yes,no,public,71.1
3013,0.4,4.5,94.4,92.0,1.4,weekly,graduate,yes,no,public,59.5
3014,5.8,10.0,94.3,68.0,2.6,daily,graduate,yes,yes,public,64.2
3015,7.8,6.4,74.3,43.0,2.6,weekly,school,yes,no,public,53.3
3016,4.6,7.2,86.7,70.0,0.9,daily,graduate,yes,no,public,64.6
3017,2.4,4.7,68.0,39.0,0.8,none,postgraduate,yes,no,private,38.5
3018,2.2,4.7,92.6,64.0,6.1,none,postgraduate,yes,yes,public,44.5
3019,6.8,6.0,96.1,60.0,3.4,none,graduate,no,no,private,56.0
3020,5.3,5.8,82.5,67.0,,weekly,graduate,no,yes,private,62.9
3021,5.3,9.6,91.7,74.0,0.7,weekly,school,yes,no,public,59.1
3022,4.9,6.1,85.0,47.0,3.0,none,college,yes,no,private,48.0
3023,1.4,5.8,76.7,44.0,6.7,weekly,postgraduate,yes,no,private,40.3
3024,4.7,6.5,87.1,76.0,3.6,daily,graduate,yes,no,public,67.0
3025,5.2,7.5,97.9,69.0,2.2,weekly,school,yes,yes,public,79.6
3026,1.3,10.0,96.5,67.0,1.7,daily,graduate,yes,no,public,57.8
3027,4.3,7.3,95.7,77.0,7.6,none,school,no,no,private,59.1
3028,0.6,7.1,95.6,54.0,8.2,weekly,graduate,yes,yes,private,46.2
3029,5.4,6.4,98.1,91.0,,weekly,graduate,yes,no,public,72.1
3030,2.9,5.6,90.0,65.0,8.0,weekly,graduate,yes,no,public,51.2
3031,0.7,7.3,98.0,44.0,1.7,none,school,yes,no,public,33.4
3032,5.7,6.2,81.6,62.0,5.4,none,college,no,yes,public,59.3
3033,5.2,8.6,95.1,83.0,1.7,weekly,graduate,yes,yes,public,72.4
3034,3.2,8.5,97.2,52.0,4.0,none,school,no,no,public,52.8
3035,3.2,6.7,91.0,56.0,1.9,weekly,graduate,yes,no,private,55.2
3036,5.1,7.6,97.6,81.0,2.8,none,postgraduate,no,no,private,69.2
3037,4.1,5.6,99.5,79.0,3.4,weekly,college,yes,yes,private,70.1
3038,6.4,10.0,96.9,66.0,2.5,none,college,yes,yes,private,61.3
3039,6.2,8.9,67.8,69.0,3.1,weekly,graduate,yes,no,private,70.3
3040,5.8,6.3,91.9,83.0,1.5,none,school,yes,no,private,65.9
3041,6.8,6.1,94.6,68.0,5.7,weekly,postgraduate,yes,yes,private,69.4
3042,1.1,6.5,96.6,100.0,1.0,none,college,yes,no,private,71.4
3043,3.9,3.7,88.7,38.0,4.7,none,college,yes,no,public,34.3
3044,3.0,5.9,94.3,62.0,0.2,none,school,yes,yes,private,49.5
3045,1.6,5.9,94.2,76.0,3.0,weekly,college,yes,yes,public,64.0
3046,2.2,6.6,88.1,45.0,10.0,none,school,no,no,private,41.7
3047,3.6,7.7,78.0,48.0,3.2,weekly,school,yes,no,private,62.9
3048,1.3,5.6,92.1,64.0,5.8,none,college,no,yes,private,48.8
3049,4.8,5.0,97.1,78.0,1.1,weekly,college,yes,no,private,73.5
3050,2.1,8.5,95.1,65.0,2.2,none,graduate,yes,no,public,54.6
3051,0.3,7.7,90.0,43.0,3.4,none,school,no,yes,public,35.3
3052,3.0,8.1,94.5,47.0,3.1,none,graduate,no,no,public,33.5
3053,7.2,6.1,91.9,67.0,3.6,none,college,yes,no,public,67.7
3054,4.1,7.5,99.9,71.0,7.0,none,school,yes,no,private,60.5
3055,2.3,4.2,84.4,76.0,5.9,daily,school,yes,yes,public,53.7
3056,0.5,5.1,96.2,71.0,1.5,weekly,graduate,yes,no,public,45.9
3057,2.5,6.8,78.7,89.0,5.8,weekly,postgraduate,yes,no,public,54.3
3058,1.2,8.4,98.7,57.0,4.7,none,school,no,no,private,43.4
3059,1.8,6.3,94.5,55.0,6.4,none,graduate,yes,yes,public,49.6
3060,1.5,7.1,83.5,58.0,1.4,none,college,no,yes,public,47.4
3061,10.0,6.9,91.6,64.0,1.9,none,school,yes,yes,private,68.8
3062,1.4,7.9,93.0,90.0,,weekly,college,yes,yes,public,61.8
3063,2.8,8.6,99.7,53.0,3.2,daily,college,yes,no,public,61.9
3064,1.3,6.5,97.2,76.0,3.4,none,graduate,yes,no,public,53.7
3065,4.9,6.4,89.6,54.0,5.2,none,college,yes,no,private,56.2
3066,4.9,5.6,98.1,61.0,1.8,none,graduate,yes,no,private,54.9
3067,2.3,7.8,95.6,67.0,0.6,none,college,yes,no,private,63.1
3068,4.6,6.8,82.1,61.0,5.5,none,school,yes,no,public,49.7
3069,5.7,5.2,87.4,51.0,2.4,weekly,postgraduate,no,no,private,57.8
3070,1.6,5.5,94.8,75.0,2.6,none,school,yes,no,public,60.5
3071,2.6,7.4,97.0,66.0,3.0,weekly,school,yes,no,public,60.0
3072,3.0,9.3,82.5,60.0,4.4,none,,no,no,public,38.9
3073,4.1,5.6,86.6,81.0,5.8,weekly,graduate,no,yes,public,67.4
3074,0.5,6.2,90.4,60.0,1.0,none,graduate,yes,yes,private,49.3
3075,0.9,6.5,87.9,66.0,2.7,none,school,yes,yes,public,57.7
3076,2.5,6.7,98.2,48.0,3.4,none,graduate,yes,no,private,51.8
3077,3.0,6.8,89.9,50.0,9.0,daily,school,yes,no,public,45.2
3078,2.6,6.7,95.9,80.0,1.3,weekly,school,no,yes,public,63.3
3079,1.0,5.5,95.6,81.0,3.7,none,college,no,no,private,59.7
3080,5.8,7.0,85.7,75.0,2.0,none,school,yes,no,private,65.3
3081,1.6,4.7,75.3,52.0,12.1,daily,college,yes,yes,private,40.6
3082,8.7,9.2,81.7,73.0,3.0,weekly,graduate,yes,no,public,72.2
3083,0.8,5.6,94.5,55.0,2.9,none,graduate,no,no,private,45.4
3084,1.8,6.0,95.2,92.0,0.2,daily,college,yes,no,private,69.1
3085,1.6,6.9,86.4,61.0,3.0,none,college,no,yes,public,46.2
3086,4.7,,70.5,60.0,3.7,none,college,yes,yes,public,57.2
3087,6.6,5.9,95.7,86.0,3.6,none,school,no,no,public,69.4
3088,3.0,6.8,96.1,75.0,3.0,weekly,school,yes,no,private,69.1
3089,4.0,8.9,97.4,57.0,2.4,daily,college,yes,yes,private,58.7
3090,1.5,5.7,95.5,25.0,2.5,none,school,yes,yes,public,30.9
3091,2.4,6.5,84.5,78.0,10.4,none,college,no,yes,public,42.0
3092,4.7,7.3,92.8,70.0,2.1,weekly,,yes,yes,public,69.3
3093,3.0,6.5,90.7,47.0,3.1,none,school,yes,no,public,53.1
3094,0.8,6.9,96.1,65.0,2.3,weekly,college,yes,no,public,55.8
3095,10.6,5.6,96.9,57.0,4.4,none,graduate,yes,no,public,55.5
3096,8.2,7.7,85.8,60.0,8.2,weekly,school,yes,yes,public,68.2
3097,6.5,6.3,85.2,53.0,2.3,none,school,yes,yes,public,55.6
3098,2.8,6.7,95.9,83.0,1.7,daily,school,yes,no,private,69.6
3099,8.1,6.8,97.8,47.0,5.1,weekly,college,yes,no,public,62.5
3100,7.4,6.5,94.7,29.0,7.1,none,graduate,yes,no,private,46.8
3101,8.9,8.9,92.5,74.0,9.7,daily,graduate,no,no,private,77.6
3102,5.2,6.1,84.0,82.0,1.5,none,college,yes,no,private,74.8
3103,1.8,4.9,93.8,59.0,1.8,daily,graduate,yes,no,private,52.5
3104,4.2,7.1,94.1,95.0,,daily,postgraduate,yes,no,public,74.3
3105,8.2,6.4,99.4,58.0,5.6,none,college,yes,no,public,58.2
3106,1.8,7.4,82.9,72.0,6.1,none,graduate,yes,no,private,56.2
3107,3.7,7.2,91.9,73.0,1.0,none,postgraduate,yes,no,public,79.2
3108,4.1,6.0,73.4,77.0,1.3,none,,yes,yes,public,72.9
3109,2.6,6.8,90.0,73.0,4.5,none,college,yes,yes,private,62.0
3110,1.4,8.5,94.0,72.0,6.1,none,graduate,yes,no,private,67.0
3111,4.0,6.8,99.3,73.0,1.0,none,college,no,no,public,63.0
3112,4.4,6.3,82.5,91.0,2.5,daily,graduate,yes,yes,private,72.6
3113,3.9,5.9,97.7,65.0,6.5,none,school,yes,yes,public,56.7
3114,2.8,7.3,90.9,56.0,1.9,none,college,yes,no,private,57.9
3115,1.4,5.3,91.7,75.0,2.0,weekly,graduate,yes,no,public,54.5
3116,1.1,8.2,97.5,52.0,1.0,none,school,yes,no,private,47.8
3117,0.6,5.2,82.5,56.0,2.4,none,college,yes,yes,private,52.1
3118,5.4,6.1,89.2,55.0,1.9,none,graduate,yes,no,public,52.9
3119,0.9,6.5,91.3,67.0,4.5,weekly,graduate,yes,yes,public,58.4
3120,1.7,8.2,94.0,67.0,3.0,weekly,graduate,yes,no,private,63.7
3121,1.3,7.8,86.5,76.0,5.5,weekly,college,yes,no,public,60.8
3122,3.0,7.1,96.8,49.0,4.8,weekly,,yes,no,public,57.5
3123,4.4,6.0,98.3,80.0,2.9,none,graduate,yes,no,public,68.0
3124,3.4,7.2,96.2,74.0,5.0,daily,graduate,yes,no,public,66.4
3125,3.8,7.1,93.2,60.0,1.2,weekly,graduate,yes,no,public,61.8
3126,3.1,6.1,88.0,56.0,1.5,none,graduate,yes,yes,private,43.3
3127,3.5,6.5,95.8,74.0,3.7,weekly,graduate,yes,yes,private,81.6
3128,4.0,7.7,88.8,40.0,1.4,daily,graduate,yes,yes,private,51.7
3129,2.9,6.7,90.5,48.0,6.4,none,graduate,yes,yes,public,56.1
3130,0.2,5.5,94.3,65.0,10.8,none,,yes,yes,private,40.9
3131,4.2,6.3,87.7,60.0,1.7,none,graduate,no,no,private,54.4
3132,2.8,6.2,96.8,48.0,1.4,weekly,graduate,yes,yes,private,51.1
3133,1.0,7.3,97.0,74.0,3.0,none,college,yes,no,public,38.3
3134,4.5,8.6,94.6,77.0,9.4,none,graduate,no,no,public,59.9
3135,4.4,6.3,95.6,65.0,1.1,daily,college,yes,no,public,69.9
3136,6.3,7.0,95.3,62.0,,weekly,school,yes,yes,private,67.7
3137,1.5,7.5,91.5,76.0,5.4,none,school,yes,no,private,57.9
3138,0.5,,89.3,64.0,3.6,none,college,yes,yes,public,49.6
3139,2.6,8.0,97.2,58.0,3.6,weekly,school,yes,yes,public,53.3
3140,4.5,6.9,99.1,56.0,3.7,daily,school,no,no,private,59.4
3141,1.6,8.4,93.8,71.0,1.1,weekly,postgraduate,yes,no,public,60.0
3142,0.7,7.1,94.3,74.0,6.6,weekly,college,yes,yes,public,63.4
3143,1.3,10.0,92.5,63.0,1.9,none,graduate,yes,no,public,50.4
3144,5.9,8.5,85.8,56.0,3.8,none,college,yes,yes,public,55.7
3145,2.1,7.7,91.6,76.0,3.8,none,school,yes,yes,private,75.4
3146,2.6,7.6,94.5,70.0,3.8,none,school,no,no,public,63.1
3147,1.3,6.0,98.7,64.0,5.4,none,school,yes,yes,private,55.2
3148,2.9,7.8,88.8,58.0,2.5,none,school,yes,yes,private,71.0
3149,5.6,7.6,97.2,74.0,1.8,weekly,school,yes,no,public,65.7
3150,1.3,,94.0,74.0,1.7,weekly,college,yes,no,public,65.1
3151,0.3,7.6,93.3,67.0,9.6,none,college,yes,yes,public,54.0
3152,0.8,5.2,79.8,59.0,1.1,none,graduate,yes,no,public,43.6
3153,4.4,6.8,96.5,75.0,4.9,weekly,graduate,yes,no,private,66.7
3154,1.0,5.7,94.6,85.0,2.0,none,school,yes,no,public,59.8
3155,2.3,6.9,94.5,38.0,1.2,none,college,no,yes,public,44.9
3156,1.6,6.8,90.8,53.0,3.8,weekly,college,yes,no,private,51.4
3157,5.6,5.1,85.2,51.0,2.3,none,postgraduate,no,yes,public,49.5
3158,1.3,6.9,94.4,44.0,1.2,none,college,no,no,private,38.1
3159,6.6,7.8,92.6,51.0,3.3,weekly,graduate,yes,yes,private,63.2
3160,3.1,7.4,46.1,60.0,2.8,weekly,graduate,yes,no,private,53.3
3161,4.6,6.3,92.4,56.0,3.0,none,postgraduate,yes,no,private,52.4
3162,6.3,6.4,93.2,59.0,3.7,none,,no,no,private,53.6
3163,3.7,6.4,89.2,38.0,5.1,weekly,school,yes,yes,public,48.0
3164,1.7,6.9,97.4,79.0,1.2,weekly,graduate,yes,yes,public,72.3
3165,6.4,6.4,98.2,72.0,5.9,weekly,school,yes,no,public,60.4
3166,0.7,6.8,95.8,61.0,1.5,none,college,no,yes,public,43.5
3167,9.7,5.4,96.3,78.0,0.4,none,graduate,yes,yes,public,79.2
3168,3.6,3.8,95.8,80.0,,none,school,yes,no,public,51.3
3169,7.7,6.1,95.3,38.0,3.2,weekly,graduate,yes,yes,private,64.2
3170,2.4,4.5,96.0,69.0,5.6,none,school,yes,no,private,50.6
3171,2.0,7.7,91.8,45.0,0.6,none,college,no,no,public,42.0
3172,1.2,5.7,98.8,63.0,5.0,none,school,no,no,private,49.2
3173,3.2,5.9,87.9,66.0,4.3,none,school,yes,no,private,56.6
3174,2.5,6.2,96.3,53.0,0.9,none,postgraduate,yes,yes,public,47.5
3175,4.8,5.4,97.8,72.0,1.5,daily,college,yes,no,public,65.8
3176,6.1,7.5,96.0,68.0,6.1,weekly,school,yes,no,private,55.8
3177,1.8,5.9,90.9,78.0,5.2,none,graduate,yes,yes,private,64.8
3178,2.8,9.2,93.2,49.0,4.5,weekly,college,yes,no,public,52.6
3179,3.0,6.4,94.8,70.0,2.3,weekly,graduate,yes,yes,private,73.0
3180,1.0,7.0,95.8,70.0,3.0,daily,school,yes,yes,private,56.4
3181,5.2,6.1,93.2,55.0,2.2,daily,graduate,yes,no,private,61.8
3182,1.0,4.9,77.1,53.0,2.8,daily,graduate,yes,no,public,42.8
3183,0.6,4.3,96.7,59.0,1.5,none,postgraduate,yes,no,public,37.6
3184,3.2,8.2,86.0,60.0,3.2,weekly,graduate,yes,no,private,51.6
3185,2.4,8.7,96.2,71.0,4.0,none,college,yes,no,private,61.9
3186,2.2,6.9,98.7,45.0,2.0,none,postgraduate,yes,no,public,52.3
3187,6.0,8.5,90.7,66.0,4.3,none,graduate,yes,yes,private,69.4
3188,1.3,7.4,84.9,52.0,1.6,none,school,yes,yes,public,53.8
3189,7.3,,96.8,73.0,1.7,none,school,yes,no,private,69.4
3190,1.8,8.9,85.6,51.0,4.7,weekly,postgraduate,no,yes,public,54.9
3191,7.1,5.4,87.2,81.0,2.6,none,college,yes,no,public,64.5
3192,1.3,6.3,95.3,52.0,2.4,none,postgraduate,yes,no,private,54.9
3193,2.0,7.1,96.2,47.0,2.2,none,college,no,no,public,42.3
3194,12.3,6.2,86.3,55.0,1.6,none,graduate,yes,no,public,52.7
3195,5.2,6.9,86.2,75.0,3.0,none,college,yes,yes,private,59.8
3196,0.9,7.3,91.4,56.0,5.2,weekly,graduate,yes,yes,private,51.3
3197,1.2,4.8,98.6,74.0,12.0,weekly,postgraduate,yes,no,public,56.9
3198,3.9,6.2,90.5,65.0,6.0,none,school,yes,no,public,55.1
3199,5.4,5.0,94.0,89.0,2.6,weekly,school,yes,no,public,71.6
3200,4.3,7.8,97.2,48.0,1.7,weekly,postgraduate,yes,yes,private,70.2
3201,1.7,5.8,92.8,48.0,4.7,none,school,no,yes,private,36.8
3202,1.3,6.6,86.4,40.0,5.1,none,postgraduate,yes,no,public,41.4
3203,3.5,6.1,94.5,76.0,2.5,none,graduate,no,no,private,66.2
3204,5.2,7.1,86.1,67.0,1.6,none,college,yes,no,private,60.0
3205,3.5,8.4,89.1,47.0,1.6,weekly,postgraduate,yes,no,public,56.7
3206,2.7,5.9,76.4,79.0,5.0,none,school,yes,no,private,64.4
3207,0.8,8.9,89.0,87.0,1.5,none,school,yes,no,public,51.4
3208,6.3,9.2,96.9,43.0,0.5,daily,school,yes,no,private,48.9
3209,0.5,6.0,94.0,35.0,3.8,weekly,school,no,yes,private,38.5
3210,0.7,7.1,82.6,80.0,4.5,weekly,postgraduate,no,yes,public,64.3
3211,6.7,6.0,88.9,42.0,0.8,weekly,postgraduate,yes,no,private,58.2
3212,3.2,6.3,86.2,69.0,1.2,none,school,yes,yes,private,71.3
3213,0.4,5.3,87.5,86.0,4.0,none,graduate,no,no,public,61.2
3214,0.7,7.1,89.6,82.0,3.3,weekly,school,no,no,private,59.6
3215,7.5,9.4,92.6,61.0,3.7,weekly,graduate,yes,no,private,66.6
3216,7.4,7.8,88.5,51.0,5.4,weekly,graduate,no,yes,public,49.7
3217,5.1,5.7,88.9,73.0,2.9,weekly,graduate,no,no,private,61.4
3218,2.2,7.4,95.0,60.0,,none,postgraduate,yes,yes,public,51.3
3219,3.3,5.7,81.5,66.0,6.7,weekly,college,yes,yes,private,59.5
3220,1.6,5.6,94.6,72.0,3.4,weekly,graduate,no,no,private,66.7
3221,1.3,7.2,91.8,79.0,6.8,weekly,college,yes,yes,public,64.2
3222,6.5,6.8,95.4,47.0,4.1,none,graduate,yes,yes,public,52.0
3223,4.2,6.7,94.9,66.0,2.6,none,graduate,yes,no,private,63.5
3224,2.8,6.8,87.7,67.0,8.6,weekly,,yes,yes,public,55.8
3225,3.8,7.7,94.9,44.0,3.5,weekly,postgraduate,yes,no,public,57.8
3226,1.5,6.9,89.8,46.0,5.4,none,school,yes,no,public,51.8
3227,0.3,6.7,90.3,66.0,2.2,daily,graduate,yes,no,private,66.2
3228,4.4,5.0,91.8,67.0,2.7,weekly,school,yes,no,private,47.8
3229,2.1,7.0,98.3,69.0,8.3,daily,graduate,no,yes,public,60.4
3230,5.5,6.7,69.0,64.0,1.5,daily,postgraduate,yes,no,public,63.7
3231,5.4,4.7,83.2,84.0,8.4,none,graduate,yes,no,private,65.8
3232,8.6,5.3,95.5,87.0,7.9,weekly,school,yes,yes,public,67.8
3233,0.4,8.2,92.3,63.0,5.2,weekly,postgraduate,yes,no,public,61.0
3234,3.3,7.8,96.2,61.0,8.9,weekly,school,yes,yes,private,59.9
3235,4.6,5.4,90.3,57.0,4.2,none,school,yes,yes,public,58.8
3236,3.4,5.6,96.6,68.0,1.7,none,school,yes,no,private,59.1
3237,4.9,7.7,85.9,52.0,,none,postgraduate,yes,yes,private,52.0
3238,2.8,6.2,89.0,61.0,0.6,none,college,no,yes,public,59.0
3239,4.4,6.7,98.7,47.0,1.2,weekly,,no,yes,private,64.2
3240,2.8,4.6,89.1,80.0,4.2,weekly,college,yes,no,private,63.9
3241,3.3,6.8,95.8,52.0,1.9,weekly,college,yes,no,private,64.7
3242,3.2,7.6,90.2,54.0,2.3,weekly,school,yes,yes,public,65.4
3243,4.3,6.1,95.9,57.0,1.5,weekly,,no,no,public,56.0
3244,1.2,7.1,99.5,100.0,2.3,weekly,graduate,yes,no,public,80.8
3245,0.1,5.5,86.9,59.0,1.1,none,graduate,yes,no,private,47.6
3246,1.0,5.1,96.0,60.0,3.1,none,school,yes,no,public,44.4
3247,2.7,7.9,86.9,59.0,3.1,none,graduate,yes,yes,public,58.3
3248,5.7,6.2,97.5,63.0,5.2,weekly,graduate,yes,no,public,63.9
3249,4.6,7.9,92.1,55.0,2.0,none,school,yes,yes,private,62.0
3250,0.9,,89.2,63.0,3.9,daily,graduate,yes,yes,public,58.3
3251,1.3,8.6,88.1,63.0,3.4,weekly,college,yes,no,public,51.8
3252,2.3,6.1,99.7,73.0,3.2,none,graduate,yes,no,public,65.6
3253,5.2,6.5,80.3,45.0,4.7,none,school,yes,no,public,48.6
3254,3.5,7.4,85.5,80.0,6.0,weekly,postgraduate,yes,no,public,68.1
3255,1.8,6.0,94.1,58.0,14.0,none,school,yes,yes,private,47.4
3256,3.9,5.2,98.9,68.0,7.7,none,college,no,no,private,55.0
3257,1.9,6.4,96.4,54.0,5.0,none,graduate,yes,yes,public,54.6
3258,3.4,8.3,86.2,54.0,4.6,weekly,graduate,yes,yes,public,67.4
3259,2.1,7.1,97.5,53.0,5.2,none,college,yes,no,private,50.1
3260,1.2,7.7,77.6,60.0,0.6,none,graduate,yes,yes,public,58.0
3261,4.2,6.7,99.1,67.0,3.8,daily,school,yes,no,private,64.1
3262,6.9,4.5,97.5,69.0,1.6,none,postgraduate,yes,yes,private,64.9
3263,4.7,6.5,95.9,46.0,2.5,weekly,school,yes,no,private,59.7
3264,1.1,6.1,92.7,81.0,1.0,none,graduate,yes,no,public,62.8
3265,2.5,6.1,76.1,51.0,1.1,none,college,yes,no,private,49.0
3266,4.8,7.0,90.0,62.0,0.7,weekly,graduate,no,no,public,59.0
3267,3.9,7.0,82.4,68.0,3.1,none,school,yes,no,public,53.5
3268,2.4,6.0,91.2,54.0,,weekly,school,yes,no,public,49.3
3269,2.0,8.7,80.7,67.0,0.8,weekly,postgraduate,yes,no,private,62.9
3270,0.2,7.3,86.5,58.0,6.9,none,graduate,no,no,private,47.5
3271,5.4,7.2,93.6,55.0,5.9,none,school,yes,no,public,54.7
3272,3.6,6.7,89.6,57.0,7.7,weekly,college,yes,yes,public,51.6
3273,0.2,8.6,96.8,53.0,3.5,weekly,college,yes,yes,private,50.9
3274,2.7,6.6,98.9,72.0,11.4,weekly,graduate,yes,yes,public,59.6
3275,6.5,9.0,94.8,38.0,1.1,none,postgraduate,yes,yes,private,55.3
3276,1.8,8.4,88.6,40.0,7.4,weekly,college,yes,no,public,52.8
3277,1.0,6.1,74.2,40.0,1.1,none,college,yes,yes,private,44.5
3278,1.5,5.5,97.2,57.0,6.2,none,college,yes,yes,public,48.5
3279,1.4,6.2,91.7,76.0,3.9,none,school,yes,yes,public,55.0
3280,7.6,7.3,92.1,51.0,3.2,weekly,school,no,yes,public,64.2
3281,8.4,3.5,91.4,62.0,3.8,none,graduate,yes,no,private,48.9
3282,4.0,7.6,83.6,50.0,2.9,weekly,graduate,yes,no,private,53.5
3283,0.9,7.2,91.1,72.0,2.4,none,postgraduate,yes,no,private,58.8
3284,2.2,8.3,88.6,72.0,4.8,none,school,no,no,public,43.3
3285,6.2,6.4,81.2,67.0,1.2,none,college,yes,no,private,71.7
3286,2.1,6.5,98.0,18.0,0.5,none,college,yes,no,private,31.6
3287,8.6,6.6,93.4,59.0,1.8,weekly,college,no,no,public,64.7
3288,5.6,7.8,96.2,61.0,4.7,none,college,yes,yes,public,62.5
3289,9.3,6.5,93.9,81.0,5.1,none,school,yes,no,private,71.7
3290,0.7,5.6,97.0,56.0,7.4,daily,graduate,yes,yes,private,49.3
3291,3.9,4.9,90.2,82.0,6.0,weekly,college,yes,no,public,63.4
3292,9.1,6.9,67.7,50.0,5.1,weekly,college,yes,no,public,56.1
3293,2.6,,90.6,55.0,4.0,weekly,graduate,no,no,public,56.6
3294,6.1,5.5,95.6,80.0,1.2,none,graduate,yes,no,public,69.7
3295,4.7,8.9,98.8,38.0,2.5,none,postgraduate,yes,no,public,43.6
3296,0.5,7.6,95.3,67.0,3.9,none,college,no,no,public,56.9
3297,1.2,,86.9,73.0,3.8,weekly,college,no,no,private,56.8
3298,1.4,5.3,82.8,73.0,6.2,daily,postgraduate,yes,yes,private,55.7
3299,2.5,8.4,85.0,62.0,6.9,none,postgraduate,yes,no,public,60.0
3300,4.1,8.8,94.4,44.0,8.2,daily,school,yes,yes,public,45.1
3301,2.6,6.5,96.9,70.0,6.8,none,graduate,yes,yes,public,69.6
3302,2.3,7.8,92.3,58.0,5.7,none,college,yes,no,private,45.2
3303,6.0,5.9,96.6,43.0,3.5,weekly,college,yes,no,public,53.7
3304,10.9,7.5,78.2,61.0,4.4,weekly,school,yes,yes,private,69.4
3305,0.4,6.0,91.3,71.0,1.1,weekly,school,yes,no,private,49.3
3306,9.2,6.5,89.1,60.0,1.8,none,school,yes,yes,private,70.7
3307,3.1,5.9,94.0,81.0,3.4,weekly,college,yes,no,private,66.8
3308,3.1,6.2,95.4,52.0,4.8,none,graduate,yes,no,private,53.5
3309,9.5,6.5,96.5,60.0,2.5,weekly,graduate,yes,yes,private,74.8
3310,3.3,6.0,92.7,51.0,5.8,weekly,school,yes,no,private,51.3
3311,4.5,6.9,97.1,64.0,7.2,none,,yes,yes,public,66.0
3312,5.3,7.7,85.6,75.0,1.4,weekly,school,yes,yes,private,63.4
3313,0.6,7.9,99.2,100.0,6.5,weekly,college,no,no,private,63.7
3314,0.9,5.9,89.1,52.0,2.2,none,graduate,yes,yes,public,46.3
3315,3.6,8.2,89.6,76.0,4.6,weekly,school,yes,no,public,68.9
3316,1.0,6.9,98.6,88.0,3.9,none,,yes,no,private,63.6
3317,3.3,6.8,96.7,34.0,2.6,weekly,postgraduate,yes,yes,private,52.3
3318,1.2,5.4,94.0,90.0,1.8,none,graduate,yes,yes,public,67.3
3319,1.4,7.1,84.6,68.0,2.5,weekly,school,yes,no,public,57.7
3320,1.5,7.5,94.2,63.0,2.7,weekly,school,yes,yes,public,53.0
3321,8.9,5.9,91.0,45.0,0.6,none,graduate,yes,yes,public,57.0
3322,4.6,6.3,98.8,67.0,,none,graduate,no,no,private,65.6
3323,1.1,6.1,94.4,79.0,5.9,none,school,yes,no,public,52.5
3324,11.3,6.6,96.8,43.0,3.5,weekly,school,no,no,public,56.6
3325,2.1,,93.7,49.0,0.8,weekly,postgraduate,yes,yes,private,48.7
3326,0.7,6.7,70.0,62.0,1.1,daily,college,no,no,private,52.0
3327,5.2,5.9,83.8,49.0,2.6,weekly,college,yes,yes,private,55.8
3328,3.5,6.8,99.7,61.0,0.8,weekly,postgraduate,yes,yes,private,64.5
3329,3.5,6.2,86.0,69.0,7.0,none,graduate,yes,no,private,53.3
3330,8.4,7.5,86.5,48.0,0.7,none,school,yes,yes,public,60.1
3331,6.1,6.8,84.5,49.0,4.0,weekly,college,yes,yes,public,59.8
3332,4.2,8.1,86.7,65.0,4.0,weekly,school,yes,yes,public,56.3
3333,1.8,9.4,75.7,79.0,4.6,none,school,yes,yes,private,64.3
3334,7.6,5.4,98.5,64.0,4.7,none,school,yes,no,public,51.1
3335,1.0,6.1,93.3,62.0,1.9,none,postgraduate,yes,no,public,58.9
3336,1.5,7.6,95.1,55.0,6.1,weekly,graduate,yes,no,public,53.4
3337,2.7,7.6,99.1,52.0,2.3,none,postgraduate,yes,yes,public,55.0
3338,4.2,7.7,86.5,63.0,2.6,none,college,yes,no,public,58.6
3339,4.5,8.2,96.9,45.0,1.7,weekly,college,yes,yes,private,67.4
3340,2.6,7.1,80.3,65.0,0.2,daily,graduate,yes,yes,public,65.1
3341,1.9,5.5,98.7,52.0,0.4,weekly,,no,yes,public,51.9
3342,4.5,8.6,91.8,33.0,1.3,weekly,graduate,yes,yes,public,47.9
3343,4.1,7.2,94.1,46.0,2.6,none,school,yes,yes,private,50.4
3344,2.5,6.9,72.5,66.0,2.2,weekly,school,yes,no,public,65.1
3345,0.7,5.6,97.7,79.0,4.9,weekly,college,yes,no,private,59.6
3346,3.1,7.6,90.7,62.0,6.2,weekly,college,yes,no,public,52.4
3347,4.2,7.4,96.6,71.0,7.1,none,graduate,yes,yes,private,62.3
3348,2.9,7.1,91.4,68.0,2.1,none,graduate,yes,yes,public,56.9
3349,4.0,5.7,85.6,64.0,2.6,weekly,school,yes,yes,public,59.3
3350,1.7,8.4,99.5,58.0,1.8,none,graduate,yes,no,private,58.3
3351,3.9,6.2,92.1,68.0,5.9,none,college,yes,no,public,64.5
3352,4.6,,93.5,68.0,3.7,none,college,yes,no,private,59.6
3353,2.6,8.3,98.8,49.0,1.2,weekly,school,yes,no,public,51.6
3354,3.1,6.2,88.3,62.0,4.1,none,college,no,no,public,56.7
3355,1.0,,82.9,63.0,4.4,none,school,yes,yes,private,55.5
3356,2.5,7.6,96.1,78.0,8.5,weekly,graduate,no,yes,private,67.8
3357,1.0,8.1,98.1,39.0,7.7,none,graduate,yes,yes,public,45.8
3358,2.3,8.2,71.3,64.0,4.4,daily,college,yes,no,private,67.4
3359,3.8,5.4,94.7,53.0,3.6,daily,school,yes,yes,public,61.6
3360,7.8,7.7,97.4,60.0,4.5,none,postgraduate,yes,no,private,64.8
3361,5.8,7.3,94.1,59.0,5.7,none,school,yes,yes,private,52.2
3362,4.2,4.9,86.7,50.0,3.8,none,postgraduate,yes,no,private,49.7
3363,2.7,5.5,94.0,83.0,3.3,none,school,yes,no,private,59.6
3364,1.9,6.7,99.9,43.0,4.0,weekly,school,yes,no,private,55.9
3365,3.5,7.3,95.5,70.0,2.0,none,college,no,no,public,58.6
3366,3.7,9.0,95.7,65.0,1.0,weekly,school,yes,yes,public,58.3
3367,5.2,7.7,88.5,64.0,7.7,daily,school,yes,no,public,57.7
3368,1.5,7.9,83.0,82.0,2.0,none,school,no,yes,private,56.7
3369,1.8,6.8,81.9,61.0,1.7,weekly,graduate,no,yes,public,53.3
3370,0.8,7.4,84.9,62.0,3.8,weekly,school,yes,no,public,57.8
3371,5.0,8.3,88.6,66.0,3.8,none,graduate,yes,no,public,72.5
3372,2.9,6.5,94.6,47.0,3.1,daily,,yes,no,public,57.4
3373,2.4,6.1,91.7,62.0,3.3,none,postgraduate,yes,no,public,57.8
3374,7.6,6.8,96.8,57.0,11.4,daily,postgraduate,yes,no,public,60.4
3375,1.8,6.3,92.1,55.0,4.1,none,college,no,no,public,52.4
3376,9.9,5.2,87.5,48.0,2.4,weekly,graduate,yes,no,public,58.6
3377,7.8,5.0,90.8,81.0,0.8,weekly,school,yes,no,private,67.2
3378,2.0,8.2,98.7,86.0,5.5,weekly,college,no,yes,private,71.9
3379,1.3,5.4,97.3,41.0,3.0,none,college,yes,yes,private,40.2
3380,4.7,6.0,87.4,75.0,4.3,none,postgraduate,yes,no,private,62.4
3381,1.7,6.2,94.4,77.0,6.9,weekly,college,no,yes,public,58.4
3382,2.7,5.9,86.9,74.0,2.0,weekly,graduate,yes,yes,public,70.4
3383,2.7,5.2,99.7,63.0,7.2,none,postgraduate,yes,no,public,61.0
3384,1.4,7.5,95.3,74.0,4.5,none,school,yes,no,public,58.5
3385,8.3,7.1,98.6,49.0,3.9,daily,postgraduate,yes,yes,public,72.3
3386,2.3,7.4,96.1,55.0,4.4,none,college,yes,yes,private,57.0
3387,1.3,7.9,98.9,74.0,5.0,none,postgraduate,yes,yes,public,62.2
3388,5.6,7.7,94.6,48.0,2.3,daily,school,yes,yes,private,63.9
3389,6.5,6.0,89.6,69.0,1.2,none,college,yes,yes,public,64.3
3390,3.6,7.7,96.0,63.0,,weekly,school,yes,yes,private,66.6
3391,3.8,6.3,90.1,85.0,4.4,weekly,graduate,yes,no,public,62.0
3392,3.4,,92.4,66.0,2.2,weekly,school,yes,no,private,59.5
3393,2.7,5.9,97.0,38.0,3.3,weekly,postgraduate,yes,no,public,50.5
3394,2.5,6.8,88.4,40.0,1.0,none,graduate,no,no,public,43.5
3395,4.8,5.2,94.6,87.0,4.3,weekly,graduate,yes,no,private,73.2
3396,3.0,6.9,85.8,69.0,1.4,weekly,college,yes,no,private,48.7
3397,2.7,8.1,99.4,66.0,4.0,none,school,yes,no,public,52.4
3398,4.3,9.1,97.7,34.0,2.1,none,school,yes,yes,private,40.1
3399,1.5,5.3,98.0,79.0,2.8,none,graduate,yes,yes,public,62.0
3400,1.2,7.1,88.8,66.0,2.4,none,college,no,no,private,45.1
3401,0.3,7.2,88.4,73.0,1.6,daily,graduate,yes,no,private,67.7
3402,2.8,6.8,81.0,71.0,5.0,daily,graduate,yes,no,private,61.5
3403,4.2,7.6,97.9,69.0,3.7,none,postgraduate,yes,no,public,66.3
3404,4.8,6.2,98.5,63.0,4.8,none,college,yes,yes,public,62.5
3405,3.6,5.2,94.1,42.0,1.9,none,school,yes,no,public,40.7
3406,5.1,6.1,99.1,46.0,3.3,none,school,yes,yes,public,53.7
3407,1.9,8.3,99.4,59.0,1.0,daily,college,yes,yes,private,56.5
3408,4.5,6.3,96.1,41.0,2.0,weekly,postgraduate,yes,yes,public,61.3
3409,5.0,8.1,93.6,74.0,,weekly,school,yes,no,private,72.2
3410,3.5,7.6,98.7,60.0,1.4,weekly,school,yes,yes,public,64.8
3411,1.5,3.4,97.6,60.0,1.9,none,college,yes,no,private,38.0
3412,3.1,5.7,84.4,33.0,1.9,none,postgraduate,yes,yes,private,37.1
3413,2.3,7.2,88.4,70.0,4.1,none,graduate,yes,yes,private,65.7
3414,0.2,7.3,90.3,57.0,2.5,none,college,no,no,private,39.4
3415,9.5,8.4,95.7,67.0,4.7,none,college,yes,no,public,72.1
3416,1.5,7.2,97.1,60.0,9.3,none,school,no,no,public,43.9
3417,3.4,8.7,96.6,80.0,4.0,none,college,no,no,private,67.3
3418,3.5,6.2,92.6,69.0,2.6,none,college,yes,no,public,53.9
3419,2.0,6.9,95.2,60.0,5.2,none,school,no,no,private,52.7
3420,1.9,7.6,95.5,49.0,4.7,weekly,graduate,yes,no,public,60.5
3421,1.3,7.1,92.6,86.0,3.1,weekly,school,yes,yes,public,68.5
3422,2.3,7.5,93.7,70.0,2.5,weekly,school,no,yes,private,62.5
3423,0.4,5.6,88.8,52.0,2.6,weekly,graduate,yes,no,private,44.4
3424,5.2,7.0,94.2,54.0,3.4,none,college,yes,no,private,56.2
3425,5.0,6.9,96.0,65.0,1.4,none,postgraduate,yes,no,private,56.1
3426,3.5,7.3,97.1,84.0,,none,college,yes,no,public,68.9
3427,0.4,5.9,96.0,57.0,4.0,weekly,school,yes,no,public,45.8
3428,3.0,8.4,90.9,49.0,1.8,weekly,college,yes,no,private,51.4
3429,3.6,7.4,98.2,72.0,11.4,weekly,school,no,yes,private,56.2
3430,4.7,5.8,84.9,46.0,5.6,none,graduate,yes,no,public,52.6
3431,1.7,,96.3,74.0,4.5,daily,graduate,yes,yes,public,66.3
3432,8.2,6.9,94.5,42.0,1.3,none,school,yes,no,public,50.8
3433,7.7,7.7,95.3,62.0,,weekly,college,yes,no,public,69.0
3434,1.0,7.9,94.6,34.0,4.6,none,college,yes,no,public,30.6
3435,1.0,5.8,79.8,70.0,1.4,weekly,graduate,yes,no,private,59.8
3436,11.9,6.5,99.5,70.0,4.4,none,graduate,yes,no,private,77.4
3437,3.2,5.9,92.1,64.0,5.5,weekly,college,yes,no,public,59.4
3438,2.3,8.3,88.6,50.0,0.8,none,college,yes,no,public,52.9
3439,3.3,7.1,84.4,51.0,3.8,none,college,yes,yes,private,57.7
3440,1.3,7.5,95.6,72.0,1.2,weekly,school,no,yes,public,59.2
3441,1.2,7.5,98.0,38.0,3.9,weekly,college,yes,yes,public,45.7
3442,3.4,6.3,92.8,65.0,5.4,weekly,school,no,no,public,56.2
3443,1.9,6.7,93.3,67.0,2.1,none,graduate,yes,no,private,54.9
3444,2.7,7.0,94.1,61.0,2.4,weekly,college,yes,no,public,58.4
3445,5.5,6.4,91.8,53.0,2.7,none,graduate,no,yes,private,56.8
3446,1.2,6.2,88.0,59.0,0.2,none,college,yes,yes,private,47.1
3447,0.8,6.2,86.5,72.0,2.9,daily,school,no,no,public,58.3
3448,1.1,5.5,78.3,71.0,2.1,weekly,college,yes,yes,public,54.5
3449,5.1,5.9,86.8,39.0,2.8,none,postgraduate,yes,no,public,52.5
3450,3.0,6.7,87.3,59.0,1.6,none,school,no,no,public,51.1
3451,1.2,4.9,98.0,66.0,7.0,none,school,no,no,private,55.1
3452,4.3,7.3,90.8,39.0,2.6,none,school,yes,no,public,49.7
3453,6.5,7.6,90.7,62.0,1.8,daily,school,yes,no,public,63.1
3454,4.7,5.7,97.7,63.0,1.2,weekly,school,yes,no,private,60.8
3455,1.5,6.6,90.6,54.0,0.8,none,school,yes,yes,public,43.7
3456,10.2,7.4,99.6,48.0,2.7,weekly,graduate,no,no,private,61.5
3457,1.7,5.3,91.6,51.0,,daily,college,yes,yes,public,47.8
3458,2.2,9.9,93.4,61.0,5.4,daily,college,no,no,public,56.9
3459,1.1,7.4,91.7,57.0,2.8,none,college,no,yes,public,46.4
3460,6.7,7.5,89.7,49.0,5.2,daily,college,yes,no,public,59.8
3461,3.4,8.7,97.0,65.0,4.5,none,graduate,no,no,public,61.5
3462,5.4,8.1,93.6,57.0,2.8,daily,school,yes,no,public,68.1
3463,1.2,7.6,88.8,90.0,2.0,none,college,yes,no,public,63.9
3464,0.3,7.8,95.3,75.0,6.9,daily,postgraduate,no,no,public,55.7
3465,4.4,7.9,94.2,74.0,2.8,none,graduate,no,no,public,57.0
3466,5.3,6.2,94.8,77.0,2.4,none,graduate,no,no,private,69.9
3467,4.6,,84.9,71.0,4.4,weekly,graduate,yes,yes,public,70.2
3468,1.0,6.1,89.9,93.0,4.8,weekly,college,yes,no,public,71.5
3469,6.8,6.4,89.5,73.0,,daily,school,yes,yes,private,69.5
3470,4.3,7.2,96.4,79.0,2.3,none,graduate,yes,no,public,71.9
3471,3.3,4.9,96.1,76.0,3.0,none,school,yes,yes,public,56.0
3472,1.7,7.0,92.1,82.0,7.7,daily,postgraduate,yes,no,private,67.7
3473,1.5,7.4,98.6,48.0,1.0,none,college,no,yes,private,48.7
3474,5.3,7.0,93.8,46.0,5.0,none,postgraduate,yes,yes,public,53.3
3475,5.1,5.2,92.7,66.0,2.9,none,college,yes,no,private,57.8
3476,3.5,6.9,91.6,86.0,2.7,weekly,school,yes,yes,public,74.9
3477,1.7,8.2,86.6,62.0,1.1,none,college,yes,no,public,58.8
3478,5.3,8.3,94.4,62.0,2.4,none,college,yes,yes,public,62.0
3479,11.9,6.9,91.8,79.0,3.7,weekly,school,yes,no,public,83.2
3480,3.1,5.2,96.6,59.0,1.5,daily,college,yes,no,public,58.9
3481,3.6,6.8,74.9,78.0,2.9,weekly,school,yes,no,public,59.1
3482,3.9,5.2,92.7,84.0,2.6,none,postgraduate,yes,yes,private,67.5
3483,2.4,7.0,99.7,44.0,2.6,daily,college,no,no,public,54.3
3484,3.6,6.0,87.8,89.0,3.1,none,school,no,no,public,58.2
3485,1.8,7.0,90.6,46.0,3.0,none,college,yes,yes,public,55.1
3486,2.4,5.6,90.9,73.0,12.5,none,college,yes,no,private,62.8
3487,5.8,7.2,89.4,60.0,2.5,weekly,graduate,yes,no,public,64.1
3488,6.2,6.8,83.6,67.0,6.9,weekly,graduate,yes,yes,public,70.2
3489,8.1,5.6,93.9,31.0,4.5,weekly,school,yes,no,private,40.5
3490,1.7,8.2,85.5,78.0,9.2,weekly,college,yes,yes,public,53.3
3491,1.8,5.8,98.3,76.0,2.5,none,graduate,yes,no,public,60.3
3492,1.8,7.9,94.5,50.0,4.0,none,college,no,yes,private,51.0
3493,3.1,,95.8,71.0,2.6,none,college,no,yes,public,55.7
3494,0.6,4.9,86.6,51.0,3.6,none,school,no,yes,public,36.4
3495,1.8,6.4,99.6,79.0,1.1,none,college,yes,yes,public,70.0
3496,1.7,7.8,98.4,70.0,1.6,none,postgraduate,yes,no,private,61.6
3497,4.2,6.0,80.3,85.0,2.3,weekly,college,yes,no,public,68.0
3498,2.9,7.4,92.4,77.0,2.7,none,college,no,yes,private,69.2
3499,1.3,5.8,98.4,55.0,,none,college,yes,no,public,56.0
3500,4.6,,90.7,100.0,3.2,daily,school,yes,yes,private,81.3
3501,5.4,8.3,93.5,83.0,0.2,weekly,school,no,no,public,76.8
3502,3.0,7.5,70.9,49.0,,daily,school,yes,no,private,54.5
3503,4.5,5.4,92.0,63.0,2.6,daily,school,yes,yes,public,57.2
3504,2.5,6.5,89.0,68.0,11.4,weekly,college,yes,no,private,54.9
3505,5.1,6.7,90.2,55.0,1.0,none,school,yes,no,public,54.3
3506,3.5,5.5,94.6,59.0,2.4,weekly,graduate,yes,no,public,55.8
3507,2.0,4.5,99.3,70.0,7.5,none,school,yes,yes,private,51.4
3508,5.0,6.6,98.9,39.0,6.6,none,school,no,yes,private,47.4
3509,1.2,6.5,79.2,76.0,1.9,none,school,no,yes,private,57.5
3510,5.9,6.5,95.5,64.0,1.6,daily,postgraduate,no,no,public,63.6
3511,2.7,8.2,89.1,64.0,4.7,daily,postgraduate,yes,yes,private,65.5
3512,5.1,,95.7,61.0,2.9,none,school,yes,yes,public,64.6
3513,0.9,8.4,92.0,73.0,3.1,weekly,school,yes,yes,public,64.1
3514,2.5,7.8,96.8,65.0,0.8,none,graduate,no,yes,public,63.0
3515,3.4,5.3,80.2,78.0,3.2,weekly,school,no,no,private,54.7
3516,1.8,4.3,91.2,75.0,5.2,none,college,yes,no,public,47.8
3517,2.2,6.7,89.5,69.0,2.8,none,graduate,yes,yes,private,60.0
3518,7.4,8.2,98.5,67.0,3.1,daily,school,yes,yes,private,74.3
3519,2.5,7.7,69.3,88.0,10.3,none,college,yes,yes,private,64.1
3520,9.0,6.6,96.3,50.0,3.3,none,school,yes,yes,public,58.5
3521,6.7,7.4,93.9,82.0,5.1,none,college,yes,yes,public,70.1
3522,2.8,5.8,88.7,79.0,3.1,none,graduate,yes,yes,private,60.5
3523,3.3,7.4,95.2,70.0,6.2,none,school,no,no,private,52.8
3524,2.4,8.3,94.5,60.0,0.9,none,school,yes,no,public,50.7
3525,2.9,7.6,95.3,66.0,1.1,none,school,yes,no,private,62.2
3526,2.1,7.6,83.9,89.0,3.7,none,college,yes,yes,public,58.3
3527,1.4,6.1,98.3,54.0,2.2,none,college,no,no,public,43.9
3528,1.9,7.2,96.0,66.0,1.3,none,school,yes,no,public,55.8
3529,10.5,6.5,98.0,81.0,4.0,weekly,graduate,yes,no,public,75.5
3530,2.4,6.7,92.4,86.0,4.3,weekly,school,yes,yes,private,65.8
3531,3.3,6.6,89.0,58.0,2.3,daily,college,no,no,private,58.2
3532,1.9,7.0,89.5,62.0,1.5,weekly,postgraduate,yes,no,private,64.6
3533,3.8,6.8,84.8,59.0,0.8,weekly,postgraduate,no,no,private,60.7
3534,5.2,5.9,89.8,66.0,1.7,weekly,school,no,yes,public,72.5
3535,1.6,6.1,91.9,49.0,1.8,daily,postgraduate,yes,no,public,59.8
3536,4.7,7.2,98.0,37.0,7.6,weekly,graduate,yes,no,private,49.6
3537,0.2,7.8,79.1,54.0,1.8,none,graduate,yes,yes,private,48.3
3538,2.4,7.8,92.0,51.0,3.3,none,college,yes,no,private,52.6
3539,1.9,8.8,92.9,65.0,7.8,none,graduate,yes,yes,public,54.4
3540,1.3,5.1,92.8,63.0,4.7,weekly,graduate,yes,yes,private,64.7
3541,1.3,7.7,80.0,78.0,0.7,weekly,graduate,yes,no,private,68.1
3542,6.4,6.7,94.0,91.0,6.1,weekly,school,yes,no,private,73.2
3543,6.7,6.2,94.0,45.0,4.0,weekly,graduate,yes,no,private,58.2
3544,0.7,8.5,98.8,56.0,2.2,none,school,yes,yes,public,54.7
3545,11.4,6.1,97.4,59.0,5.3,weekly,school,yes,yes,private,73.6
3546,4.6,6.6,98.7,49.0,2.1,none,school,yes,no,private,48.2
3547,6.3,7.6,96.4,72.0,6.8,none,postgraduate,yes,no,public,64.3
3548,1.6,6.9,91.8,62.0,1.9,weekly,college,yes,no,private,58.2
3549,4.0,5.9,97.7,84.0,6.5,weekly,graduate,yes,yes,public,80.0
3550,4.7,6.1,97.2,71.0,1.8,weekly,school,no,yes,public,73.5
3551,1.0,8.6,92.4,74.0,6.6,weekly,school,yes,no,private,53.7
3552,1.7,5.2,87.7,72.0,3.6,weekly,school,yes,no,private,60.1
3553,4.7,9.0,98.7,47.0,6.4,weekly,graduate,yes,no,private,52.1
3554,3.1,,96.2,58.0,3.8,daily,school,yes,yes,private,64.8
3555,4.7,8.9,91.5,73.0,2.6,weekly,college,no,no,public,62.8
3556,8.4,7.5,93.6,81.0,5.3,none,college,yes,yes,public,70.7
3557,1.9,8.7,87.0,63.0,3.2,weekly,,yes,no,public,59.1
3558,2.1,9.5,92.7,62.0,3.0,none,school,no,no,public,60.8
3559,1.8,5.7,98.6,68.0,2.8,none,graduate,yes,no,public,45.1
3560,2.4,5.7,79.6,51.0,2.5,daily,college,yes,no,public,58.7
3561,1.8,6.5,97.9,86.0,3.3,none,graduate,yes,no,public,68.8
3562,5.6,6.0,84.8,35.0,2.9,none,school,yes,no,private,49.6
3563,9.2,7.2,94.0,37.0,0.7,daily,college,yes,no,private,56.2
3564,3.3,6.0,90.5,56.0,4.8,none,postgraduate,no,no,public,55.5
3565,2.8,9.4,97.1,72.0,1.1,none,college,yes,no,public,60.2
3566,5.5,7.1,89.1,69.0,5.5,weekly,college,yes,yes,private,73.1
3567,1.1,7.7,89.4,50.0,2.4,weekly,graduate,yes,yes,public,56.0
3568,2.5,9.8,90.3,68.0,,none,postgraduate,yes,no,public,44.5
3569,4.7,7.6,91.8,43.0,7.9,none,graduate,yes,no,public,47.1
3570,1.4,6.3,94.8,72.0,3.1,daily,college,yes,no,public,58.0
3571,3.1,5.1,88.8,75.0,1.2,weekly,postgraduate,yes,no,public,61.9
3572,7.2,7.2,86.6,41.0,4.3,daily,college,yes,no,private,65.4
3573,3.7,5.1,92.7,56.0,4.7,weekly,postgraduate,yes,yes,private,54.7
3574,5.0,6.2,98.9,78.0,1.3,none,college,yes,no,public,69.0
3575,2.6,6.7,98.7,79.0,2.8,weekly,college,yes,no,public,67.1
3576,2.2,,95.3,51.0,4.3,none,college,yes,no,private,46.2
3577,1.8,7.8,96.7,67.0,9.4,weekly,college,yes,no,private,64.1
3578,4.8,6.8,99.3,78.0,1.4,none,college,yes,yes,public,64.7
3579,0.6,6.6,93.4,89.0,,none,school,no,yes,private,67.7
3580,4.4,4.3,96.8,72.0,1.0,weekly,graduate,yes,yes,public,66.4
3581,1.7,6.9,95.7,60.0,9.3,daily,college,yes,no,public,53.7
3582,0.6,5.4,63.7,73.0,3.9,none,school,yes,no,public,47.9
3583,6.1,7.8,68.3,78.0,0.8,weekly,school,yes,yes,private,68.4
3584,0.7,7.5,82.3,88.0,3.1,none,college,yes,no,public,59.5
3585,6.6,6.7,94.9,55.0,2.6,none,college,yes,yes,public,63.0
3586,2.4,8.2,88.3,59.0,3.0,weekly,college,no,no,public,47.6
3587,3.9,7.7,94.8,77.0,8.0,none,graduate,yes,yes,public,64.8
3588,2.1,7.7,95.3,38.0,1.9,none,school,yes,yes,public,42.3
3589,6.2,6.2,86.6,43.0,2.5,weekly,school,yes,no,public,53.8
3590,2.9,8.5,93.4,58.0,5.9,none,graduate,yes,yes,public,51.8
3591,4.9,7.0,84.5,37.0,1.2,weekly,postgraduate,yes,yes,public,49.1
3592,3.2,6.4,93.7,58.0,2.5,none,college,yes,yes,public,58.2
3593,2.0,5.4,92.5,42.0,3.5,weekly,postgraduate,yes,no,public,45.7
3594,1.7,4.2,83.7,36.0,4.7,none,college,yes,no,private,32.9
3595,0.8,5.7,96.5,76.0,1.0,none,school,yes,no,private,53.8
3596,3.5,6.3,95.7,53.0,4.4,weekly,school,no,yes,public,58.7
3597,3.3,7.1,93.9,79.0,2.0,none,college,yes,no,public,62.1
3598,2.1,7.0,82.9,57.0,0.7,weekly,graduate,yes,no,private,53.9
3599,2.0,5.7,86.0,72.0,2.0,none,college,yes,yes,public,69.9
3600,5.9,7.4,94.6,72.0,2.0,daily,college,yes,no,public,71.3
3601,5.7,7.7,81.1,55.0,6.3,none,school,yes,no,public,55.0
3602,2.6,5.4,91.7,77.0,5.5,none,graduate,yes,yes,public,57.7
3603,9.2,7.0,94.4,60.0,0.7,weekly,school,no,no,public,62.2
3604,3.4,6.0,89.9,76.0,1.2,weekly,postgraduate,no,yes,private,65.8
3605,0.7,6.3,87.6,47.0,5.0,none,college,yes,yes,public,38.9
3606,1.9,5.3,86.5,53.0,,weekly,school,yes,yes,public,49.2
3607,2.2,4.6,94.5,56.0,3.0,weekly,graduate,yes,yes,public,61.3
3608,3.2,4.9,96.8,58.0,3.6,weekly,school,yes,yes,private,54.0
3609,2.3,7.9,71.4,77.0,2.5,weekly,college,yes,no,public,63.4
3610,1.0,4.8,91.7,52.0,1.4,weekly,school,no,no,private,38.9
3611,4.0,7.0,95.9,86.0,3.9,weekly,school,no,yes,public,80.8
3612,4.1,7.9,86.5,71.0,5.9,daily,college,yes,yes,public,62.5
3613,4.4,8.3,91.3,54.0,1.3,none,school,yes,no,public,50.6
3614,6.6,6.8,88.7,78.0,3.5,weekly,graduate,yes,yes,private,81.3
3615,0.9,6.1,88.4,74.0,4.4,none,,yes,no,private,52.4
3616,1.5,10.0,92.0,54.0,2.1,weekly,graduate,yes,no,public,43.9
3617,3.8,6.9,99.6,73.0,1.4,weekly,college,yes,no,public,60.7
3618,7.2,4.3,95.2,55.0,6.5,none,graduate,no,no,public,53.2
3619,3.7,8.9,88.8,71.0,3.7,none,graduate,yes,no,public,63.9
3620,1.3,7.0,97.5,82.0,2.1,weekly,school,yes,no,public,68.7
3621,5.7,5.1,92.8,69.0,4.5,none,college,no,no,public,53.7
3622,4.4,5.1,74.9,40.0,5.9,none,postgraduate,yes,yes,public,36.7
3623,4.6,6.3,86.1,53.0,5.2,none,graduate,yes,no,private,45.6
3624,6.8,9.7,95.2,65.0,2.7,none,college,yes,yes,public,62.7
3625,7.7,7.5,91.3,77.0,1.3,none,school,no,yes,public,71.4
3626,4.6,5.4,92.7,51.0,3.5,none,graduate,yes,no,public,59.1
3627,2.2,5.0,94.2,82.0,3.8,weekly,school,yes,no,public,52.8
3628,2.6,7.6,91.5,63.0,4.4,weekly,postgraduate,yes,no,public,64.7
3629,4.5,4.6,97.3,51.0,1.3,none,graduate,yes,yes,public,57.9
3630,3.2,7.0,97.8,57.0,3.4,none,graduate,no,no,private,54.8
3631,1.3,6.3,95.7,76.0,4.7,weekly,school,yes,no,public,55.3
3632,8.9,6.9,93.5,54.0,5.3,weekly,school,yes,yes,private,69.3
3633,2.1,8.1,86.2,67.0,2.8,none,college,yes,no,public,53.7
3634,1.8,7.2,92.8,77.0,2.9,weekly,graduate,yes,yes,private,67.0
3635,8.0,6.2,90.8,68.0,2.3,weekly,college,yes,yes,public,69.2
3636,0.9,6.3,98.1,44.0,5.7,daily,school,yes,yes,private,44.4
3637,2.2,5.2,87.2,67.0,1.9,daily,postgraduate,yes,no,public,64.2
3638,7.6,8.3,96.7,69.0,2.1,weekly,college,yes,yes,private,70.5
3639,0.5,7.4,96.5,69.0,4.6,none,school,yes,yes,public,48.0
3640,2.9,8.7,93.6,82.0,1.1,daily,school,yes,yes,private,76.3
3641,4.3,4.7,81.5,63.0,3.9,none,,yes,no,private,47.1
3642,1.7,7.0,93.2,56.0,5.5,weekly,college,yes,yes,public,55.1
3643,5.0,5.5,91.3,50.0,8.2,none,school,no,no,private,47.7
3644,3.1,5.3,89.7,53.0,1.7,none,graduate,no,yes,public,47.8
3645,1.5,6.7,90.7,75.0,5.8,weekly,graduate,yes,yes,private,59.8
3646,4.9,6.6,93.5,70.0,5.8,none,graduate,yes,yes,public,62.3
3647,0.6,7.2,89.2,88.0,0.5,weekly,college,yes,no,private,78.4
3648,0.2,7.2,97.5,46.0,2.9,none,postgraduate,yes,no,public,52.9
3649,2.1,8.5,93.3,68.0,4.0,none,college,yes,no,private,55.3
3650,2.1,7.3,98.7,63.0,2.2,none,school,yes,yes,private,56.2
3651,2.6,8.6,90.7,57.0,2.1,none,school,no,no,private,56.0
3652,3.9,7.5,97.7,46.0,10.2,weekly,school,yes,no,public,51.1
3653,1.2,6.5,98.8,74.0,3.2,none,school,yes,no,public,52.2
3654,0.3,7.7,96.7,47.0,1.5,none,college,no,no,private,33.2
3655,1.1,4.6,95.3,59.0,3.9,daily,school,yes,no,public,50.7
3656,5.0,5.0,94.8,39.0,0.6,none,college,yes,yes,private,36.1
3657,7.3,,96.5,45.0,0.4,weekly,graduate,yes,yes,private,58.2
3658,1.3,5.3,85.1,65.0,2.8,weekly,college,yes,yes,private,51.3
3659,1.8,6.5,99.1,72.0,1.7,weekly,graduate,yes,yes,public,68.5
3660,1.7,7.7,82.2,78.0,5.5,daily,college,yes,no,private,70.4
3661,4.8,6.4,92.3,76.0,2.7,none,graduate,yes,yes,public,62.5
3662,2.5,6.8,88.2,47.0,7.5,none,school,yes,yes,public,56.7
3663,3.1,6.8,89.8,75.0,2.4,none,graduate,yes,yes,private,68.4
3664,5.0,8.3,99.4,53.0,0.8,weekly,graduate,yes,yes,private,65.8
3665,4.6,6.2,85.2,79.0,0.5,weekly,school,yes,no,private,67.7
3666,0.4,7.3,93.5,81.0,5.9,none,school,no,no,public,54.2
3667,4.9,6.1,81.0,52.0,1.5,none,postgraduate,yes,yes,private,58.1
3668,5.6,6.2,88.3,72.0,4.0,none,postgraduate,yes,yes,public,62.1
3669,2.4,6.0,95.4,78.0,9.2,weekly,graduate,yes,yes,public,62.7
3670,0.4,8.5,87.1,59.0,2.5,none,graduate,yes,no,public,44.0
3671,0.9,4.4,98.5,58.0,1.9,none,college,yes,no,public,40.4
3672,3.9,7.0,81.8,72.0,2.6,none,graduate,yes,no,private,64.4
3673,1.6,8.9,93.7,75.0,4.0,weekly,graduate,yes,no,private,63.7
3674,5.9,6.6,97.3,77.0,2.5,none,graduate,yes,no,private,74.1
3675,2.6,9.6,97.7,40.0,2.4,weekly,school,yes,yes,private,55.5
3676,5.1,6.5,94.8,46.0,2.3,none,college,yes,yes,private,51.5
3677,6.6,6.0,88.7,72.0,3.2,weekly,school,no,no,public,55.4
3678,4.1,4.5,86.7,93.0,1.8,none,college,yes,yes,public,65.4
3679,5.4,6.3,90.5,50.0,0.8,none,college,yes,no,public,56.0
3680,3.0,7.8,84.9,83.0,2.9,none,college,no,no,private,69.7
3681,5.5,9.9,97.0,41.0,3.8,daily,school,yes,no,public,52.6
3682,0.3,6.3,96.6,40.0,3.9,weekly,school,yes,yes,private,38.4
3683,4.4,5.7,95.8,66.0,1.9,none,college,yes,yes,public,50.3
3684,0.8,7.1,95.0,81.0,6.8,none,school,yes,yes,public,53.3
3685,2.5,7.1,94.1,61.0,2.8,weekly,graduate,yes,no,private,68.9
3686,2.6,6.6,92.1,77.0,0.7,weekly,college,yes,no,private,66.6
3687,5.1,7.5,79.2,38.0,5.1,none,postgraduate,yes,no,public,46.7
3688,7.2,7.3,93.9,64.0,2.9,none,graduate,yes,no,private,60.6
3689,5.1,3.0,96.7,68.0,11.8,none,postgraduate,yes,yes,public,37.6
3690,13.0,8.5,91.3,69.0,2.0,weekly,school,yes,no,private,70.4
3691,6.2,7.2,90.2,87.0,7.0,none,college,no,no,private,71.1
3692,2.8,6.8,93.5,76.0,2.2,none,graduate,yes,yes,public,69.4
3693,1.1,6.2,90.4,73.0,7.0,none,postgraduate,yes,yes,public,52.6
3694,8.2,5.9,99.2,82.0,1.4,none,school,yes,no,private,66.5
3695,1.6,5.9,91.0,59.0,4.8,weekly,college,no,yes,public,55.6
3696,4.3,8.0,94.5,39.0,1.5,none,college,yes,no,public,48.9
3697,3.2,4.9,94.3,50.0,14.0,none,school,yes,yes,private,37.1
3698,1.6,8.0,93.8,61.0,2.9,none,college,yes,no,private,56.1
3699,3.5,6.7,95.9,31.0,4.9,none,school,yes,no,public,41.3
3700,5.7,5.3,91.3,85.0,2.3,none,college,yes,yes,public,68.5
3701,6.5,7.5,95.8,67.0,2.5,none,school,yes,yes,public,67.5
3702,4.9,5.5,94.6,60.0,2.2,none,graduate,yes,yes,private,67.9
3703,4.3,8.1,82.3,44.0,6.9,weekly,college,yes,no,public,49.5
3704,1.0,8.8,90.1,55.0,3.8,none,postgraduate,no,yes,public,51.1
3705,4.4,8.3,74.7,53.0,2.0,none,postgraduate,yes,yes,private,54.6
3706,6.4,6.4,88.7,69.0,2.3,none,college,yes,yes,private,63.8
3707,3.3,5.5,91.6,25.0,4.5,weekly,,yes,yes,private,47.0
3708,6.8,5.9,98.9,44.0,2.9,none,school,yes,yes,public,55.8
3709,0.8,4.7,88.0,72.0,2.3,none,college,yes,yes,private,53.1
3710,2.1,6.8,78.5,81.0,4.8,none,graduate,yes,yes,public,66.8
3711,3.4,5.5,94.7,57.0,1.1,weekly,postgraduate,yes,no,public,50.1
3712,0.9,6.2,94.9,83.0,4.3,none,postgraduate,yes,yes,public,60.9
3713,4.6,7.3,98.2,61.0,5.0,weekly,school,yes,no,private,65.4
3714,3.8,5.4,95.0,57.0,3.9,none,graduate,no,yes,private,56.7
3715,3.0,5.1,93.8,59.0,2.8,weekly,postgraduate,yes,no,public,52.6
3716,1.9,8.0,83.5,69.0,,none,college,yes,no,public,55.9
3717,1.0,5.6,96.5,66.0,2.3,none,postgraduate,yes,yes,public,63.0
3718,1.1,7.5,93.2,84.0,4.3,none,graduate,yes,no,public,63.4
3719,3.2,6.4,93.9,59.0,3.0,weekly,school,yes,yes,public,57.4
3720,1.1,6.1,98.6,58.0,4.0,none,school,yes,yes,private,51.8
3721,6.9,5.6,82.8,57.0,4.1,none,school,yes,no,private,53.7
3722,0.5,7.4,92.5,66.0,0.7,none,,yes,no,private,60.9
3723,1.0,7.9,91.9,65.0,4.9,none,school,yes,no,public,53.3
3724,5.1,6.3,88.9,38.0,4.8,weekly,school,yes,no,public,57.5
3725,3.6,5.7,73.4,45.0,3.2,weekly,college,yes,yes,private,43.2
3726,1.7,7.6,94.0,62.0,2.1,none,college,yes,no,public,56.5
3727,2.7,6.6,99.1,60.0,,none,school,yes,no,public,41.1
3728,3.7,6.0,96.2,44.0,2.3,weekly,college,yes,yes,public,52.6
3729,4.3,7.8,83.4,64.0,6.4,none,college,no,no,public,51.5
3730,1.0,6.8,94.6,55.0,10.6,daily,postgraduate,yes,yes,public,53.1
3731,4.3,7.5,95.3,82.0,4.1,weekly,graduate,yes,yes,public,70.5
3732,1.1,6.8,81.2,91.0,4.1,none,school,yes,no,public,60.7
3733,4.0,7.9,95.0,47.0,4.4,daily,school,yes,no,public,50.4
3734,1.8,6.8,89.5,77.0,5.3,weekly,school,yes,no,public,57.2
3735,9.0,7.1,98.7,39.0,2.9,weekly,college,yes,yes,private,57.8
3736,1.2,6.6,96.7,81.0,2.0,weekly,school,yes,yes,public,68.0
3737,4.6,8.9,95.5,60.0,2.8,none,school,yes,yes,private,63.4
3738,2.5,7.0,84.8,46.0,1.9,none,school,yes,yes,public,53.1
3739,2.6,6.5,85.0,72.0,1.2,none,graduate,yes,no,public,54.7
3740,5.2,7.4,87.3,67.0,7.8,none,school,yes,yes,private,57.3
3741,1.1,4.9,82.6,78.0,2.3,none,graduate,no,yes,public,52.4
3742,9.6,6.8,98.7,68.0,0.8,none,graduate,yes,no,private,69.8
3743,9.3,7.6,89.8,54.0,3.3,weekly,college,yes,no,public,66.7
3744,5.8,7.5,93.5,69.0,3.7,weekly,school,yes,no,public,56.9
3745,1.7,7.7,91.7,70.0,4.0,none,graduate,yes,yes,public,56.3
3746,6.6,8.6,97.8,78.0,3.5,none,college,yes,yes,public,75.5
3747,3.1,5.6,90.3,56.0,3.1,none,,no,yes,private,51.9
3748,0.9,7.7,88.5,79.0,3.7,none,postgraduate,yes,no,private,65.6
3749,5.9,9.8,84.7,61.0,2.7,weekly,postgraduate,yes,no,public,55.1
3750,9.9,6.7,90.4,84.0,0.9,weekly,college,yes,no,public,79.5
3751,3.2,5.9,74.7,74.0,1.8,none,graduate,yes,yes,public,58.6
3752,3.8,7.3,98.7,50.0,2.8,weekly,college,yes,yes,public,51.7
3753,1.9,,95.3,63.0,1.7,none,graduate,yes,yes,public,54.4
3754,5.8,4.1,86.5,67.0,2.6,daily,postgraduate,no,yes,public,62.2
3755,3.0,7.9,90.2,88.0,4.7,daily,school,yes,yes,private,76.9
3756,4.5,5.0,96.1,43.0,,weekly,graduate,yes,no,private,41.8
3757,0.8,6.1,98.9,53.0,2.7,none,graduate,no,yes,public,47.4
3758,2.1,6.7,93.6,70.0,2.3,weekly,graduate,yes,yes,public,64.5
3759,3.0,5.3,93.1,68.0,3.7,none,school,yes,no,public,44.8
3760,1.1,7.4,98.5,54.0,5.3,none,school,yes,yes,public,58.9
3761,0.7,5.2,91.3,69.0,6.3,weekly,postgraduate,yes,yes,public,51.6
3762,1.5,5.5,95.7,56.0,1.4,none,college,no,yes,private,49.2
3763,2.7,7.9,85.3,63.0,6.6,none,graduate,yes,no,private,64.3
3764,1.4,8.6,81.3,51.0,6.5,daily,postgraduate,yes,no,public,47.1
3765,1.8,7.9,97.0,71.0,2.2,weekly,postgraduate,yes,no,private,68.1
3766,2.3,7.3,97.2,61.0,0.6,weekly,school,yes,no,public,54.6
3767,3.6,7.0,99.0,81.0,2.9,none,school,no,no,public,61.3
3768,2.1,7.4,98.0,66.0,5.4,weekly,school,no,no,public,57.5
3769,1.5,6.9,87.0,65.0,4.9,none,graduate,yes,yes,public,56.7
3770,1.6,7.1,96.7,75.0,8.0,weekly,college,yes,no,private,61.9
3771,8.6,7.9,96.9,72.0,6.7,none,graduate,yes,yes,public,68.4
3772,3.8,8.2,93.7,62.0,,none,graduate,yes,no,public,59.7
3773,8.3,5.2,98.4,70.0,2.7,none,postgraduate,yes,no,private,67.2
3774,3.2,5.5,97.2,71.0,3.1,weekly,postgraduate,yes,no,public,67.9
3775,1.2,4.2,93.6,68.0,2.8,none,graduate,yes,no,public,48.5
3776,2.4,8.1,88.0,58.0,2.8,none,school,no,yes,private,54.1
3777,1.7,6.8,96.7,69.0,3.5,none,college,yes,no,private,62.2
3778,3.5,6.3,93.1,33.0,7.2,daily,college,yes,no,private,45.4
3779,1.8,6.3,91.1,71.0,4.2,none,college,yes,no,public,57.1
3780,3.3,6.5,92.0,63.0,2.2,none,college,yes,no,private,59.3
3781,3.3,7.7,85.1,67.0,,daily,postgraduate,no,no,private,58.4
3782,11.4,6.5,75.4,58.0,9.1,weekly,college,yes,yes,public,57.1
3783,3.3,9.0,89.4,52.0,7.5,none,college,no,no,public,47.6
3784,6.7,8.6,96.9,56.0,2.2,none,school,yes,no,private,54.0
3785,1.8,7.6,97.0,98.0,3.2,none,postgraduate,yes,yes,public,78.7
3786,4.8,6.1,95.4,69.0,2.6,daily,graduate,yes,yes,public,78.4
3787,1.2,6.9,97.2,61.0,1.1,none,college,no,yes,private,57.6
3788,2.9,7.3,84.9,72.0,4.0,none,,yes,no,private,59.2
3789,3.5,7.6,99.1,57.0,2.7,none,school,yes,yes,public,65.2
3790,3.2,7.3,58.4,83.0,0.7,weekly,college,yes,no,public,63.9
3791,8.8,7.2,79.5,85.0,,none,college,yes,no,public,81.7
3792,7.7,7.3,87.7,39.0,12.3,weekly,college,yes,no,private,53.4
3793,2.8,8.2,90.8,92.0,0.5,none,graduate,yes,no,public,75.6
3794,0.8,6.5,98.7,71.0,7.5,none,postgraduate,yes,yes,public,54.6
3795,3.7,6.2,93.2,45.0,5.7,weekly,school,yes,yes,public,52.8
3796,2.0,7.2,96.4,75.0,1.8,none,postgraduate,yes,yes,private,61.6
3797,0.6,,80.0,54.0,1.6,none,graduate,yes,no,public,36.5
3798,0.4,6.2,95.5,73.0,6.0,none,graduate,no,no,public,40.3
3799,3.0,6.6,95.1,80.0,1.3,none,graduate,yes,yes,private,77.3
3800,0.5,6.4,94.7,53.0,2.2,none,school,yes,no,private,39.8
3801,4.8,7.1,91.5,46.0,4.6,none,graduate,yes,yes,public,62.2
3802,2.3,7.2,91.8,81.0,4.8,weekly,graduate,yes,yes,public,66.0
3803,2.0,6.9,88.4,61.0,0.2,weekly,postgraduate,yes,yes,public,54.8
3804,5.4,7.1,92.3,71.0,3.6,daily,college,yes,no,public,69.0
3805,4.2,7.0,87.2,49.0,2.1,weekly,postgraduate,no,yes,public,52.5
3806,1.0,7.0,95.7,68.0,3.0,none,graduate,yes,no,public,60.1
3807,2.6,6.4,88.7,22.0,3.0,none,school,yes,no,public,37.1
3808,0.8,6.2,95.7,58.0,1.8,none,college,yes,yes,private,50.2
3809,4.5,5.9,91.2,70.0,3.2,none,graduate,yes,yes,public,67.2
3810,6.5,6.4,84.6,63.0,1.6,none,school,no,no,private,53.0
3811,2.4,7.1,98.5,57.0,,none,college,yes,no,public,54.1
3812,2.4,6.6,99.1,74.0,1.5,weekly,school,yes,yes,private,74.6
3813,4.8,6.5,95.2,76.0,1.0,none,college,yes,yes,public,58.0
3814,2.3,6.3,87.2,45.0,2.4,none,postgraduate,yes,no,public,44.2
3815,0.5,6.4,98.4,54.0,0.8,daily,school,yes,no,public,53.1
3816,2.6,6.7,96.5,63.0,2.5,none,college,yes,no,private,59.8
3817,0.4,6.3,94.5,46.0,4.2,none,college,yes,yes,private,42.7
3818,9.4,5.3,93.4,53.0,1.5,none,school,yes,yes,public,53.9
3819,0.8,5.5,90.8,60.0,1.7,none,college,yes,no,private,46.6
3820,0.9,5.6,90.7,58.0,0.2,none,school,no,no,public,40.1
3821,6.0,7.9,98.0,71.0,2.8,weekly,school,yes,no,public,78.1
3822,1.5,8.2,95.0,61.0,3.4,weekly,school,yes,no,public,51.4
3823,0.7,6.3,90.5,42.0,2.9,weekly,school,yes,no,public,46.4
3824,4.5,4.9,79.6,52.0,1.5,none,school,yes,no,private,40.0
3825,5.5,,96.9,37.0,1.4,none,graduate,yes,no,public,54.7
3826,5.7,5.6,79.9,62.0,4.7,none,college,yes,yes,public,59.2
3827,1.4,5.2,88.6,51.0,2.2,none,school,yes,no,public,39.0
3828,1.1,4.6,91.0,64.0,2.3,daily,,no,yes,public,60.0
3829,0.5,7.5,93.1,66.0,5.5,weekly,school,no,yes,public,54.7
3830,5.0,,96.1,77.0,4.8,none,college,yes,no,public,65.6
3831,0.6,6.8,87.0,41.0,5.2,weekly,postgraduate,yes,yes,public,44.2
3832,4.9,8.7,91.4,50.0,1.8,none,school,yes,no,public,50.7
3833,2.3,,96.9,52.0,6.6,none,graduate,yes,no,private,43.1
3834,1.3,6.1,79.0,71.0,2.0,none,,yes,no,private,47.8
3835,7.3,7.3,99.7,86.0,1.0,weekly,graduate,yes,no,private,86.2
3836,0.5,7.5,91.9,65.0,2.6,weekly,school,no,yes,public,56.1
3837,9.5,7.7,98.5,67.0,4.8,daily,school,yes,no,public,70.8
3838,1.6,5.3,92.5,80.0,2.1,none,school,yes,no,private,58.3
3839,3.2,8.9,81.7,52.0,1.9,none,school,yes,yes,private,48.4
3840,6.5,,93.8,28.0,6.0,none,graduate,yes,yes,public,38.9
3841,3.3,6.9,99.1,64.0,4.8,daily,graduate,yes,no,public,63.8
3842,8.9,7.1,93.8,60.0,2.3,none,graduate,yes,no,public,55.2
3843,6.0,10.0,77.2,45.0,3.9,weekly,postgraduate,yes,yes,private,45.8
3844,2.2,6.5,79.4,50.0,3.0,none,graduate,yes,no,public,40.8
3845,6.8,8.0,95.5,48.0,5.7,none,college,yes,no,public,54.0
3846,4.3,7.9,88.8,53.0,4.4,weekly,postgraduate,yes,yes,private,58.6
3847,7.6,6.7,77.7,65.0,5.1,weekly,graduate,yes,yes,public,65.5
3848,4.2,7.0,94.8,64.0,2.4,weekly,college,yes,yes,private,66.7
3849,3.4,6.2,76.6,93.0,6.7,none,graduate,yes,yes,private,76.0
3850,3.0,7.3,76.0,67.0,8.4,none,graduate,yes,yes,public,46.6
3851,4.6,,80.7,51.0,5.3,daily,school,yes,no,public,49.6
3852,1.6,6.1,73.4,53.0,2.5,none,,yes,no,public,44.1
3853,8.5,7.6,91.9,72.0,2.1,none,school,yes,yes,private,70.6
3854,7.5,6.3,89.2,51.0,4.2,none,school,yes,no,public,56.8
3855,3.3,4.5,97.5,64.0,1.5,weekly,school,yes,no,private,60.4
3856,3.4,4.7,92.0,46.0,4.5,none,school,yes,yes,private,28.3
3857,2.9,5.9,97.2,66.0,4.3,none,college,yes,yes,private,48.1
3858,7.0,9.0,77.3,64.0,7.3,none,graduate,no,yes,private,56.4
3859,1.6,7.8,90.4,33.0,1.5,weekly,college,yes,yes,public,38.9
3860,3.9,5.6,97.0,77.0,2.3,weekly,postgraduate,yes,no,public,74.1
3861,2.7,6.3,88.5,67.0,5.3,weekly,school,yes,yes,private,62.7
3862,4.2,8.0,91.9,53.0,1.2,none,college,yes,no,public,51.4
3863,4.2,6.3,98.1,95.0,3.2,none,school,no,no,public,55.7
3864,6.1,8.5,90.4,64.0,3.3,none,school,yes,no,public,58.8
3865,2.4,8.6,67.4,46.0,9.1,daily,school,yes,no,private,50.0
3866,2.1,4.3,92.5,64.0,5.3,weekly,school,yes,yes,public,46.6
3867,2.7,7.2,96.2,62.0,3.2,none,school,yes,yes,public,46.6
3868,2.2,6.3,96.1,88.0,7.0,none,postgraduate,yes,yes,private,78.4
3869,7.6,7.1,98.4,67.0,6.5,weekly,college,yes,yes,public,68.7
3870,4.5,5.5,96.5,99.0,6.1,none,school,yes,no,public,71.9
3871,0.4,7.8,91.7,62.0,1.8,weekly,graduate,yes,no,private,64.6
3872,3.5,5.8,90.6,66.0,3.6,none,postgraduate,no,no,private,58.1
3873,1.2,,97.3,55.0,6.2,weekly,college,yes,yes,public,47.8
3874,0.8,7.6,94.2,42.0,2.3,none,college,yes,yes,public,46.6
3875,6.6,7.2,85.1,75.0,2.2,weekly,school,yes,no,private,66.3
3876,4.9,8.3,87.7,71.0,1.5,daily,graduate,yes,yes,public,62.3
3877,3.9,6.3,94.9,76.0,2.7,none,school,yes,yes,private,75.7
3878,1.1,8.8,89.5,72.0,,daily,graduate,yes,yes,public,60.5
3879,3.8,5.4,93.9,53.0,3.2,weekly,school,yes,no,private,45.6
3880,3.4,5.9,91.4,57.0,3.5,daily,graduate,no,no,public,60.1
3881,0.4,8.7,99.1,63.0,2.2,weekly,college,yes,yes,private,58.7
3882,1.2,7.8,95.6,55.0,9.5,none,school,yes,no,public,30.7
3883,3.3,5.6,88.4,73.0,3.6,weekly,college,yes,no,public,68.6
3884,3.7,7.0,92.7,73.0,6.3,weekly,college,no,yes,public,66.2
3885,4.1,7.4,87.2,57.0,0.3,none,school,no,no,public,51.0
3886,2.6,7.4,99.3,74.0,4.7,none,college,yes,yes,private,62.2
3887,3.5,4.9,96.2,54.0,6.1,none,graduate,yes,no,private,49.4
3888,1.1,5.5,99.8,88.0,5.0,daily,graduate,no,yes,private,61.2
3889,5.3,6.7,93.2,62.0,2.9,daily,postgraduate,yes,no,public,66.3
3890,4.7,7.3,90.4,87.0,1.0,weekly,graduate,yes,yes,private,78.8
3891,3.9,6.6,93.7,73.0,6.9,daily,postgraduate,yes,no,private,65.2
3892,1.5,,98.0,91.0,5.4,none,college,yes,yes,public,67.0
3893,3.5,6.4,82.7,45.0,2.7,none,postgraduate,yes,no,public,53.7
3894,3.5,7.4,93.9,81.0,5.5,weekly,school,yes,no,public,68.0
3895,1.1,,90.8,50.0,2.0,none,school,yes,no,public,50.3
3896,5.5,7.1,95.6,45.0,3.0,weekly,college,yes,no,private,59.9
3897,5.9,7.4,81.0,74.0,1.7,none,graduate,yes,no,private,62.7
3898,5.4,7.7,83.9,53.0,5.4,none,postgraduate,yes,no,public,53.8
3899,4.2,6.8,94.8,65.0,3.5,none,postgraduate,yes,no,private,66.0
3900,7.3,6.4,89.6,72.0,2.1,weekly,graduate,yes,yes,private,75.1
3901,6.5,5.5,94.3,73.0,4.7,none,graduate,yes,no,private,63.8
3902,2.8,8.2,96.2,48.0,2.7,weekly,college,yes,no,private,52.8
3903,2.9,7.6,97.3,61.0,1.9,none,college,yes,yes,public,60.9
3904,1.3,5.8,82.3,57.0,3.7,weekly,college,yes,no,public,52.5
3905,2.8,7.6,97.3,87.0,3.2,none,school,yes,yes,public,66.4
3906,1.7,7.6,92.4,59.0,3.0,none,,yes,yes,public,49.4
3907,3.9,5.2,95.1,66.0,6.5,none,graduate,yes,no,public,44.3
3908,1.2,,97.7,54.0,2.3,none,graduate,yes,yes,private,44.3
3909,4.8,6.4,91.9,50.0,2.0,none,graduate,yes,yes,public,60.5
3910,6.2,8.0,95.8,99.0,,weekly,college,yes,no,private,75.5
3911,4.7,9.3,95.7,74.0,2.8,daily,graduate,yes,yes,private,69.2
3912,2.7,8.4,86.8,32.0,,none,college,no,no,public,40.9
3913,1.0,7.4,93.1,58.0,4.7,weekly,graduate,no,no,public,61.1
3914,5.8,6.5,89.2,87.0,4.0,none,school,yes,no,public,77.8
3915,2.6,6.3,91.0,60.0,5.6,weekly,school,no,yes,private,54.0
3916,0.9,5.9,94.7,75.0,2.8,none,school,yes,yes,private,64.1
3917,2.9,6.3,99.7,61.0,4.2,weekly,graduate,yes,no,public,57.1
3918,2.8,5.9,95.8,63.0,2.0,none,school,yes,no,private,49.6
3919,4.1,,87.1,67.0,1.3,none,college,yes,no,public,62.7
3920,1.9,8.4,96.1,65.0,1.0,weekly,college,yes,yes,public,57.2
3921,3.5,8.1,97.4,53.0,1.7,none,college,yes,no,private,57.7
3922,0.6,9.3,91.5,60.0,1.7,none,graduate,yes,no,public,45.2
3923,3.4,7.3,97.8,60.0,0.5,weekly,graduate,yes,yes,private,65.4
3924,4.6,9.2,98.3,68.0,3.8,daily,college,yes,yes,private,67.0
3925,1.9,7.6,98.8,77.0,1.2,weekly,graduate,yes,no,private,77.9
3926,6.4,7.5,96.3,61.0,0.4,none,graduate,yes,yes,public,71.3
3927,0.3,6.6,84.8,33.0,1.3,none,postgraduate,yes,no,public,32.6
3928,2.6,,96.0,58.0,2.7,weekly,school,yes,no,public,57.9
3929,2.0,5.7,89.5,26.0,3.0,weekly,school,yes,yes,private,47.3
3930,2.5,6.8,97.0,61.0,6.8,none,graduate,yes,no,private,49.4
3931,2.0,6.4,88.1,56.0,3.1,weekly,school,yes,no,private,43.7
3932,0.7,7.2,73.5,59.0,3.0,none,school,yes,no,public,42.8
3933,1.7,7.6,89.7,50.0,0.4,weekly,graduate,yes,no,private,49.8
3934,0.1,7.5,100.0,58.0,3.9,weekly,college,yes,yes,public,50.3
3935,3.1,7.3,92.1,46.0,1.2,none,graduate,yes,yes,public,50.9
3936,3.1,6.5,96.0,56.0,3.3,none,college,no,yes,public,64.8
3937,2.0,3.2,97.1,53.0,5.2,none,college,yes,no,public,36.3
3938,2.1,8.3,87.5,88.0,4.0,none,postgraduate,yes,yes,private,66.4
3939,3.8,5.1,88.2,49.0,6.1,none,graduate,yes,yes,public,53.1
3940,2.3,7.7,93.8,45.0,2.0,weekly,graduate,no,no,public,56.3
3941,1.9,7.1,79.5,48.0,1.3,none,college,yes,yes,public,42.0
3942,4.5,7.2,95.4,46.0,2.8,none,graduate,yes,yes,private,53.6
3943,3.5,7.1,92.2,38.0,4.8,none,postgraduate,yes,no,public,47.9
3944,7.8,7.6,95.5,73.0,0.7,none,college,no,yes,public,62.2
3945,5.1,7.9,97.0,36.0,1.1,weekly,graduate,yes,yes,private,59.9
3946,1.8,8.8,97.5,67.0,8.2,weekly,postgraduate,yes,no,public,66.5
3947,1.7,5.9,94.3,41.0,4.2,daily,college,yes,yes,public,51.6
3948,4.2,7.7,91.7,45.0,2.0,none,graduate,yes,no,public,48.9
3949,7.2,5.5,98.8,62.0,9.3,weekly,postgraduate,yes,yes,public,66.7
3950,5.5,8.5,98.6,81.0,6.3,weekly,graduate,no,no,public,80.6
3951,3.0,8.1,93.9,91.0,1.5,none,school,yes,yes,private,75.6
3952,3.3,4.6,99.2,72.0,2.4,none,school,yes,no,public,56.8
3953,2.1,8.3,91.5,63.0,7.6,none,graduate,yes,no,public,48.6
3954,5.2,7.5,97.4,68.0,2.9,none,school,yes,yes,private,67.9
3955,6.9,5.2,90.2,43.0,3.0,weekly,graduate,yes,yes,public,51.8
3956,5.7,5.7,83.2,65.0,2.2,weekly,graduate,yes,no,public,54.5
3957,2.1,6.1,98.5,80.0,4.6,daily,postgraduate,yes,no,private,58.3
3958,2.6,9.8,92.7,43.0,5.6,none,graduate,yes,no,private,43.0
3959,4.8,5.5,98.0,77.0,6.8,none,college,yes,yes,public,71.1
3960,2.7,3.8,93.9,64.0,4.4,none,postgraduate,yes,yes,public,45.5
3961,3.9,7.2,85.3,70.0,4.0,weekly,postgraduate,yes,no,public,70.9
3962,7.1,4.1,92.1,50.0,6.0,none,college,yes,yes,public,56.2
3963,1.6,5.8,91.5,65.0,10.2,weekly,college,yes,yes,public,53.6
3964,0.5,6.5,98.1,66.0,2.1,none,college,yes,no,private,52.4
3965,2.5,7.3,89.0,40.0,1.6,weekly,college,yes,yes,private,55.3
3966,6.8,6.1,80.6,70.0,1.6,weekly,graduate,yes,no,private,72.4
3967,2.6,7.4,98.8,68.0,1.1,none,postgraduate,yes,no,private,57.5
3968,4.5,4.5,79.0,74.0,,weekly,,yes,yes,public,53.2
3969,5.9,7.1,76.0,73.0,3.1,none,school,yes,no,public,59.2
3970,3.0,8.6,93.8,73.0,3.7,daily,college,yes,no,public,67.3
3971,1.0,6.2,91.2,55.0,4.6,weekly,graduate,yes,yes,public,58.2
3972,3.3,9.7,94.0,70.0,4.3,none,school,yes,no,private,56.3
3973,2.7,7.4,96.9,60.0,1.7,none,graduate,yes,no,public,55.9
3974,3.3,5.6,90.0,59.0,6.2,none,graduate,yes,no,private,60.7
3975,2.3,6.4,98.6,60.0,2.5,none,school,yes,no,private,51.5
3976,3.1,5.2,87.1,88.0,1.3,none,graduate,yes,yes,public,61.9
3977,6.2,7.5,92.5,64.0,4.4,weekly,postgraduate,yes,no,public,73.3
3978,2.5,6.0,93.3,75.0,4.2,none,postgraduate,yes,no,public,53.3
3979,2.2,5.6,96.1,78.0,4.6,none,school,yes,yes,public,48.8
3980,1.2,7.1,85.9,72.0,7.6,none,graduate,no,yes,private,55.8
3981,2.0,8.4,77.9,74.0,2.2,weekly,school,yes,yes,public,60.2
3982,6.6,,99.0,88.0,3.7,daily,graduate,no,yes,public,80.6
3983,5.4,5.0,90.1,44.0,3.8,none,college,no,yes,private,42.8
3984,2.4,7.6,94.2,92.0,2.5,none,college,yes,no,public,70.2
3985,3.1,8.1,95.9,55.0,3.6,weekly,postgraduate,no,no,private,58.4
3986,1.8,,98.2,66.0,14.0,none,college,yes,yes,private,48.7
3987,8.6,8.6,90.7,43.0,0.4,none,postgraduate,no,yes,private,59.3
3988,0.9,7.8,94.6,44.0,4.4,weekly,school,yes,no,private,47.5
3989,1.4,6.6,80.5,86.0,2.3,none,school,yes,no,private,64.2
3990,3.6,7.0,95.3,64.0,7.0,weekly,college,yes,yes,private,62.9
3991,1.0,6.8,98.5,65.0,5.9,weekly,graduate,yes,no,private,60.4
3992,1.3,5.6,86.7,83.0,9.7,daily,school,yes,no,public,53.2
3993,5.9,6.4,91.7,72.0,4.0,weekly,graduate,yes,yes,private,66.5
3994,3.1,6.0,94.4,52.0,2.8,none,school,yes,yes,public,46.7
3995,2.8,6.7,95.5,67.0,7.5,none,school,yes,yes,public,47.7
3996,6.6,6.8,80.8,74.0,1.6,none,college,no,yes,private,60.1
3997,0.5,7.4,91.0,76.0,0.0,none,school,yes,no,public,54.7
3998,0.9,7.6,95.9,87.0,,weekly,college,no,no,private,67.5
3999,0.9,5.3,95.4,65.0,7.0,none,graduate,yes,yes,private,60.2
4000,6.6,7.5,82.3,89.0,4.1,weekly,graduate,yes,no,private,80.6
4001,4.7,6.6,68.0,46.0,0.4,none,school,no,no,public,54.2
4002,1.2,6.5,78.6,71.0,1.2,daily,school,yes,no,public,60.9
4003,4.3,6.3,91.1,71.0,3.7,none,school,no,no,public,58.6
4004,1.5,6.1,92.3,69.0,3.0,daily,college,yes,yes,public,59.1
4005,2.3,5.7,97.4,76.0,3.0,weekly,graduate,yes,yes,public,76.1
4006,6.5,6.8,97.6,79.0,1.7,weekly,school,no,no,public,74.6
4007,3.0,5.6,83.6,71.0,3.9,weekly,school,yes,no,public,54.2
4008,1.7,7.6,80.3,68.0,2.9,none,graduate,yes,no,public,54.4
4009,4.7,5.6,95.4,73.0,5.6,none,college,yes,no,public,64.8
4010,2.0,7.9,93.2,70.0,1.4,none,graduate,yes,no,private,66.9
4011,4.3,5.8,87.2,66.0,1.0,none,school,yes,no,public,49.4
4012,5.5,6.5,98.6,60.0,8.6,none,graduate,no,no,public,60.5
4013,1.9,4.8,98.7,59.0,2.8,weekly,graduate,yes,no,private,53.2
4014,4.0,6.2,93.0,56.0,,none,college,yes,no,public,54.1
4015,3.5,7.7,94.7,45.0,2.4,weekly,postgraduate,yes,yes,public,57.9
4016,0.6,6.7,91.9,60.0,3.7,none,college,yes,yes,private,51.2
4017,8.3,6.9,91.5,76.0,3.4,weekly,postgraduate,yes,no,public,74.6
4018,4.2,6.6,99.6,86.0,4.3,none,college,yes,yes,private,67.6
4019,6.0,4.9,97.2,52.0,3.8,weekly,graduate,yes,yes,public,50.5
4020,1.4,8.1,94.6,23.0,5.3,daily,graduate,yes,no,public,35.3
4021,0.2,6.2,86.2,57.0,2.6,none,school,no,yes,public,39.0
4022,5.4,6.4,91.7,82.0,7.6,weekly,school,yes,no,private,75.3
4023,1.0,7.4,84.2,59.0,2.6,weekly,school,no,no,private,46.7
4024,2.0,8.3,93.2,77.0,2.4,none,school,yes,yes,public,57.9
4025,0.9,10.0,91.6,83.0,4.2,weekly,school,no,no,public,51.7
4026,4.2,7.5,93.4,67.0,1.9,weekly,graduate,yes,no,public,72.5
4027,1.1,8.5,85.4,30.0,10.5,weekly,college,yes,no,public,26.8
4028,1.3,8.8,81.2,65.0,2.5,weekly,graduate,yes,no,public,46.7
4029,3.4,7.8,96.6,79.0,,weekly,graduate,yes,yes,private,77.8
4030,6.2,9.6,64.0,69.0,2.5,none,graduate,yes,yes,private,64.9
4031,7.6,6.8,94.0,83.0,13.4,none,school,no,no,public,64.6
4032,1.6,5.7,85.0,40.0,6.4,weekly,college,yes,no,private,48.4
4033,6.0,6.5,95.7,52.0,1.2,none,postgraduate,yes,no,private,55.8
4034,3.6,5.5,96.3,59.0,7.3,none,college,yes,yes,public,51.3
4035,4.3,7.2,95.3,51.0,4.2,weekly,college,yes,no,public,65.0
4036,2.3,6.7,90.1,58.0,6.7,daily,college,yes,yes,public,53.7
4037,1.4,5.1,98.2,56.0,3.2,daily,school,yes,yes,public,51.9
4038,4.9,5.4,95.8,74.0,7.3,none,college,yes,yes,public,54.3
4039,6.6,5.2,85.7,62.0,3.2,none,graduate,yes,yes,private,54.3
4040,1.4,6.0,91.1,70.0,0.8,none,college,yes,no,public,64.3
4041,1.7,7.5,95.4,77.0,0.5,none,school,yes,no,private,57.1
4042,2.3,,88.5,54.0,,none,graduate,no,no,private,54.7
4043,2.5,5.6,96.2,68.0,0.4,weekly,college,yes,yes,public,55.6
4044,3.4,7.5,89.8,60.0,1.1,none,school,yes,yes,public,59.9
4045,6.7,6.9,96.9,67.0,3.3,none,school,yes,yes,private,63.6
4046,3.5,7.8,95.8,57.0,6.2,weekly,graduate,yes,yes,public,61.2
4047,4.7,3.6,83.2,89.0,2.2,none,college,yes,yes,private,62.7
4048,6.7,,96.4,56.0,6.9,none,graduate,yes,no,public,57.8
4049,7.3,7.0,96.5,63.0,,none,college,yes,yes,public,64.6
4050,5.3,6.4,93.5,49.0,3.1,none,graduate,no,yes,private,55.9
4051,8.2,6.5,92.8,67.0,3.1,weekly,graduate,yes,no,public,74.5
4052,2.7,6.2,94.1,65.0,6.6,none,school,no,yes,public,57.0
4053,0.9,7.9,98.4,54.0,2.9,none,graduate,yes,yes,private,50.8
4054,6.7,8.5,89.1,73.0,5.6,none,postgraduate,yes,no,private,59.1
4055,2.5,9.5,93.9,60.0,1.8,weekly,college,yes,no,private,64.9
4056,2.0,5.6,89.9,64.0,3.3,none,,yes,yes,public,45.6
4057,6.2,6.6,93.8,63.0,1.9,weekly,,yes,no,public,64.5
4058,2.0,9.5,92.7,36.0,2.0,none,,yes,no,private,55.0
4059,2.4,7.3,86.2,88.0,2.2,weekly,graduate,yes,no,public,66.6
4060,7.1,8.3,96.5,50.0,1.6,daily,postgraduate,no,yes,public,69.9
4061,3.0,6.9,94.4,60.0,,none,college,yes,no,public,61.2
4062,3.1,8.7,93.4,61.0,2.0,none,school,yes,no,private,45.7
4063,5.1,7.9,99.7,57.0,5.2,daily,graduate,yes,no,public,61.8
4064,2.7,8.7,77.0,67.0,8.8,none,college,yes,no,public,53.5
4065,5.4,5.8,95.4,50.0,2.5,daily,college,yes,no,private,63.0
4066,0.8,7.2,72.9,75.0,1.6,none,graduate,yes,yes,private,62.5
4067,5.7,7.5,92.4,56.0,4.5,none,college,yes,no,private,63.4
4068,9.2,6.7,98.4,60.0,5.1,weekly,school,yes,no,private,62.4
4069,10.3,6.0,82.6,59.0,1.8,none,graduate,yes,no,public,72.0
4070,10.6,7.2,93.3,67.0,6.1,weekly,school,yes,no,public,70.2
4071,2.7,6.0,95.9,73.0,3.6,weekly,graduate,no,yes,private,55.4
4072,2.1,4.9,88.1,66.0,4.5,daily,graduate,yes,no,public,55.2
4073,1.8,8.0,85.9,48.0,2.1,none,school,yes,yes,public,43.4
4074,1.6,5.5,92.9,74.0,1.9,none,postgraduate,yes,yes,public,61.2
4075,2.7,7.6,91.4,69.0,3.5,weekly,school,yes,no,public,59.1
4076,3.3,8.4,92.7,52.0,3.0,none,postgraduate,yes,yes,public,56.7
4077,5.9,8.0,91.2,61.0,3.0,none,college,yes,no,private,63.9
4078,1.8,5.4,87.2,80.0,4.9,none,college,yes,yes,public,64.2
4079,2.1,6.0,91.3,56.0,2.6,none,postgraduate,yes,no,public,52.3
4080,2.0,7.1,96.9,44.0,2.3,none,graduate,yes,yes,public,47.1
4081,2.2,8.4,92.6,82.0,1.6,weekly,graduate,yes,yes,private,62.0
4082,4.8,4.6,93.0,69.0,4.4,none,postgraduate,yes,no,public,64.5
4083,8.0,,96.9,44.0,1.6,none,,yes,yes,private,56.4
4084,3.8,6.2,99.5,68.0,1.9,none,graduate,yes,no,private,67.7
4085,2.8,7.2,88.3,57.0,6.7,none,school,yes,yes,public,40.7
4086,2.0,5.6,96.3,57.0,2.9,none,graduate,yes,no,public,58.5
4087,3.5,4.6,97.0,81.0,1.0,weekly,college,yes,yes,public,60.7
4088,3.5,7.6,97.2,68.0,1.2,none,postgraduate,yes,no,private,66.9
4089,4.3,8.3,97.8,74.0,,none,school,yes,no,private,59.8
4090,5.8,,93.4,56.0,7.8,none,college,no,no,public,49.5
4091,9.2,6.5,97.0,51.0,4.7,daily,graduate,yes,yes,public,76.9
4092,1.5,10.0,95.8,54.0,4.3,none,school,no,no,public,36.7
4093,3.5,7.9,74.4,54.0,0.2,none,college,no,yes,private,57.9
4094,2.8,7.0,96.7,74.0,2.5,none,graduate,yes,no,public,63.0
4095,4.6,7.9,95.1,51.0,5.2,weekly,graduate,yes,no,public,58.2
4096,3.0,3.0,66.5,67.0,1.1,weekly,college,no,no,public,35.1
4097,8.7,5.6,87.1,81.0,3.2,weekly,postgraduate,yes,no,private,79.5
4098,4.2,7.4,92.9,54.0,4.9,weekly,college,yes,yes,private,61.8
4099,2.1,5.9,95.9,95.0,8.1,daily,school,yes,yes,public,75.5
4100,2.4,7.4,65.7,20.0,2.5,weekly,college,yes,yes,private,37.0
4101,3.9,6.8,66.8,82.0,10.6,none,graduate,yes,no,public,56.4
4102,7.7,7.9,62.5,59.0,7.1,none,school,yes,yes,public,49.0
4103,0.5,6.2,95.3,81.0,3.0,none,college,yes,yes,public,55.5
4104,4.3,7.7,92.2,80.0,1.4,none,graduate,yes,yes,public,72.3
4105,2.6,3.7,92.3,79.0,7.2,none,college,yes,no,private,51.4
4106,4.8,7.7,88.8,56.0,2.3,daily,graduate,no,no,private,60.5
4107,1.5,5.9,93.4,85.0,6.3,daily,college,yes,yes,public,75.1
4108,1.5,6.5,83.8,60.0,0.7,weekly,school,yes,yes,private,56.5
4109,1.1,8.7,95.1,57.0,7.9,weekly,school,yes,no,public,45.6
4110,6.3,5.5,99.4,73.0,1.3,weekly,graduate,yes,no,public,66.7
4111,2.3,9.1,83.4,59.0,9.0,weekly,school,yes,no,private,50.6
4112,0.8,7.6,96.7,67.0,1.4,weekly,postgraduate,yes,no,public,61.3
4113,0.5,6.7,98.8,52.0,4.0,none,school,yes,no,public,46.7
4114,3.1,7.1,94.3,59.0,9.2,weekly,postgraduate,yes,no,private,57.0
4115,0.8,6.5,88.2,90.0,2.5,weekly,school,yes,yes,public,52.9
4116,5.8,7.8,95.3,46.0,7.0,daily,college,yes,yes,public,64.3
4117,3.3,6.2,93.0,67.0,2.3,none,graduate,yes,yes,public,65.1
4118,3.7,5.6,91.8,77.0,4.0,none,college,yes,yes,public,59.2
4119,0.9,7.5,91.9,66.0,2.2,weekly,school,yes,no,public,59.3
4120,2.5,8.2,87.9,41.0,0.8,daily,,yes,yes,public,44.5
4121,2.0,6.2,85.3,46.0,5.6,weekly,school,yes,yes,public,32.3
4122,3.6,8.6,96.4,60.0,5.1,none,graduate,yes,yes,public,55.0
4123,1.6,7.3,87.5,26.0,1.3,none,postgraduate,yes,yes,public,39.3
4124,2.6,5.4,95.9,47.0,2.9,daily,graduate,yes,no,public,62.3
4125,3.5,8.7,98.5,67.0,1.4,none,school,yes,yes,public,59.4
4126,1.3,,91.4,77.0,3.8,weekly,college,yes,yes,public,54.5
4127,4.0,7.0,90.9,82.0,3.7,weekly,school,yes,yes,private,78.9
4128,5.2,5.3,85.9,80.0,2.0,none,school,yes,no,public,57.8
4129,4.0,6.4,97.3,84.0,9.5,weekly,college,yes,yes,public,73.1
4130,1.1,7.4,87.7,57.0,4.1,none,school,no,yes,private,40.3
4131,3.0,7.2,94.6,66.0,3.4,none,college,yes,yes,private,63.5
4132,2.1,6.8,96.8,73.0,1.0,weekly,college,no,no,public,54.6
4133,2.0,6.9,86.8,83.0,2.9,none,graduate,yes,yes,public,64.4
4134,2.5,6.8,71.5,72.0,1.5,daily,graduate,yes,no,public,68.9
4135,3.1,6.9,89.9,61.0,1.2,weekly,college,yes,yes,public,58.3
4136,3.7,6.7,99.0,36.0,4.0,none,college,no,yes,public,46.5
4137,2.2,7.1,96.1,62.0,11.6,weekly,graduate,yes,yes,private,46.2
4138,3.0,6.7,86.0,69.0,1.4,weekly,school,yes,yes,public,58.8
4139,3.0,6.0,87.0,82.0,12.7,none,college,yes,no,private,64.7
4140,4.2,7.2,90.0,52.0,3.3,weekly,school,yes,no,public,58.2
4141,1.2,6.6,89.8,70.0,1.0,weekly,college,yes,yes,public,65.2
4142,4.6,5.8,96.1,50.0,3.2,weekly,college,yes,no,private,52.2
4143,4.1,8.3,92.8,48.0,1.0,weekly,graduate,yes,yes,public,57.4
4144,4.8,6.1,87.1,13.0,0.6,weekly,college,yes,no,public,26.9
4145,1.2,6.6,85.3,62.0,4.6,weekly,school,yes,no,public,47.0
4146,2.8,6.5,92.0,80.0,2.4,none,school,yes,no,private,51.9
4147,9.4,6.4,93.7,50.0,2.5,none,graduate,yes,no,public,59.2
4148,11.7,7.1,79.6,65.0,2.8,weekly,college,yes,no,public,66.9
4149,2.9,7.8,88.1,71.0,2.9,none,graduate,yes,no,public,67.1
4150,8.6,6.5,66.2,59.0,3.3,none,school,yes,no,private,61.8
4151,3.3,5.9,96.3,52.0,1.8,none,college,yes,no,public,53.3
4152,1.5,5.9,97.8,74.0,6.5,none,graduate,yes,yes,public,60.6
4153,0.9,5.9,89.4,71.0,2.8,none,graduate,no,yes,public,55.1
4154,1.2,5.9,96.1,52.0,4.4,none,graduate,no,no,private,47.4
4155,0.7,8.6,90.8,56.0,7.7,daily,school,yes,no,public,51.7
4156,0.6,7.1,96.2,65.0,1.7,none,college,yes,yes,public,51.4
4157,1.6,5.5,96.6,67.0,4.9,none,college,yes,no,public,52.4
4158,6.5,,91.2,72.0,5.6,none,graduate,yes,yes,private,70.6
4159,0.6,6.9,88.7,56.0,2.1,none,graduate,no,yes,private,43.6
4160,4.5,,91.6,71.0,4.0,none,college,no,no,public,56.6
4161,4.2,7.6,88.9,83.0,1.2,daily,college,no,no,public,71.1
4162,6.1,7.1,83.7,59.0,3.5,weekly,school,yes,no,private,59.2
4163,4.1,6.0,81.2,71.0,2.0,none,school,no,no,public,54.9
4164,1.2,8.4,92.1,46.0,3.1,weekly,college,yes,no,public,51.2
4165,4.5,6.5,49.8,83.0,3.6,none,graduate,yes,yes,public,58.1
4166,9.2,6.1,87.3,62.0,2.3,weekly,school,yes,yes,public,61.8
4167,0.5,4.8,93.7,63.0,8.8,weekly,graduate,yes,no,private,45.1
4168,2.2,6.3,90.6,72.0,4.8,weekly,graduate,no,yes,private,57.7
4169,5.9,5.8,92.2,69.0,6.3,none,school,yes,yes,public,62.4
4170,3.5,7.0,94.4,93.0,3.6,none,graduate,no,no,private,69.1
4171,5.9,5.2,97.3,90.0,4.6,weekly,school,yes,yes,private,74.1
4172,3.3,7.5,90.3,87.0,3.2,none,school,yes,yes,private,68.5
4173,3.1,6.8,67.0,74.0,2.0,weekly,college,yes,yes,public,55.7
4174,2.1,5.8,95.6,70.0,3.2,none,,yes,yes,public,63.2
4175,1.0,6.8,93.8,96.0,0.8,none,college,yes,no,public,69.3
4176,1.0,5.5,97.4,61.0,1.9,none,college,yes,no,public,36.8
4177,4.1,6.8,93.4,65.0,2.6,weekly,graduate,no,no,public,66.4
4178,0.4,6.0,91.7,67.0,1.5,none,school,yes,no,public,43.7
4179,3.4,8.0,89.2,59.0,3.1,none,school,yes,no,public,52.8
4180,4.3,5.8,91.5,71.0,2.5,weekly,graduate,yes,no,private,65.0
4181,0.5,7.4,84.6,53.0,0.8,weekly,school,no,no,public,42.4
4182,3.4,5.0,94.9,75.0,1.6,weekly,graduate,yes,no,public,65.5
4183,0.7,5.4,97.9,73.0,3.7,weekly,school,yes,no,public,52.7
4184,2.4,3.8,95.5,71.0,0.6,none,graduate,yes,no,public,48.7
4185,1.4,8.0,97.5,60.0,0.6,none,graduate,yes,no,public,67.9
4186,4.9,6.2,93.7,59.0,1.5,none,school,yes,yes,public,57.9
4187,3.0,6.4,93.5,83.0,3.6,none,college,yes,no,public,61.5
4188,10.5,6.1,95.8,54.0,1.6,none,school,yes,no,public,57.7
4189,1.3,6.2,95.3,83.0,8.1,none,graduate,no,no,private,58.4
4190,13.7,6.4,86.9,68.0,4.9,none,college,yes,no,public,68.4
4191,1.5,7.6,97.8,68.0,2.6,weekly,graduate,yes,no,private,62.2
4192,1.1,6.5,96.2,53.0,1.1,weekly,graduate,yes,yes,public,50.1
4193,1.3,7.8,93.8,56.0,1.7,none,postgraduate,yes,no,private,56.3
4194,2.5,7.4,92.3,58.0,2.0,none,college,yes,no,public,56.6
4195,6.7,7.5,88.4,53.0,0.4,daily,school,yes,yes,private,60.9
4196,1.6,7.0,90.0,100.0,5.7,none,graduate,no,yes,private,67.1
4197,2.1,5.8,97.3,78.0,4.8,none,postgraduate,yes,yes,public,67.8
4198,2.2,7.5,75.2,53.0,3.3,weekly,school,yes,no,public,47.5
4199,1.9,,92.4,64.0,4.0,none,graduate,yes,no,public,58.6
4200,9.9,6.1,84.2,69.0,3.0,weekly,graduate,yes,no,public,76.3
4201,2.5,7.5,99.3,56.0,1.1,weekly,college,yes,yes,public,59.8
4202,0.7,7.5,98.0,85.0,2.6,none,postgraduate,yes,no,private,63.7
4203,5.7,8.3,80.3,69.0,3.4,weekly,graduate,yes,no,private,67.5
4204,1.0,6.1,92.6,69.0,1.9,weekly,graduate,yes,yes,public,57.0
4205,2.7,6.9,84.2,65.0,1.6,none,graduate,yes,no,private,60.7
4206,4.5,6.5,86.7,47.0,0.8,weekly,college,yes,no,private,51.4
4207,0.8,5.1,92.3,67.0,5.5,weekly,college,yes,no,public,52.5
4208,2.3,8.0,95.6,52.0,6.1,weekly,school,yes,yes,private,53.8
4209,5.4,6.5,93.6,60.0,1.6,weekly,school,yes,no,public,57.9
4210,8.7,7.7,70.6,51.0,6.9,weekly,school,yes,yes,private,50.3
4211,13.6,6.2,95.5,82.0,4.1,none,,no,yes,private,76.5
4212,2.6,8.8,86.2,66.0,3.5,weekly,graduate,no,no,public,54.9
4213,5.0,6.5,94.3,90.0,1.6,weekly,graduate,yes,no,private,74.3
4214,4.9,7.2,87.6,54.0,4.0,weekly,college,no,yes,public,59.6
4215,3.1,5.4,97.7,68.0,0.8,none,graduate,yes,yes,private,61.1
4216,1.6,7.7,98.7,38.0,0.4,weekly,school,yes,yes,public,44.5
4217,2.6,7.4,92.4,66.0,5.5,none,graduate,yes,no,public,57.5
4218,10.0,6.0,90.3,89.0,0.6,none,school,yes,yes,public,77.2
4219,0.7,6.2,93.4,40.0,2.9,weekly,,yes,no,private,49.9
4220,4.1,7.4,81.2,52.0,1.8,none,college,no,yes,private,52.9
4221,3.5,4.2,96.2,56.0,5.7,weekly,school,yes,no,private,41.6
4222,4.9,6.5,96.6,66.0,2.3,none,graduate,yes,yes,public,60.3
4223,3.9,8.0,77.6,76.0,4.5,weekly,school,yes,yes,private,69.0
4224,2.5,6.0,83.2,55.0,2.6,none,college,yes,no,private,65.5
4225,2.1,3.9,96.5,72.0,1.9,weekly,graduate,yes,no,public,51.5
4226,0.8,7.3,80.8,72.0,4.1,none,graduate,no,no,private,63.1
4227,5.5,7.4,93.7,83.0,4.2,none,postgraduate,yes,no,private,71.1
4228,4.1,6.9,91.0,59.0,6.4,none,school,yes,yes,private,50.6
4229,0.9,7.6,90.5,72.0,1.3,daily,graduate,yes,yes,public,59.6
4230,7.0,6.4,94.8,61.0,4.0,none,college,yes,yes,private,68.3
4231,5.1,8.2,94.4,78.0,3.0,none,school,yes,yes,private,61.0
4232,0.9,8.8,88.3,72.0,4.3,none,college,yes,yes,public,62.5
4233,2.0,7.9,75.1,86.0,2.1,none,school,yes,no,public,64.7
4234,2.4,6.2,90.6,71.0,2.3,none,college,yes,yes,public,49.1
4235,16.0,7.8,97.2,86.0,,none,postgraduate,yes,no,private,84.5
4236,1.2,5.8,97.2,81.0,10.5,weekly,graduate,yes,no,public,62.2
4237,5.1,6.7,95.3,45.0,0.8,weekly,college,yes,no,private,54.5
4238,7.7,7.1,91.7,52.0,4.6,weekly,college,yes,no,public,65.0
4239,2.3,7.4,64.3,74.0,2.1,none,graduate,yes,yes,public,57.3
4240,1.6,8.1,90.7,54.0,0.4,none,college,yes,no,private,49.0
4241,6.2,6.4,98.7,62.0,5.8,none,school,yes,yes,public,62.3
4242,1.4,7.0,91.6,69.0,4.9,none,college,yes,no,private,56.0
4243,3.4,7.1,68.9,31.0,4.2,weekly,school,yes,no,private,41.1
4244,4.4,7.8,94.4,60.0,2.2,weekly,college,yes,yes,private,68.1
4245,1.1,5.4,96.8,63.0,2.8,none,school,yes,yes,public,55.9
4246,6.5,5.2,94.6,55.0,6.0,none,graduate,yes,yes,public,55.8
4247,3.2,7.9,71.4,59.0,5.6,none,graduate,yes,no,private,52.9
4248,3.8,6.8,93.8,75.0,3.0,none,college,yes,yes,private,70.3
4249,3.6,6.6,89.2,74.0,1.5,weekly,graduate,yes,no,public,57.3
4250,4.2,6.4,80.4,76.0,,none,college,no,yes,public,66.7
4251,1.7,7.7,95.3,73.0,2.2,none,school,no,no,public,54.5
4252,1.7,6.4,87.7,89.0,7.5,none,college,no,yes,public,62.0
4253,4.5,8.1,91.2,39.0,6.1,none,graduate,yes,no,private,51.5
4254,6.8,7.2,95.4,72.0,4.5,daily,graduate,yes,no,public,73.5
4255,5.2,6.0,98.4,80.0,4.0,none,school,yes,yes,private,82.0
4256,4.5,,88.4,60.0,2.4,weekly,graduate,no,no,public,53.6
4257,5.8,7.7,88.8,57.0,2.1,none,postgraduate,no,yes,public,63.8
4258,2.4,6.8,76.4,69.0,7.5,weekly,college,yes,yes,public,57.7
4259,2.0,6.3,93.6,32.0,2.2,daily,graduate,no,yes,private,52.0
4260,3.3,8.1,93.4,84.0,2.0,none,college,yes,no,private,75.1
4261,3.6,8.2,95.2,56.0,5.1,weekly,,no,yes,public,64.5
4262,1.0,4.5,88.9,84.0,1.6,weekly,school,yes,no,public,50.3
4263,6.3,5.3,98.9,81.0,2.1,none,graduate,yes,yes,private,71.7
4264,1.7,7.6,94.8,54.0,3.3,none,graduate,yes,no,public,53.5
4265,2.1,8.0,91.4,65.0,3.4,weekly,college,yes,no,public,59.4
4266,2.6,4.5,86.7,69.0,3.5,none,graduate,yes,yes,private,42.3
4267,8.6,5.4,97.8,54.0,4.6,weekly,graduate,yes,yes,public,62.5
4268,7.0,6.6,99.3,47.0,3.9,weekly,graduate,yes,no,public,59.6
4269,1.5,6.1,90.3,68.0,1.4,none,school,yes,no,public,56.9
4270,5.0,7.0,79.5,66.0,3.8,weekly,school,yes,no,public,62.2
4271,2.4,7.4,89.9,84.0,5.6,none,graduate,yes,yes,public,60.5
4272,1.5,5.6,88.4,74.0,0.7,weekly,school,yes,yes,private,62.9
4273,3.1,5.2,96.7,62.0,5.9,none,school,yes,yes,public,57.0
4274,4.9,6.4,97.1,55.0,3.1,weekly,college,yes,no,private,46.8
4275,3.1,5.0,92.0,67.0,3.7,daily,,yes,no,private,63.9
4276,1.8,7.8,95.5,65.0,4.3,none,school,yes,no,public,59.6
4277,5.9,7.3,60.6,84.0,6.8,none,school,yes,no,public,66.6
4278,1.7,7.1,93.8,68.0,6.7,daily,graduate,yes,no,private,60.3
4279,2.9,6.9,88.2,58.0,3.4,none,school,yes,no,public,54.7
4280,6.1,7.1,93.4,69.0,2.4,weekly,college,yes,yes,public,78.6
4281,7.5,6.9,95.8,51.0,6.5,none,college,yes,no,private,53.0
4282,1.7,5.2,90.4,31.0,2.4,none,college,yes,no,public,30.7
4283,0.6,6.1,76.7,95.0,0.8,weekly,college,no,yes,private,70.3
4284,0.5,8.0,93.6,61.0,3.5,none,college,yes,yes,public,52.2
4285,6.0,8.7,90.3,67.0,1.6,weekly,school,yes,no,private,57.4
4286,0.3,6.8,99.9,87.0,0.9,weekly,school,yes,yes,public,69.2
4287,4.7,7.7,88.3,55.0,3.0,daily,school,yes,yes,private,61.8
4288,4.7,8.6,94.4,62.0,4.2,daily,graduate,yes,yes,public,64.7
4289,0.9,7.2,96.9,73.0,1.7,none,school,yes,yes,public,59.1
4290,1.9,8.1,97.0,57.0,1.6,weekly,graduate,yes,yes,public,53.6
4291,3.6,6.6,75.2,79.0,1.9,none,graduate,no,no,public,69.8
4292,2.1,7.0,91.0,71.0,1.8,weekly,school,yes,no,public,65.8
4293,2.0,4.6,92.5,70.0,1.8,weekly,college,yes,no,public,47.3
4294,3.2,7.6,74.5,68.0,5.2,none,college,yes,no,private,60.9
4295,2.4,5.8,96.5,66.0,3.7,none,school,no,no,public,54.2
4296,1.4,7.8,86.5,64.0,9.1,daily,college,no,yes,public,60.6
4297,0.6,7.0,85.3,59.0,3.0,none,college,no,yes,public,38.4
4298,1.5,7.1,97.9,70.0,3.8,weekly,school,no,yes,private,57.3
4299,5.1,8.6,93.1,59.0,6.2,weekly,college,yes,yes,private,63.6
4300,1.4,4.2,93.7,46.0,3.0,daily,graduate,yes,no,public,46.2
4301,3.2,,94.9,59.0,2.6,daily,college,yes,yes,public,70.8
4302,0.8,7.0,98.0,72.0,4.1,weekly,college,no,yes,private,59.9
4303,6.0,8.0,95.7,72.0,3.7,none,college,yes,no,public,68.1
4304,3.1,6.3,98.0,50.0,5.6,weekly,college,no,yes,public,51.9
4305,3.8,6.5,97.3,55.0,7.7,none,college,yes,no,public,53.2
4306,4.9,6.4,87.3,52.0,2.1,none,graduate,yes,yes,public,61.2
4307,7.7,7.9,97.4,65.0,4.1,none,postgraduate,no,yes,public,68.3
4308,2.9,7.8,93.1,73.0,0.7,none,school,yes,yes,public,63.5
4309,1.2,6.7,71.0,78.0,1.2,none,school,yes,no,private,51.3
4310,4.0,6.9,91.6,75.0,6.9,none,school,yes,yes,public,51.4
4311,0.9,8.3,94.6,50.0,2.9,none,college,yes,yes,public,50.8
4312,1.4,9.1,99.1,70.0,1.4,none,graduate,yes,no,private,60.6
4313,2.2,6.3,94.6,65.0,5.9,daily,graduate,yes,no,private,66.6
4314,1.3,6.0,96.4,62.0,3.2,none,graduate,yes,no,public,52.8
4315,3.5,5.8,89.7,55.0,5.0,none,postgraduate,yes,no,private,58.4
4316,4.0,7.7,92.7,65.0,3.2,daily,school,yes,no,public,60.4
4317,3.5,4.2,99.0,76.0,1.5,none,college,yes,yes,private,53.0
4318,3.7,5.2,93.7,65.0,1.7,none,college,yes,yes,public,49.5
4319,0.8,6.6,93.0,62.0,2.2,none,school,yes,no,public,48.8
4320,2.4,7.2,76.1,60.0,14.0,none,,yes,no,public,41.7
4321,2.1,7.4,91.8,72.0,3.7,weekly,college,yes,no,public,65.8
4322,4.8,8.6,90.8,77.0,1.0,daily,college,yes,yes,public,75.7
4323,2.2,8.2,90.7,95.0,7.3,none,graduate,yes,no,public,79.0
4324,2.8,6.5,82.6,25.0,3.8,daily,graduate,no,no,private,41.0
4325,2.2,8.5,54.4,64.0,3.5,weekly,postgraduate,yes,yes,private,56.2
4326,0.9,5.6,89.7,67.0,2.7,none,college,yes,no,public,45.7
4327,1.2,4.4,97.6,74.0,12.1,none,postgraduate,yes,no,public,47.3
4328,1.4,5.7,96.4,56.0,0.4,none,graduate,yes,no,public,51.5
4329,2.7,,95.2,49.0,1.9,none,graduate,yes,no,public,56.8
4330,8.1,7.5,90.8,84.0,3.2,none,graduate,yes,no,public,70.5
4331,2.5,7.0,99.3,47.0,3.4,none,graduate,yes,no,private,54.1
4332,5.6,10.0,85.2,77.0,2.7,none,college,yes,no,public,52.4
4333,4.2,7.2,78.0,50.0,3.0,none,college,yes,yes,public,47.6
4334,6.0,5.9,91.5,66.0,2.2,none,school,yes,no,public,53.6
4335,2.7,8.5,94.6,77.0,3.2,daily,school,yes,no,public,68.3
4336,3.1,6.8,75.9,64.0,0.9,weekly,college,yes,no,private,56.9
4337,1.5,5.7,95.2,63.0,0.5,weekly,graduate,yes,no,public,51.7
4338,4.2,6.3,92.2,58.0,4.5,none,college,yes,yes,public,56.8
4339,3.9,7.0,97.8,70.0,4.4,weekly,graduate,yes,no,public,65.9
4340,2.6,7.2,96.9,60.0,0.6,weekly,college,yes,yes,private,68.3
4341,5.6,6.2,58.8,65.0,5.1,weekly,graduate,yes,no,public,61.5
4342,6.0,6.6,89.8,53.0,4.6,weekly,college,yes,no,private,67.6
4343,2.2,4.8,93.1,89.0,4.9,weekly,college,yes,yes,private,71.8
4344,3.7,4.9,92.5,59.0,1.4,weekly,college,yes,no,private,64.3
4345,3.4,7.7,88.1,63.0,1.7,weekly,school,yes,yes,public,62.6
4346,2.1,5.9,97.9,62.0,2.1,daily,graduate,no,yes,public,67.4
4347,1.1,7.7,98.6,59.0,3.5,none,school,yes,yes,public,58.5
4348,3.1,7.1,100.0,56.0,2.9,weekly,school,yes,no,private,61.3
4349,1.7,6.1,83.8,40.0,3.4,weekly,college,yes,no,public,33.5
4350,4.2,6.3,96.8,89.0,1.3,none,college,yes,yes,private,80.2
4351,7.4,4.9,95.2,63.0,2.4,none,graduate,yes,yes,private,66.4
4352,3.3,8.0,85.0,89.0,4.7,none,college,yes,no,public,71.8
4353,2.0,7.1,72.6,63.0,2.0,none,college,yes,yes,public,54.4
4354,2.2,6.7,86.4,66.0,1.3,daily,college,yes,yes,public,74.0
4355,5.1,5.6,88.4,72.0,0.7,none,,yes,yes,public,63.0
4356,1.2,7.0,87.4,73.0,2.8,weekly,school,yes,no,public,57.8
4357,1.9,8.0,87.4,96.0,3.1,weekly,school,yes,no,public,70.9
4358,3.9,7.5,95.8,47.0,1.5,weekly,school,yes,no,public,62.0
4359,3.8,8.1,91.5,72.0,1.4,none,college,yes,no,public,65.1
4360,2.6,7.5,94.0,35.0,2.0,none,college,yes,no,private,44.2
4361,5.1,6.9,96.6,74.0,8.5,weekly,postgraduate,yes,no,private,70.1
4362,3.7,6.5,81.0,68.0,2.1,weekly,graduate,yes,no,public,54.0
4363,6.1,5.0,98.2,53.0,6.4,none,graduate,yes,yes,private,60.7
4364,6.6,5.7,93.0,66.0,3.3,daily,college,yes,no,public,69.8
4365,5.9,,97.4,93.0,6.0,none,graduate,yes,no,public,70.9
4366,6.0,7.7,77.6,57.0,5.7,none,college,yes,yes,private,60.8
4367,2.1,6.2,65.7,75.0,6.8,daily,graduate,no,yes,public,71.9
4368,4.5,6.5,81.1,59.0,2.7,weekly,school,yes,no,private,61.0
4369,2.5,7.2,98.1,74.0,1.4,none,college,yes,no,private,62.8
4370,3.7,7.0,75.4,69.0,0.3,none,college,yes,yes,public,64.1
4371,6.2,6.4,98.5,45.0,0.3,daily,graduate,yes,no,public,51.8
4372,1.6,6.4,62.4,57.0,2.3,weekly,graduate,yes,yes,private,55.5
4373,2.3,7.5,96.3,42.0,5.3,none,school,yes,yes,public,41.4
4374,3.1,7.3,87.0,65.0,1.6,weekly,graduate,no,no,public,61.4
4375,2.1,6.7,98.8,50.0,3.1,none,graduate,yes,no,private,55.6
4376,2.5,8.1,84.1,68.0,7.5,none,graduate,yes,no,public,61.8
4377,2.3,3.8,92.7,59.0,1.4,none,,no,yes,public,41.5
4378,4.0,8.2,90.4,45.0,6.7,weekly,school,yes,no,private,52.9
4379,9.6,5.0,91.2,56.0,6.0,daily,school,no,yes,public,59.7
4380,0.8,6.6,94.9,91.0,0.6,weekly,school,yes,yes,public,68.9
4381,1.9,6.2,98.4,55.0,4.9,weekly,graduate,yes,no,public,46.6
4382,2.4,6.5,85.0,57.0,1.8,none,college,yes,yes,public,61.8
4383,2.9,5.5,79.5,72.0,4.2,none,graduate,yes,yes,public,50.9
4384,1.2,6.1,77.2,75.0,,weekly,school,yes,yes,private,55.7
4385,0.5,5.9,92.3,40.0,2.3,weekly,,yes,no,public,44.1
4386,3.8,7.7,89.4,81.0,3.8,none,school,yes,yes,private,63.0
4387,2.6,5.1,87.8,72.0,10.8,weekly,graduate,yes,no,private,52.8
4388,1.4,7.7,95.8,84.0,4.5,none,college,yes,no,private,64.0
4389,1.2,6.0,88.6,80.0,3.2,none,college,yes,yes,private,66.6
4390,2.4,6.6,98.6,65.0,3.9,none,graduate,yes,no,private,58.7
4391,1.4,7.8,83.7,37.0,,none,school,yes,no,public,37.6
4392,3.0,8.8,97.1,66.0,5.6,weekly,college,yes,no,private,66.8
4393,3.0,6.1,91.3,78.0,1.9,none,school,yes,no,public,60.2
4394,2.1,,99.4,67.0,4.8,none,graduate,no,yes,public,54.1
4395,3.5,7.9,80.0,38.0,6.1,none,college,yes,no,public,45.7
4396,4.5,6.2,81.3,70.0,3.0,weekly,postgraduate,yes,yes,public,61.1
4397,1.2,8.1,89.6,55.0,0.1,none,graduate,yes,yes,private,62.5
4398,2.2,8.1,96.7,39.0,5.3,none,graduate,no,yes,public,43.8
4399,5.5,7.8,94.4,77.0,2.7,weekly,school,yes,no,private,67.0
4400,4.7,7.4,98.9,78.0,2.7,daily,postgraduate,yes,yes,public,80.1
4401,1.3,6.2,95.2,77.0,1.6,none,postgraduate,yes,no,public,60.1
4402,7.0,6.4,97.8,34.0,4.5,weekly,college,yes,yes,public,47.1
4403,7.6,7.2,91.7,65.0,2.4,weekly,school,yes,yes,public,62.9
4404,8.7,3.8,95.7,88.0,0.7,none,school,yes,yes,private,57.2
4405,4.0,7.9,87.2,75.0,0.4,weekly,college,no,no,public,66.4
4406,0.7,6.1,74.8,80.0,2.9,none,graduate,yes,yes,private,60.5
4407,10.1,7.6,94.9,49.0,5.3,none,college,yes,no,public,62.1
4408,1.8,5.5,93.5,71.0,0.5,weekly,school,yes,no,public,51.7
4409,3.1,5.9,95.5,67.0,5.0,weekly,college,yes,no,public,61.1
4410,4.5,6.1,95.6,65.0,4.7,weekly,college,yes,yes,public,59.1
4411,6.6,6.5,88.3,46.0,5.5,none,school,yes,no,public,47.0
4412,5.4,8.5,96.7,83.0,4.2,none,school,yes,no,private,69.8
4413,3.3,5.9,94.8,48.0,5.6,none,postgraduate,yes,no,public,50.9
4414,2.8,9.0,95.5,69.0,2.8,none,school,yes,yes,private,65.3
4415,6.3,9.5,93.8,70.0,3.5,weekly,school,yes,yes,public,64.9
4416,6.4,6.0,94.4,83.0,2.6,none,school,yes,yes,private,72.2
4417,3.5,7.5,95.4,61.0,12.3,weekly,graduate,yes,yes,public,61.3
4418,2.8,5.9,76.6,55.0,3.7,none,school,yes,no,private,49.0
4419,1.2,6.5,88.1,77.0,7.1,weekly,school,yes,yes,public,52.3
4420,1.8,5.4,90.7,78.0,3.9,none,graduate,yes,yes,private,61.2
4421,3.4,7.1,85.6,97.0,5.1,weekly,postgraduate,yes,yes,public,78.8
4422,2.2,7.3,96.8,71.0,1.9,none,college,yes,yes,private,62.7
4423,9.6,7.1,94.7,63.0,3.8,none,school,yes,yes,private,77.5
4424,3.2,7.4,96.0,69.0,5.0,none,graduate,no,yes,public,55.2
4425,5.8,6.2,95.6,50.0,,none,college,yes,yes,public,50.8
4426,2.4,5.3,93.7,74.0,3.3,none,college,yes,no,private,58.9
4427,3.6,7.4,85.5,70.0,1.7,none,college,no,no,public,61.1
4428,0.4,5.3,96.1,67.0,,weekly,graduate,yes,yes,public,62.1
4429,3.4,6.7,75.2,69.0,5.1,weekly,college,no,no,public,57.1
4430,1.8,8.0,84.5,49.0,1.3,none,school,yes,no,private,49.9
4431,1.6,8.1,92.8,63.0,2.3,weekly,college,yes,yes,public,57.7
4432,7.3,7.6,97.7,78.0,5.3,none,school,yes,no,public,77.9
4433,6.0,7.9,89.1,70.0,2.0,none,graduate,yes,no,private,74.7
4434,9.3,4.9,99.3,60.0,1.2,weekly,graduate,no,yes,private,54.5
4435,1.1,7.5,90.0,57.0,11.1,none,school,yes,yes,private,42.3
4436,5.5,7.0,83.0,64.0,5.0,none,graduate,yes,yes,public,61.4
4437,1.3,7.3,96.0,64.0,2.0,none,school,no,yes,public,57.2
4438,2.7,6.1,95.0,68.0,3.0,none,college,yes,no,public,57.5
4439,2.6,6.9,97.1,53.0,5.4,daily,school,yes,yes,public,57.1
4440,6.2,5.8,95.6,58.0,4.9,weekly,college,yes,yes,public,59.7
4441,5.8,5.7,78.9,71.0,3.8,daily,college,no,yes,public,60.8
4442,2.0,5.1,92.0,53.0,1.6,none,school,yes,yes,private,46.0
4443,4.0,6.0,85.6,72.0,1.8,weekly,college,yes,no,private,68.9
4444,6.7,5.5,78.4,65.0,4.4,none,graduate,yes,no,public,64.3
4445,0.9,5.3,90.6,81.0,3.4,none,college,yes,no,public,53.7
4446,4.5,7.7,89.0,72.0,5.2,none,college,yes,yes,public,78.0
4447,1.7,7.4,99.4,80.0,1.6,none,college,yes,yes,private,68.4
4448,4.7,5.6,88.1,73.0,8.1,none,college,no,no,public,53.6
4449,6.3,7.2,97.5,62.0,1.4,none,graduate,yes,no,private,72.4
4450,2.4,5.9,82.2,84.0,3.3,none,college,yes,no,public,67.5
4451,1.8,6.7,86.5,60.0,1.5,daily,college,yes,no,private,58.2
4452,1.2,7.2,98.2,70.0,3.9,none,college,yes,yes,private,58.0
4453,3.5,,99.7,66.0,10.0,weekly,graduate,yes,no,public,55.6
4454,2.2,5.8,85.1,58.0,1.9,none,school,yes,yes,public,51.3
4455,4.6,7.8,85.4,62.0,1.9,none,college,yes,yes,public,57.0
4456,1.4,6.7,96.3,70.0,2.6,weekly,graduate,yes,no,public,62.3
4457,2.2,6.2,90.1,79.0,4.5,none,college,yes,yes,public,66.6
4458,4.6,4.4,84.2,75.0,3.5,none,school,yes,yes,private,62.1
4459,1.5,5.8,89.0,56.0,1.1,weekly,school,no,no,public,46.0
4460,2.8,7.5,95.5,66.0,10.9,none,school,yes,yes,public,53.4
4461,1.2,7.3,99.7,53.0,4.2,weekly,school,yes,yes,public,58.4
4462,1.0,7.9,99.3,57.0,3.9,weekly,college,yes,no,public,52.2
4463,3.5,5.4,84.4,58.0,0.7,none,graduate,no,no,private,51.5
4464,2.9,6.8,99.2,79.0,4.6,none,graduate,no,no,public,67.1
4465,3.4,7.8,75.6,66.0,3.1,weekly,,yes,no,public,58.8
4466,6.9,6.2,99.5,55.0,3.7,daily,graduate,yes,yes,public,73.0
4467,7.0,7.1,73.1,49.0,5.0,none,school,yes,no,private,52.9
4468,2.5,5.4,85.3,81.0,4.3,daily,college,yes,no,private,61.3
4469,2.5,6.2,85.4,59.0,6.4,none,graduate,yes,yes,public,57.3
4470,1.8,7.5,82.7,46.0,3.3,none,school,no,yes,public,46.4
4471,2.8,7.5,87.8,71.0,4.6,weekly,school,yes,no,private,64.9
4472,3.6,7.7,93.3,57.0,3.4,weekly,postgraduate,yes,yes,private,57.9
4473,2.6,9.5,98.8,71.0,3.3,weekly,school,yes,no,private,62.5
4474,3.7,6.8,97.8,73.0,1.9,none,graduate,no,no,private,65.8
4475,4.6,6.6,93.9,69.0,3.1,none,graduate,yes,no,public,64.7
4476,0.9,9.6,76.1,80.0,2.1,none,graduate,yes,yes,private,56.3
4477,3.6,7.6,96.7,75.0,2.1,none,graduate,yes,no,private,69.6
4478,4.7,6.2,95.0,77.0,7.4,none,,no,yes,public,60.1
4479,1.7,7.3,94.4,65.0,0.6,none,school,yes,no,public,46.0
4480,3.3,7.1,89.8,32.0,1.2,weekly,graduate,yes,no,private,52.6
4481,2.0,7.5,90.8,79.0,2.5,weekly,graduate,no,yes,private,65.3
4482,2.4,7.1,96.5,44.0,10.6,weekly,college,yes,yes,public,46.1
4483,7.0,7.0,91.2,56.0,4.7,weekly,postgraduate,no,no,private,61.2
4484,6.6,7.6,85.6,66.0,9.5,none,graduate,yes,yes,private,70.2
4485,2.8,7.8,89.8,74.0,1.7,none,college,yes,no,private,73.6
4486,6.2,6.3,99.2,71.0,3.7,weekly,graduate,yes,no,public,73.0
4487,7.7,5.8,97.7,68.0,5.4,none,college,yes,yes,private,74.0
4488,0.6,8.3,87.5,59.0,4.9,weekly,school,no,no,private,43.4
4489,0.3,5.6,84.4,73.0,1.3,weekly,school,yes,yes,public,50.7
4490,7.2,7.6,90.9,77.0,1.0,none,college,yes,no,public,63.7
4491,1.0,6.6,96.5,42.0,1.8,none,college,yes,yes,public,42.3
4492,5.4,7.9,99.3,85.0,4.3,none,college,yes,no,public,73.5
4493,1.1,7.5,97.9,58.0,3.7,daily,graduate,yes,no,public,54.2
4494,4.8,6.6,98.0,60.0,2.0,none,college,yes,yes,public,63.1
4495,5.7,6.6,91.7,87.0,5.5,none,school,yes,no,public,72.6
4496,4.7,5.0,94.5,100.0,3.4,none,graduate,yes,yes,private,77.3
4497,4.6,8.9,89.2,65.0,2.7,weekly,graduate,no,no,public,55.3
4498,1.4,7.6,94.9,74.0,4.7,none,postgraduate,yes,yes,public,57.8
4499,7.0,5.7,65.8,49.0,0.8,none,school,yes,yes,private,55.7
4500,2.3,8.2,91.7,73.0,3.9,daily,postgraduate,no,yes,public,67.1
4501,1.4,7.4,69.6,91.0,3.1,weekly,school,yes,yes,private,56.7
4502,3.6,7.7,90.5,73.0,2.8,none,graduate,yes,no,public,67.8
4503,3.9,8.4,95.6,79.0,10.3,none,college,no,yes,public,50.3
4504,3.6,9.9,92.1,73.0,3.9,none,college,yes,no,private,51.6
4505,0.5,6.7,82.8,69.0,,weekly,college,no,yes,private,56.4
4506,2.1,6.4,84.7,71.0,4.5,none,school,yes,no,private,50.9
4507,4.8,5.6,97.1,88.0,5.1,daily,school,no,yes,private,79.7
4508,2.9,9.2,77.5,59.0,3.4,none,graduate,no,yes,private,46.5
4509,4.0,5.7,84.5,52.0,9.5,weekly,school,yes,yes,private,52.5
4510,4.5,7.6,94.8,78.0,4.4,none,school,no,no,public,62.1
4511,7.4,5.9,97.0,83.0,1.5,none,school,yes,yes,public,64.9
4512,4.6,6.3,99.0,68.0,4.3,weekly,graduate,yes,no,public,67.0
4513,0.9,7.8,99.5,74.0,2.7,daily,college,yes,yes,private,51.9
4514,2.4,5.7,84.2,83.0,4.9,weekly,college,yes,yes,private,66.8
4515,2.9,8.2,93.6,90.0,2.9,weekly,graduate,yes,yes,public,77.7
4516,1.5,5.2,94.0,66.0,2.2,none,school,yes,yes,public,54.4
4517,0.5,8.4,92.7,62.0,2.9,weekly,college,yes,yes,public,55.4
4518,3.1,7.6,97.8,90.0,2.8,none,graduate,yes,yes,private,76.0
4519,4.7,8.7,74.9,88.0,4.4,none,graduate,yes,yes,public,79.5
4520,0.5,5.9,88.3,64.0,6.9,none,school,yes,no,public,44.8
4521,10.1,6.2,87.7,59.0,2.3,none,school,no,yes,public,64.5
4522,3.6,5.5,98.5,81.0,2.5,weekly,school,yes,no,private,63.5
4523,2.4,6.9,93.1,85.0,1.8,weekly,school,yes,yes,private,58.7
4524,3.3,5.6,98.8,65.0,2.3,weekly,school,yes,yes,public,55.3
4525,1.5,6.9,89.3,75.0,3.3,none,school,yes,no,public,50.8
4526,0.5,7.0,82.9,65.0,3.5,weekly,school,yes,yes,private,55.4
4527,5.6,4.7,96.8,59.0,2.2,daily,graduate,yes,no,private,61.0
4528,2.4,5.7,94.2,79.0,,weekly,school,yes,no,public,58.9
4529,0.4,5.9,97.3,71.0,2.6,none,graduate,no,yes,public,55.7
4530,2.2,5.2,75.7,60.0,4.4,daily,college,yes,no,public,53.6
4531,2.8,5.5,98.3,40.0,1.7,none,graduate,yes,no,private,51.0
4532,2.0,9.6,93.1,72.0,3.3,weekly,college,no,yes,public,62.7
4533,1.6,6.4,96.0,68.0,2.2,none,college,yes,no,private,62.8
4534,6.6,5.7,88.6,57.0,9.0,none,postgraduate,no,yes,public,54.8
4535,2.5,4.0,95.7,46.0,1.0,none,postgraduate,yes,no,private,36.7
4536,5.5,5.9,93.2,68.0,7.2,weekly,graduate,yes,no,public,69.9
4537,1.5,7.6,91.0,59.0,5.1,daily,school,no,no,public,52.4
4538,4.0,6.0,96.9,65.0,1.0,weekly,college,yes,yes,private,61.9
4539,1.3,5.4,97.0,71.0,4.7,none,school,yes,yes,public,53.3
4540,1.8,7.5,98.9,58.0,1.6,weekly,graduate,yes,no,public,60.9
4541,1.0,7.1,96.3,62.0,4.5,none,postgraduate,no,no,private,64.1
4542,2.3,5.1,91.5,64.0,2.0,weekly,postgraduate,yes,no,public,59.0
4543,2.8,5.6,90.9,51.0,2.5,weekly,graduate,yes,no,public,58.2
4544,4.4,8.2,99.6,36.0,10.7,weekly,college,yes,yes,public,37.9
4545,1.2,5.6,89.8,64.0,2.7,none,graduate,yes,no,public,45.6
4546,5.2,8.7,97.3,65.0,4.2,weekly,graduate,yes,no,public,65.6
4547,7.2,7.4,97.2,69.0,2.4,weekly,graduate,yes,no,private,79.9
4548,7.9,6.0,91.5,98.0,5.0,none,school,yes,yes,public,79.7
4549,4.8,7.2,83.7,46.0,2.7,weekly,postgraduate,no,no,public,57.6
4550,2.1,6.5,90.7,59.0,3.3,none,graduate,yes,yes,public,56.6
4551,4.2,7.0,95.3,64.0,4.8,weekly,college,yes,no,public,69.3
4552,2.4,8.0,98.3,73.0,2.8,none,school,yes,no,public,63.1
4553,3.7,7.1,97.7,61.0,3.0,weekly,graduate,no,yes,public,70.0
4554,2.3,6.4,98.4,63.0,1.1,weekly,college,yes,yes,private,53.0
4555,2.7,6.2,71.8,61.0,1.9,none,college,yes,no,private,49.4
4556,1.1,9.2,82.9,67.0,0.8,none,college,yes,no,private,57.0
4557,3.7,6.5,99.2,58.0,6.5,none,school,yes,yes,public,57.8
4558,2.8,5.0,97.5,72.0,4.5,weekly,college,no,no,public,52.9
4559,3.8,7.4,92.2,41.0,0.9,none,graduate,yes,yes,private,44.3
4560,1.1,6.6,90.8,74.0,2.2,none,postgraduate,yes,no,public,68.2
4561,1.2,5.8,91.9,83.0,3.3,weekly,graduate,yes,yes,public,66.8
4562,1.8,6.3,80.0,61.0,5.0,none,graduate,yes,no,public,60.0
4563,6.8,4.6,97.5,50.0,4.0,none,postgraduate,yes,no,public,44.2
4564,4.3,7.1,88.5,61.0,2.1,weekly,graduate,yes,no,public,70.0
4565,7.8,7.6,95.5,64.0,4.9,none,,yes,no,public,59.8
4566,0.7,5.0,82.3,41.0,6.2,weekly,school,yes,no,public,33.3
4567,3.5,7.5,90.2,25.0,4.6,weekly,college,no,no,public,46.7
4568,3.5,8.3,97.4,66.0,1.6,none,,yes,no,public,59.0
4569,4.2,5.8,95.5,71.0,2.4,weekly,school,yes,no,public,60.8
4570,1.3,7.0,93.0,65.0,5.8,none,school,yes,no,public,47.6
4571,2.7,8.5,91.8,75.0,0.4,weekly,school,yes,yes,public,55.5
4572,1.9,7.2,97.1,60.0,0.7,none,graduate,yes,yes,private,57.0
4573,0.7,8.7,89.3,77.0,2.3,weekly,college,yes,no,private,59.1
4574,12.0,5.9,91.1,67.0,7.8,none,school,yes,no,public,68.0
4575,2.9,7.3,79.6,72.0,5.4,none,postgraduate,no,yes,public,68.9
4576,1.2,8.5,87.3,69.0,1.0,weekly,postgraduate,yes,yes,public,63.7
4577,1.9,8.1,93.8,49.0,0.7,none,school,yes,no,public,42.0
4578,8.6,6.2,81.4,57.0,6.6,weekly,college,yes,yes,public,62.6
4579,3.7,8.0,99.1,55.0,5.8,none,college,yes,no,private,47.9
4580,0.4,6.2,92.9,95.0,4.0,none,college,no,no,public,67.1
4581,2.6,7.8,81.9,80.0,5.9,none,postgraduate,no,yes,public,73.5
4582,0.6,6.2,97.7,85.0,3.3,weekly,school,yes,yes,public,59.9
4583,1.8,8.2,95.3,51.0,5.2,none,college,yes,yes,public,40.9
4584,3.5,6.1,86.0,65.0,2.5,none,graduate,no,no,private,56.9
4585,5.8,8.2,97.7,63.0,3.9,weekly,school,yes,yes,private,64.8
4586,1.1,6.7,92.5,85.0,4.8,daily,postgraduate,yes,yes,public,74.1
4587,4.5,8.1,98.1,34.0,1.4,weekly,college,yes,no,public,52.0
4588,3.4,5.9,89.3,73.0,3.2,none,college,yes,no,public,58.2
4589,5.4,7.8,80.7,70.0,1.3,weekly,school,yes,no,private,63.3
4590,2.2,7.2,92.3,53.0,0.7,weekly,school,yes,no,public,53.6
4591,1.0,4.1,94.2,60.0,3.4,none,school,no,no,public,34.2
4592,3.8,4.7,98.1,69.0,4.5,weekly,college,yes,yes,public,69.1
4593,1.1,7.5,98.1,58.0,2.0,none,college,yes,yes,public,54.3
4594,2.0,5.9,87.7,67.0,3.9,none,postgraduate,yes,yes,public,61.3
4595,1.5,7.1,98.3,54.0,2.1,none,college,no,yes,public,45.7
4596,0.5,6.6,97.5,62.0,2.4,none,postgraduate,yes,no,public,59.6
4597,0.6,,95.1,59.0,1.6,weekly,school,no,no,public,40.5
4598,4.2,9.5,88.1,56.0,,weekly,postgraduate,no,no,private,58.0
4599,2.3,7.8,88.1,53.0,0.7,none,college,yes,no,private,50.1
4600,3.2,7.3,75.6,36.0,13.4,none,college,yes,yes,public,32.7
4601,5.5,4.9,94.3,77.0,3.8,none,school,no,yes,public,44.0
4602,4.3,8.6,95.3,73.0,2.8,daily,graduate,yes,no,public,65.0
4603,8.7,8.1,93.4,29.0,2.5,none,school,yes,no,public,58.8
4604,3.2,7.5,78.4,66.0,4.4,weekly,graduate,yes,no,private,59.5
4605,2.4,7.6,96.5,37.0,,none,graduate,yes,yes,public,50.0
4606,1.7,8.1,73.4,82.0,2.5,weekly,college,yes,yes,private,74.3
4607,1.3,4.4,95.2,58.0,5.4,none,college,no,yes,private,38.3
4608,3.7,7.8,98.7,74.0,2.5,none,college,yes,no,public,58.3
4609,1.9,5.9,96.8,50.0,2.4,weekly,school,yes,no,private,53.6
4610,4.8,6.0,99.7,65.0,4.4,weekly,school,yes,yes,public,65.0
4611,2.9,7.8,76.6,55.0,1.4,none,college,yes,no,private,50.4
4612,4.8,6.8,98.2,66.0,3.0,none,graduate,yes,yes,public,65.8
4613,3.6,7.4,85.0,54.0,1.0,weekly,school,yes,no,public,49.3
4614,2.3,5.8,98.9,63.0,3.0,none,college,yes,yes,public,58.9
4615,2.1,6.1,85.8,63.0,3.5,none,college,yes,yes,public,43.0
4616,2.7,7.3,85.4,66.0,4.7,none,school,no,no,public,54.4
4617,2.8,6.9,96.5,42.0,3.3,none,school,yes,no,private,48.0
4618,5.2,6.1,84.7,72.0,5.7,none,college,no,no,public,58.5
4619,1.3,7.6,96.1,74.0,1.0,daily,graduate,yes,yes,public,76.4
4620,0.6,5.3,95.3,67.0,4.1,weekly,college,yes,no,public,48.8
4621,3.0,10.0,97.0,58.0,1.4,weekly,college,yes,no,public,55.6
4622,6.9,7.5,99.5,49.0,,none,school,yes,no,public,59.0
4623,2.9,4.8,96.5,65.0,7.6,none,graduate,no,yes,private,49.3
4624,2.6,7.7,92.1,62.0,4.9,none,graduate,yes,yes,public,61.5
4625,7.9,6.9,98.4,66.0,2.3,weekly,school,yes,yes,public,67.2
4626,1.2,4.7,87.8,73.0,4.0,none,school,yes,no,public,56.2
4627,2.1,5.7,89.5,60.0,3.9,none,graduate,no,yes,public,60.1
4628,6.5,6.8,92.6,61.0,3.2,none,postgraduate,yes,no,private,66.0
4629,1.5,7.5,85.0,47.0,,none,school,yes,no,public,45.3
4630,3.0,7.7,90.7,56.0,7.4,none,graduate,yes,yes,private,50.4
4631,4.2,7.9,97.5,55.0,2.1,weekly,graduate,yes,no,private,56.4
4632,2.7,7.6,98.4,46.0,1.0,none,graduate,yes,yes,private,51.2
4633,3.5,6.9,95.7,63.0,2.0,weekly,school,yes,no,private,61.3
4634,3.3,,91.4,71.0,1.4,weekly,graduate,no,yes,public,56.2
4635,3.7,5.3,89.4,61.0,3.3,weekly,postgraduate,yes,no,private,59.3
4636,5.2,6.8,97.5,72.0,4.7,none,school,yes,yes,private,62.8
4637,2.5,5.6,94.3,81.0,1.0,none,postgraduate,yes,yes,private,64.5
4638,1.2,5.1,88.0,88.0,6.4,weekly,college,yes,yes,public,67.2
4639,4.0,8.1,98.7,87.0,3.9,none,graduate,yes,yes,public,68.8
4640,5.2,7.2,91.0,54.0,3.6,none,college,yes,no,public,59.9
4641,0.2,6.5,98.2,65.0,1.7,weekly,college,yes,no,public,49.6
4642,3.7,6.4,60.5,63.0,0.5,none,school,yes,no,private,50.1
4643,0.8,9.0,92.9,53.0,1.9,none,graduate,no,no,public,48.3
4644,1.5,8.5,91.8,82.0,2.5,none,postgraduate,no,no,private,62.3
4645,4.2,7.1,99.3,62.0,5.6,daily,graduate,no,no,public,58.8
4646,0.9,9.1,99.6,53.0,7.0,none,college,yes,yes,private,44.1
4647,1.2,4.9,90.2,81.0,0.9,none,college,yes,no,public,53.4
4648,4.0,6.1,93.5,64.0,0.9,weekly,school,yes,no,public,53.8
4649,2.7,7.7,88.0,59.0,2.7,weekly,,yes,no,public,52.9
4650,2.5,4.8,96.1,52.0,1.0,none,postgraduate,yes,yes,public,44.3
4651,3.0,6.1,94.9,64.0,3.9,daily,school,yes,no,public,62.7
4652,7.1,5.9,94.9,50.0,3.6,weekly,graduate,yes,no,public,57.4
4653,1.6,,90.2,33.0,2.3,none,postgraduate,yes,yes,public,45.0
4654,9.1,7.5,98.2,69.0,4.3,none,graduate,no,no,private,59.6
4655,1.1,6.6,94.7,63.0,2.5,daily,college,yes,yes,private,60.9
4656,3.0,7.1,83.8,47.0,1.0,none,college,yes,no,public,43.5
4657,8.6,6.7,93.2,41.0,1.8,daily,graduate,no,yes,private,54.5
4658,3.9,6.9,84.9,62.0,1.3,weekly,school,yes,no,private,60.7
4659,6.1,5.6,93.1,71.0,6.1,none,postgraduate,yes,no,public,73.6
4660,3.3,5.7,90.1,52.0,8.6,daily,graduate,yes,no,public,52.4
4661,2.5,,95.6,61.0,5.1,none,graduate,yes,yes,private,44.7
4662,6.1,7.3,96.5,58.0,1.8,weekly,postgraduate,yes,yes,public,72.1
4663,3.2,5.4,58.6,94.0,2.1,none,postgraduate,yes,no,public,63.1
4664,5.2,7.4,81.8,73.0,1.7,weekly,college,no,yes,public,67.5
4665,2.2,6.6,74.3,83.0,4.0,weekly,graduate,yes,yes,private,63.7
4666,1.8,6.2,98.7,30.0,1.8,none,school,yes,yes,private,45.2
4667,4.5,5.7,91.3,59.0,3.9,none,school,yes,no,public,52.3
4668,1.8,5.4,98.5,49.0,3.8,none,postgraduate,yes,no,public,54.9
4669,2.6,7.1,83.0,63.0,1.1,none,school,yes,no,private,51.9
4670,2.6,5.3,92.3,57.0,2.1,none,school,yes,no,private,59.0
4671,4.0,4.7,85.8,82.0,4.7,none,college,yes,yes,public,58.9
4672,7.0,9.0,96.3,35.0,1.3,weekly,postgraduate,yes,yes,public,55.2
4673,6.2,,96.0,65.0,3.3,none,college,yes,no,public,61.1
4674,2.0,4.9,82.9,74.0,8.2,none,school,no,yes,public,48.0
4675,3.0,7.2,86.4,84.0,3.6,weekly,college,yes,no,private,79.0
4676,0.7,7.8,91.2,78.0,1.8,none,graduate,no,yes,public,54.1
4677,3.5,6.5,95.4,73.0,1.7,daily,graduate,yes,no,public,70.4
4678,1.9,6.7,90.8,48.0,6.0,weekly,college,yes,yes,public,42.6
4679,3.8,6.8,63.8,81.0,8.4,weekly,school,yes,no,public,59.1
4680,5.1,5.8,97.7,37.0,2.8,weekly,graduate,yes,no,public,54.5
4681,0.8,6.7,84.2,54.0,2.5,none,school,yes,no,public,53.5
4682,1.5,6.3,91.5,56.0,0.8,none,postgraduate,no,yes,public,42.4
4683,5.4,5.2,86.9,31.0,3.9,weekly,graduate,yes,yes,public,48.2
4684,2.2,4.8,87.8,55.0,2.1,daily,college,yes,no,public,48.1
4685,7.0,6.5,89.5,66.0,5.1,none,postgraduate,yes,no,public,68.7
4686,5.4,7.2,85.3,81.0,4.6,none,graduate,no,yes,private,68.6
4687,7.6,5.0,90.7,76.0,5.6,weekly,college,yes,yes,private,76.2
4688,1.6,6.7,96.1,66.0,1.7,none,school,yes,yes,private,53.6
4689,4.2,8.8,96.3,89.0,1.1,none,graduate,yes,yes,private,61.3
4690,3.2,8.2,92.0,69.0,4.7,none,school,yes,yes,private,58.9
4691,4.6,4.6,96.9,72.0,1.7,none,graduate,no,yes,public,60.6
4692,1.2,6.4,94.4,73.0,6.7,weekly,school,yes,no,private,53.4
4693,2.4,7.6,95.9,87.0,3.5,weekly,school,no,no,public,62.8
4694,2.9,7.1,97.5,73.0,2.7,none,school,yes,no,public,61.2
4695,10.4,6.8,97.8,63.0,1.7,weekly,college,yes,no,public,69.8
4696,1.8,6.4,91.9,49.0,3.0,weekly,college,no,yes,public,49.5
4697,3.3,5.6,95.7,78.0,6.5,none,graduate,yes,no,private,67.1
4698,5.3,7.0,98.3,92.0,4.5,daily,graduate,no,no,public,78.3
4699,2.4,7.1,92.1,42.0,,weekly,college,yes,no,private,44.2
4700,1.1,6.8,96.4,67.0,3.6,none,postgraduate,yes,no,private,56.6
4701,3.1,6.1,95.0,62.0,3.6,daily,graduate,yes,no,public,70.5
4702,4.5,9.5,94.8,53.0,1.6,weekly,postgraduate,yes,no,private,61.8
4703,3.6,8.0,88.9,63.0,3.4,none,school,yes,no,private,63.4
4704,1.2,5.8,89.2,37.0,5.1,none,college,yes,yes,public,41.7
4705,0.8,7.5,81.9,85.0,5.1,none,college,no,no,private,54.9
4706,5.2,6.5,94.0,81.0,5.6,daily,graduate,no,no,public,71.9
4707,2.0,7.8,99.3,66.0,1.2,none,college,yes,no,public,51.6
4708,2.0,6.3,95.5,68.0,2.6,none,graduate,yes,no,public,53.8
4709,5.6,6.4,85.5,61.0,2.4,weekly,graduate,yes,no,private,64.2
4710,0.7,6.9,99.9,71.0,7.1,daily,school,no,yes,public,50.2
4711,1.0,6.3,99.3,59.0,1.6,none,school,yes,yes,private,57.6
4712,6.8,,95.5,64.0,3.4,daily,college,yes,no,private,73.4
4713,2.6,5.6,97.4,58.0,0.9,weekly,postgraduate,yes,no,public,51.7
4714,2.2,8.1,97.2,85.0,7.0,weekly,school,yes,no,private,68.2
4715,4.9,,97.0,46.0,4.7,weekly,postgraduate,no,yes,public,56.4
4716,5.5,6.9,90.8,58.0,4.2,weekly,school,yes,no,public,67.6
4717,1.8,7.4,89.6,63.0,1.9,none,school,yes,yes,public,52.8
4718,1.7,5.8,92.8,54.0,3.2,none,graduate,yes,no,public,57.9
4719,9.4,7.7,89.4,74.0,1.1,none,college,no,no,public,68.6
4720,2.2,5.6,96.5,63.0,0.2,weekly,college,yes,no,public,58.4
4721,1.5,8.0,94.7,63.0,0.6,none,graduate,yes,no,public,46.8
4722,3.9,7.8,97.9,46.0,3.1,none,school,yes,yes,private,58.8
4723,2.5,8.1,96.3,44.0,5.6,none,graduate,no,no,private,37.6
4724,0.8,6.2,92.4,60.0,9.2,weekly,graduate,yes,yes,private,60.8
4725,2.8,5.8,81.0,63.0,3.8,none,postgraduate,yes,no,private,54.1
4726,2.6,5.4,91.5,65.0,6.8,none,graduate,yes,yes,public,41.1
4727,2.2,6.5,94.5,72.0,3.6,weekly,school,yes,yes,public,54.7
4728,3.4,5.7,99.7,57.0,6.0,none,college,no,no,public,55.9
4729,5.4,10.0,67.8,51.0,7.7,none,,yes,yes,public,48.9
4730,1.1,7.7,88.2,51.0,4.9,daily,graduate,no,yes,public,51.3
4731,6.6,6.7,98.0,63.0,2.5,none,school,yes,yes,public,55.3
4732,4.0,7.7,99.1,57.0,7.9,none,graduate,yes,yes,private,56.5
4733,5.2,7.1,95.1,72.0,4.1,none,college,yes,yes,public,60.7
4734,4.0,5.7,90.5,73.0,2.1,none,college,yes,yes,public,55.1
4735,1.8,6.7,88.8,46.0,1.0,none,school,no,yes,public,45.5
4736,5.0,8.6,85.9,65.0,6.4,none,school,yes,no,private,48.8
4737,1.9,7.0,95.6,56.0,4.4,weekly,graduate,yes,yes,public,63.0
4738,4.0,6.8,92.8,66.0,2.6,daily,graduate,yes,no,private,62.4
4739,2.0,5.5,73.9,72.0,0.6,weekly,graduate,no,yes,public,46.1
4740,2.8,4.0,93.2,50.0,2.5,none,college,no,no,public,30.9
4741,3.1,7.4,93.0,70.0,5.0,none,college,yes,no,public,62.2
4742,1.6,5.7,91.0,47.0,5.1,none,college,yes,no,public,45.1
4743,2.1,5.9,76.1,70.0,2.3,weekly,school,no,no,public,50.8
4744,1.6,5.9,87.8,70.0,5.4,none,graduate,no,yes,public,39.7
4745,1.1,7.6,87.3,82.0,2.3,none,college,no,no,public,53.8
4746,0.9,9.7,84.0,86.0,1.6,none,college,no,yes,public,52.7
4747,6.3,7.5,82.2,76.0,,none,school,yes,yes,private,69.7
4748,0.6,6.9,99.1,68.0,2.7,none,school,yes,no,public,52.2
4749,7.7,6.5,99.1,42.0,7.6,none,school,yes,no,public,54.2
4750,1.8,7.4,91.6,55.0,0.6,none,graduate,yes,no,private,56.9
4751,7.7,7.5,89.4,82.0,4.7,daily,graduate,yes,no,public,72.5
4752,0.5,6.9,93.3,40.0,3.8,none,postgraduate,yes,yes,public,39.2
4753,0.4,6.8,84.8,44.0,2.5,none,graduate,yes,no,public,36.0
4754,2.9,6.9,77.1,61.0,1.5,none,school,yes,no,private,51.4
4755,6.3,7.7,98.9,79.0,3.0,weekly,college,yes,no,private,66.9
4756,1.2,4.9,74.9,60.0,5.5,weekly,college,yes,yes,private,59.0
4757,5.2,7.0,89.6,49.0,4.4,none,school,yes,no,public,49.9
4758,4.4,6.5,98.9,37.0,3.6,none,college,yes,yes,private,50.4
4759,3.8,7.3,99.3,53.0,9.4,none,college,yes,no,public,52.6
4760,2.0,6.0,98.6,50.0,4.5,weekly,school,yes,no,public,54.0
4761,4.8,6.9,97.7,58.0,0.7,weekly,college,yes,yes,public,67.9
4762,2.2,6.6,99.1,79.0,4.0,none,graduate,yes,yes,public,62.8
4763,1.9,7.4,99.2,64.0,,none,graduate,yes,no,public,64.6
4764,1.0,8.0,92.0,43.0,1.3,none,school,yes,yes,private,45.4
4765,3.5,,95.6,78.0,2.8,weekly,school,no,yes,private,70.2
4766,10.4,7.1,88.1,41.0,0.4,weekly,college,yes,no,public,55.2
4767,3.8,4.7,98.2,59.0,2.6,none,school,no,yes,public,54.7
4768,4.0,4.7,91.5,81.0,4.2,weekly,,yes,no,private,70.2
4769,2.9,6.1,79.3,68.0,5.5,none,college,yes,yes,public,53.8
4770,1.5,5.9,94.5,52.0,,weekly,school,yes,no,private,53.0
4771,4.5,4.1,75.7,68.0,1.8,none,college,no,yes,public,48.2
4772,4.2,6.7,71.1,65.0,6.5,weekly,school,yes,no,public,50.6
4773,1.0,5.2,88.4,58.0,2.5,none,college,yes,no,public,50.4
4774,1.4,6.8,91.5,81.0,4.1,weekly,college,yes,yes,public,63.8
4775,3.6,4.7,97.0,61.0,3.3,none,college,yes,yes,public,50.9
4776,2.9,8.1,97.9,80.0,2.8,weekly,college,yes,no,public,65.4
4777,3.5,6.7,89.9,53.0,2.2,none,college,yes,no,public,54.7
4778,4.4,8.0,95.0,53.0,4.7,daily,graduate,yes,no,private,64.9
4779,4.6,10.0,94.4,72.0,1.8,weekly,college,no,yes,public,57.5
4780,2.5,8.8,83.7,76.0,1.1,none,college,yes,no,private,56.9
4781,1.1,6.8,84.6,92.0,1.2,none,graduate,yes,no,public,71.6
4782,1.5,,88.8,56.0,11.9,none,school,yes,yes,private,55.1
4783,0.8,7.1,88.4,67.0,6.3,none,graduate,yes,yes,private,54.0
4784,0.9,7.0,89.6,78.0,2.4,weekly,graduate,yes,yes,private,67.0
4785,5.8,5.6,80.9,70.0,1.6,weekly,school,yes,no,public,59.9
4786,4.8,5.1,89.0,70.0,2.6,none,graduate,yes,no,public,59.2
4787,2.9,4.7,94.4,77.0,4.5,weekly,school,yes,no,public,51.0
4788,3.4,9.5,89.9,82.0,1.5,weekly,college,no,yes,public,71.7
4789,2.4,7.7,97.6,92.0,6.2,daily,school,yes,no,public,67.1
4790,1.6,6.2,94.9,62.0,1.3,weekly,college,yes,no,public,49.1
4791,11.8,7.2,97.4,68.0,3.8,none,school,no,no,public,72.1
4792,6.0,8.1,85.7,53.0,1.5,weekly,school,yes,yes,private,63.3
4793,6.0,7.2,90.1,78.0,1.6,none,school,yes,yes,private,75.1
4794,4.4,8.1,84.0,76.0,3.6,none,school,yes,yes,private,58.9
4795,2.2,5.3,86.6,56.0,5.5,none,school,yes,yes,private,43.4
4796,4.9,6.5,89.6,47.0,5.7,none,postgraduate,yes,yes,private,52.0
4797,3.6,6.4,85.4,93.0,,none,school,no,no,private,61.9
4798,3.4,7.1,95.5,52.0,2.3,weekly,college,yes,no,public,54.0
4799,6.3,7.1,99.2,61.0,3.1,none,,yes,yes,public,62.9
4800,1.6,6.3,94.5,71.0,3.3,weekly,school,yes,no,public,64.1
4801,3.0,8.6,93.6,51.0,2.5,weekly,school,no,no,public,44.0
4802,6.7,7.8,96.0,83.0,4.9,none,school,yes,no,public,73.2
4803,1.5,6.3,94.3,52.0,2.2,daily,college,yes,no,public,59.4
4804,5.4,5.6,84.0,56.0,6.4,none,postgraduate,no,no,public,54.6
4805,4.0,8.9,96.7,62.0,2.7,none,school,yes,yes,public,47.5
4806,1.7,8.7,97.5,56.0,5.2,weekly,school,yes,no,public,49.7
4807,2.8,,100.0,62.0,0.5,none,college,yes,no,private,54.7
4808,1.6,6.2,95.2,54.0,2.7,none,graduate,yes,no,public,43.7
4809,3.2,6.3,83.0,60.0,1.4,weekly,school,yes,yes,private,55.5
4810,0.6,5.8,70.8,56.0,1.5,weekly,graduate,no,no,public,39.4
4811,1.2,5.3,76.4,91.0,2.7,none,college,yes,no,public,59.0
4812,3.9,6.3,94.1,70.0,5.4,weekly,school,yes,no,private,65.1
4813,1.6,9.0,74.1,59.0,3.0,none,school,yes,no,private,41.1
4814,0.8,6.2,90.1,55.0,2.7,none,graduate,yes,no,private,57.7
4815,2.6,7.5,95.0,73.0,7.4,none,postgraduate,yes,no,public,54.7
4816,1.8,4.9,98.1,55.0,2.1,none,postgraduate,yes,yes,public,49.0
4817,5.3,8.5,88.7,70.0,1.3,none,college,yes,no,public,60.9
4818,1.6,5.1,94.7,68.0,1.7,none,college,yes,no,public,59.9
4819,4.3,7.6,80.2,49.0,3.9,weekly,school,yes,no,private,60.6
4820,9.0,7.1,89.5,77.0,0.5,weekly,graduate,yes,yes,public,75.1
4821,3.3,5.4,96.3,43.0,5.8,weekly,college,yes,yes,public,49.1
4822,5.2,8.6,97.8,61.0,0.8,none,college,yes,yes,private,57.5
4823,2.8,6.5,86.7,18.0,3.6,weekly,school,yes,yes,private,33.1
4824,2.2,6.3,92.6,77.0,1.3,none,school,yes,yes,public,57.1
4825,0.2,8.5,78.8,50.0,3.0,weekly,school,yes,yes,public,42.4
4826,1.7,6.7,87.2,59.0,3.0,weekly,school,no,no,public,47.0
4827,3.5,5.2,89.7,73.0,2.7,weekly,school,no,yes,public,57.9
4828,2.6,7.3,79.3,39.0,2.8,none,college,no,no,public,43.6
4829,6.2,7.2,97.5,64.0,5.0,none,college,yes,no,public,64.1
4830,3.1,7.3,94.9,64.0,9.8,weekly,graduate,yes,no,public,62.5
4831,7.5,8.7,87.3,58.0,2.1,none,school,yes,yes,public,59.9
4832,3.7,7.0,96.5,82.0,4.0,daily,graduate,no,yes,private,74.8
4833,2.2,7.5,98.7,71.0,6.9,none,school,yes,no,private,55.3
4834,3.1,,82.7,78.0,5.0,none,college,yes,no,private,67.1
4835,3.3,9.2,83.5,50.0,1.7,daily,college,yes,yes,private,60.4
4836,5.5,6.4,99.3,72.0,3.1,none,school,yes,no,public,58.7
4837,5.6,6.1,96.4,28.0,1.4,weekly,college,yes,no,public,53.2
4838,0.8,7.4,98.4,67.0,2.8,weekly,graduate,yes,yes,public,53.4
4839,2.0,6.6,98.5,63.0,2.2,weekly,school,yes,no,private,58.5
4840,0.3,8.7,98.6,61.0,0.2,none,school,yes,no,public,42.6
4841,3.6,8.8,79.4,32.0,8.0,weekly,school,yes,no,public,37.5
4842,4.2,7.9,71.8,76.0,2.5,none,school,yes,no,public,61.3
4843,3.0,5.7,76.0,59.0,1.4,none,graduate,yes,no,public,53.5
4844,2.3,5.2,91.3,46.0,1.2,weekly,postgraduate,yes,no,private,55.9
4845,0.4,7.7,92.7,61.0,6.8,weekly,graduate,yes,no,public,41.8
4846,5.1,6.8,91.1,58.0,1.0,none,graduate,yes,yes,private,63.5
4847,1.8,7.0,80.2,49.0,10.2,none,postgraduate,no,no,public,40.8
4848,5.9,6.6,94.8,64.0,3.4,weekly,postgraduate,no,yes,private,79.4
4849,4.4,7.7,96.8,73.0,7.3,none,graduate,yes,no,public,60.9
4850,1.9,7.0,86.3,50.0,5.0,none,graduate,yes,no,public,42.8
4851,13.1,6.1,95.3,44.0,1.9,daily,postgraduate,yes,yes,public,77.1
4852,4.9,7.5,85.1,83.0,1.1,daily,college,yes,no,public,71.2
4853,1.1,5.9,90.4,73.0,3.6,weekly,graduate,yes,no,public,53.6
4854,1.0,6.4,72.2,60.0,1.1,weekly,school,yes,no,public,45.5
4855,2.2,5.6,79.7,93.0,3.1,none,postgraduate,yes,no,public,75.6
4856,8.0,6.5,90.2,68.0,2.0,none,school,yes,yes,public,63.6
4857,1.4,5.7,95.2,75.0,5.3,weekly,school,yes,yes,private,68.8
4858,3.0,,95.8,55.0,3.2,weekly,college,yes,no,private,53.6
4859,1.7,6.3,81.2,58.0,1.9,weekly,college,yes,no,private,51.6
4860,2.3,6.4,95.2,88.0,3.1,none,college,yes,no,public,64.5
4861,3.9,6.8,91.3,74.0,2.6,none,college,yes,yes,public,60.4
4862,1.3,5.5,93.4,50.0,2.5,weekly,college,yes,yes,private,56.8
4863,1.5,7.0,87.1,49.0,2.6,none,college,yes,no,public,46.5
4864,2.9,7.8,92.3,75.0,0.5,weekly,school,yes,no,public,64.5
4865,3.2,5.5,90.5,79.0,2.6,none,college,yes,yes,private,60.5
4866,6.6,4.5,99.8,47.0,5.6,none,school,yes,yes,private,50.2
4867,4.6,6.5,70.2,41.0,10.3,weekly,school,yes,yes,private,45.2
4868,2.5,,76.9,46.0,6.1,weekly,graduate,no,no,public,51.4
4869,4.0,5.9,94.6,87.0,5.0,weekly,college,yes,no,private,74.4
4870,1.8,6.2,87.6,69.0,3.9,none,school,yes,no,public,53.4
4871,1.9,7.9,88.7,55.0,3.8,none,graduate,yes,no,private,47.2
4872,1.4,5.9,92.6,84.0,5.8,none,college,yes,yes,private,61.2
4873,2.2,6.7,85.3,48.0,1.7,daily,school,no,no,public,51.9
4874,6.0,8.7,85.5,77.0,10.6,weekly,college,yes,no,public,66.2
4875,0.6,6.9,90.8,69.0,3.3,weekly,postgraduate,yes,yes,public,55.9
4876,2.6,7.8,88.0,59.0,2.4,none,college,yes,no,private,54.7
4877,5.0,7.3,96.5,66.0,5.7,none,college,yes,no,public,63.3
4878,3.2,5.1,89.2,57.0,3.5,none,graduate,yes,yes,private,51.8
4879,1.3,6.1,96.8,61.0,5.0,none,school,yes,yes,public,54.1
4880,3.0,7.8,75.4,100.0,2.0,none,college,yes,no,private,74.0
4881,5.6,6.7,85.6,63.0,2.2,none,college,yes,no,public,57.9
4882,3.6,6.4,95.4,34.0,9.0,weekly,school,yes,no,public,44.5
4883,1.1,5.7,99.3,76.0,3.8,weekly,school,yes,yes,private,61.1
4884,0.8,5.6,97.0,55.0,0.5,daily,,yes,no,public,55.3
4885,3.2,7.6,88.1,58.0,1.8,daily,college,yes,yes,public,58.1
4886,5.0,6.9,99.3,90.0,5.7,weekly,college,yes,yes,public,86.7
4887,3.6,9.2,97.4,66.0,5.1,weekly,graduate,yes,no,public,61.6
4888,6.0,5.8,97.6,53.0,1.2,weekly,,yes,no,public,59.3
4889,4.5,6.6,93.3,53.0,3.3,daily,postgraduate,yes,yes,private,65.3
4890,7.7,6.7,93.2,60.0,3.3,none,,no,yes,public,58.7
4891,3.9,8.0,95.5,73.0,6.8,none,college,yes,no,private,71.2
4892,4.5,6.7,97.5,76.0,2.2,none,school,yes,no,private,59.1
4893,1.3,4.6,89.6,85.0,2.8,none,college,yes,yes,public,46.7
4894,1.1,8.7,97.2,74.0,2.8,daily,college,yes,yes,private,58.8
4895,4.2,5.6,91.2,83.0,2.5,daily,college,no,no,private,75.5
4896,1.3,6.6,75.2,54.0,0.9,none,graduate,yes,yes,public,43.5
4897,16.0,5.7,95.7,56.0,3.1,daily,postgraduate,yes,yes,public,84.5
4898,4.6,5.1,79.0,72.0,1.2,weekly,school,yes,no,private,59.4
4899,6.7,7.6,94.4,55.0,1.9,weekly,graduate,yes,yes,public,66.1
4900,3.4,7.6,75.8,64.0,2.0,none,school,no,no,private,41.9
4901,1.2,6.1,96.0,63.0,1.6,weekly,graduate,yes,yes,public,52.2
4902,7.0,4.5,94.4,75.0,4.8,daily,postgraduate,yes,no,public,68.3
4903,4.3,,90.1,53.0,0.3,none,postgraduate,yes,yes,public,55.1
4904,3.0,5.5,98.5,68.0,0.9,none,school,yes,yes,private,62.1
4905,2.2,,93.9,75.0,0.5,weekly,school,no,no,private,62.0
4906,1.9,8.7,96.3,30.0,1.9,none,school,no,no,public,37.8
4907,1.7,6.8,92.2,93.0,1.8,none,college,yes,no,public,72.9
4908,2.0,7.8,97.7,77.0,0.2,weekly,school,yes,yes,private,67.5
4909,0.8,7.3,93.7,76.0,3.6,weekly,graduate,yes,yes,public,67.5
4910,4.6,6.0,90.9,72.0,2.9,weekly,college,yes,yes,private,66.5
4911,3.4,7.5,59.0,66.0,4.3,none,graduate,yes,yes,public,56.2
4912,6.9,8.3,95.6,57.0,6.0,none,school,yes,yes,private,55.4
4913,5.2,7.0,76.8,52.0,3.7,none,college,no,yes,private,49.8
4914,3.7,4.8,76.7,68.0,1.2,weekly,college,yes,no,public,61.2
4915,4.2,6.0,95.4,93.0,2.2,none,school,no,yes,private,72.6
4916,5.0,7.0,96.7,52.0,3.1,weekly,graduate,yes,yes,public,58.7
4917,4.5,7.6,86.6,66.0,7.7,none,graduate,no,yes,private,60.1
4918,6.3,7.9,97.1,74.0,1.1,daily,school,yes,no,public,70.3
4919,1.8,7.4,70.1,51.0,2.4,none,college,yes,no,public,48.4
4920,3.3,7.3,80.9,60.0,5.4,none,college,yes,yes,private,62.6
4921,3.5,7.3,96.1,49.0,6.7,weekly,graduate,yes,no,public,60.8
4922,2.1,5.3,94.7,51.0,3.3,none,graduate,yes,yes,private,45.3
4923,2.4,6.5,71.1,38.0,2.7,weekly,graduate,yes,yes,private,46.7
4924,2.4,5.4,74.7,57.0,1.6,none,school,yes,no,public,47.9
4925,1.5,6.9,93.7,50.0,12.1,none,college,yes,yes,public,44.2
4926,4.1,6.8,86.6,65.0,4.9,none,,yes,yes,private,62.5
4927,2.9,7.5,79.0,68.0,1.2,none,college,yes,no,public,57.1
4928,4.8,9.3,98.1,46.0,6.6,none,school,yes,no,public,45.4
4929,6.3,6.4,99.9,61.0,5.6,none,school,yes,no,public,59.1
4930,3.0,6.2,95.8,73.0,3.8,none,school,yes,yes,public,58.1
4931,6.3,6.4,91.7,82.0,6.0,daily,postgraduate,no,yes,public,71.6
4932,2.2,8.0,80.3,75.0,6.0,none,graduate,yes,no,public,57.5
4933,1.0,4.8,96.8,79.0,5.2,none,graduate,yes,yes,public,55.2
4934,3.2,5.0,96.9,68.0,1.8,weekly,school,yes,yes,private,66.6
4935,1.9,6.3,99.5,84.0,0.5,weekly,graduate,yes,yes,private,76.4
4936,5.0,5.9,83.3,70.0,3.4,weekly,school,yes,yes,private,61.0
4937,1.7,6.1,83.0,52.0,0.9,none,graduate,yes,no,private,38.6
4938,2.8,7.4,91.0,42.0,4.0,none,college,yes,yes,public,35.0
4939,2.0,8.7,75.1,89.0,2.4,none,college,yes,no,private,69.2
4940,1.9,8.1,89.3,82.0,1.7,none,college,yes,no,public,60.7
4941,2.4,6.6,95.9,59.0,6.5,weekly,graduate,yes,no,public,48.7
4942,5.6,,89.0,43.0,6.0,weekly,college,yes,no,private,47.5
4943,3.4,7.6,90.3,63.0,1.0,none,school,yes,no,public,47.8
4944,1.6,8.0,92.9,81.0,1.1,none,graduate,yes,yes,private,69.3
4945,6.8,6.6,86.1,59.0,3.1,weekly,college,yes,yes,public,66.8
4946,2.0,6.8,99.6,74.0,1.9,none,school,yes,yes,private,65.0
4947,3.2,6.3,92.4,57.0,2.3,none,school,yes,no,public,54.2
4948,3.2,6.8,82.1,99.0,0.8,none,school,yes,no,public,68.2
4949,1.8,8.4,96.4,80.0,0.2,weekly,,yes,yes,private,60.7
4950,0.4,8.5,92.3,70.0,3.1,none,graduate,yes,no,public,54.7
4951,4.4,7.8,95.0,41.0,,daily,college,yes,no,public,65.2
4952,1.0,9.6,92.4,50.0,8.6,weekly,school,yes,no,public,33.1
4953,10.8,7.4,94.3,50.0,3.5,none,graduate,yes,no,public,72.8
4954,6.5,6.8,82.2,60.0,2.1,none,college,no,no,private,60.4
4955,9.9,8.7,94.5,71.0,3.9,none,,yes,no,private,66.0
4956,1.4,5.8,91.0,49.0,3.1,none,school,yes,yes,public,44.4
4957,7.6,7.6,85.6,66.0,4.8,weekly,graduate,yes,yes,public,59.3
4958,3.9,6.5,94.5,54.0,2.4,weekly,school,no,yes,public,53.7
4959,1.8,8.0,81.1,56.0,1.2,none,graduate,yes,no,private,53.3
4960,2.7,8.5,98.0,73.0,1.6,weekly,college,no,yes,public,54.6
4961,1.1,6.1,94.3,53.0,3.4,none,college,no,yes,private,55.6
4962,1.5,6.8,97.7,66.0,2.4,none,postgraduate,yes,no,private,53.4
4963,3.1,4.1,78.3,57.0,4.1,weekly,college,yes,no,private,44.0
4964,7.3,6.7,86.2,63.0,3.9,none,college,yes,no,private,62.0
4965,6.0,5.8,97.4,38.0,2.3,weekly,postgraduate,yes,no,private,55.1
4966,4.0,6.7,87.8,88.0,2.6,none,college,yes,no,public,66.9
4967,8.9,8.2,96.1,63.0,1.8,none,graduate,no,yes,public,66.0
4968,2.7,6.6,97.5,84.0,3.5,none,graduate,yes,no,public,75.4
4969,2.7,5.2,93.3,52.0,2.5,weekly,postgraduate,yes,yes,private,54.9
4970,1.8,5.1,97.4,78.0,4.9,none,graduate,yes,no,private,60.7
4971,4.2,6.3,84.4,86.0,8.8,none,graduate,yes,yes,public,64.0
4972,5.8,7.3,99.1,61.0,4.6,none,graduate,yes,yes,public,64.5
4973,0.5,,98.9,89.0,3.5,weekly,college,no,no,private,64.2
4974,0.7,6.9,87.6,79.0,4.0,none,school,yes,no,public,59.0
4975,4.9,7.4,90.9,61.0,6.5,weekly,college,yes,yes,public,60.4
4976,2.7,7.1,88.4,89.0,2.1,weekly,,yes,yes,private,77.4
4977,0.7,6.4,93.9,91.0,3.4,none,college,yes,no,public,61.3
4978,6.9,6.6,97.6,56.0,5.1,none,school,no,yes,public,56.0
4979,3.7,6.0,92.4,95.0,1.9,none,school,yes,no,private,73.7
4980,3.6,5.8,92.1,47.0,8.0,none,college,yes,yes,public,39.9
4981,5.4,7.2,92.2,65.0,0.8,none,school,yes,yes,public,56.3
4982,3.0,7.0,93.6,58.0,5.4,none,graduate,yes,no,private,55.0
4983,2.8,,84.8,74.0,3.2,weekly,school,yes,yes,private,66.6
4984,4.0,6.3,59.7,22.0,0.6,none,graduate,yes,yes,public,35.0
4985,2.3,7.3,97.5,49.0,3.0,weekly,graduate,no,no,private,50.0
4986,3.1,6.3,95.8,40.0,3.7,weekly,college,yes,no,private,47.8
4987,1.6,7.5,96.8,78.0,2.6,none,college,yes,no,public,57.8
4988,4.1,3.1,91.7,58.0,4.1,none,postgraduate,yes,yes,public,31.2
4989,5.8,8.8,96.2,73.0,,none,postgraduate,yes,no,private,71.0
4990,4.6,5.6,95.2,60.0,1.0,none,graduate,yes,no,public,55.7
4991,2.7,5.4,94.6,56.0,8.3,none,school,yes,yes,public,32.6
4992,2.6,4.5,82.7,72.0,3.1,weekly,graduate,yes,yes,public,48.7
4993,4.4,7.4,86.3,43.0,2.9,weekly,postgraduate,yes,yes,public,64.2
4994,3.1,6.9,90.5,56.0,1.7,none,school,yes,no,private,55.3
4995,3.2,4.2,95.9,64.0,7.7,none,graduate,no,no,private,51.0
4996,4.3,6.8,93.4,86.0,1.3,daily,postgraduate,no,yes,public,78.5
4997,4.1,6.2,85.8,82.0,1.4,none,postgraduate,no,yes,public,63.8
4998,2.4,4.8,97.6,84.0,6.0,none,graduate,yes,no,private,61.8
4999,8.1,7.0,98.6,66.0,3.9,weekly,school,yes,no,public,70.3
5000,1.0,5.8,98.3,59.0,6.1,daily,school,yes,no,private,48.2
5001,2.2,6.4,73.4,66.0,2.5,none,school,yes,no,private,51.1
5002,5.0,4.9,82.8,66.0,5.2,none,college,yes,no,private,59.6
5003,3.0,5.6,87.7,50.0,2.0,weekly,school,no,yes,public,45.6
5004,2.6,7.7,97.1,59.0,1.1,weekly,college,yes,yes,private,64.6
5005,9.4,8.4,88.0,85.0,3.7,none,college,yes,yes,private,81.6
5006,1.0,5.1,96.1,69.0,1.8,none,,no,no,public,54.2
5007,2.1,5.5,95.8,66.0,2.1,none,college,yes,no,public,55.5
5008,1.6,7.7,97.3,69.0,,none,postgraduate,yes,no,public,54.1
5009,4.1,6.6,99.3,56.0,,none,college,yes,no,private,62.2
5010,3.8,6.1,84.5,64.0,7.7,weekly,college,yes,yes,private,56.7
5011,3.3,5.9,94.9,55.0,2.0,weekly,postgraduate,yes,no,public,63.8
5012,3.5,6.9,95.2,60.0,4.3,weekly,school,no,yes,private,54.2
5013,1.9,7.6,71.8,59.0,2.3,weekly,graduate,yes,no,public,57.2
5014,5.2,8.2,93.9,80.0,2.0,daily,school,yes,yes,public,71.5
5015,4.2,8.6,90.6,65.0,5.5,weekly,school,yes,yes,public,61.0
5016,6.0,4.7,97.3,59.0,3.9,weekly,college,no,no,public,61.3
5017,1.9,5.6,91.5,50.0,6.9,weekly,graduate,no,no,public,45.4
5018,3.4,6.9,89.2,75.0,2.2,none,graduate,yes,no,public,61.1
5019,1.3,7.9,92.6,54.0,3.9,none,school,yes,no,public,48.0
5020,5.1,6.7,95.1,60.0,1.4,weekly,school,yes,yes,public,69.9
5021,1.7,6.6,88.0,57.0,10.1,weekly,graduate,yes,yes,public,57.5
5022,2.7,8.6,92.7,63.0,5.3,none,postgraduate,yes,no,private,61.3
5023,0.8,8.9,96.1,55.0,7.5,none,college,yes,no,public,48.7
5024,8.4,5.1,92.1,47.0,5.8,none,school,yes,no,private,55.5
5025,0.8,8.8,89.2,38.0,1.7,weekly,graduate,no,no,public,41.0
5026,1.3,4.4,98.5,70.0,1.5,none,school,yes,no,private,45.7
5027,3.7,6.2,97.6,94.0,0.4,none,graduate,yes,yes,public,80.8
5028,7.4,5.1,94.4,46.0,3.1,none,school,yes,no,private,52.9
5029,5.7,7.7,90.2,76.0,0.6,none,college,no,yes,public,63.0
5030,1.7,7.8,82.0,71.0,2.7,none,college,yes,no,public,55.6
5031,2.3,6.4,91.1,63.0,2.4,weekly,school,no,no,public,54.2
5032,4.8,7.6,96.9,56.0,2.3,daily,graduate,yes,no,public,57.6
5033,0.6,6.3,87.8,71.0,5.6,none,school,yes,no,public,54.8
5034,7.3,5.4,83.8,64.0,3.2,none,postgraduate,no,no,public,60.4
5035,3.5,7.5,93.7,72.0,5.1,none,college,yes,no,private,61.1
5036,4.2,8.4,99.4,61.0,2.5,daily,college,yes,yes,private,66.6
5037,9.0,4.6,96.1,81.0,2.4,none,school,no,yes,public,54.1
5038,3.3,7.7,96.3,55.0,1.9,weekly,college,no,no,public,60.9
5039,2.8,7.6,98.8,39.0,1.4,weekly,college,no,yes,public,49.0
5040,0.2,5.9,97.2,63.0,,none,graduate,yes,yes,private,53.4
5041,5.2,4.7,89.4,52.0,7.3,weekly,school,yes,no,private,51.7
5042,2.0,6.9,87.6,65.0,0.5,none,college,yes,no,private,61.7
5043,0.6,7.4,83.3,60.0,1.9,none,school,yes,yes,public,44.2
5044,3.2,4.2,98.6,70.0,3.2,none,graduate,yes,yes,private,63.4
5045,4.3,8.4,94.0,70.0,3.3,none,postgraduate,yes,no,public,71.2
5046,13.5,5.5,94.9,64.0,,none,school,yes,yes,public,63.1
5047,1.1,7.4,87.8,69.0,0.4,none,,yes,yes,private,56.1
5048,7.9,7.7,90.4,73.0,5.7,none,school,yes,yes,private,73.7
5049,2.1,5.4,87.8,55.0,1.8,weekly,graduate,yes,no,public,54.5
5050,7.1,6.8,96.5,82.0,6.9,none,school,no,no,private,63.4
5051,5.1,,88.0,66.0,4.9,none,college,yes,yes,private,50.6
5052,0.9,6.0,88.4,34.0,0.8,weekly,school,yes,yes,public,36.0
5053,2.7,8.3,79.0,76.0,7.0,none,college,yes,no,public,63.0
5054,4.0,6.8,92.0,72.0,5.5,weekly,graduate,yes,no,public,67.2
5055,1.5,6.4,81.1,65.0,2.7,weekly,postgraduate,yes,no,public,45.3
5056,7.9,6.9,93.9,58.0,3.1,weekly,graduate,no,no,private,68.2
5057,2.1,5.9,95.4,64.0,3.7,none,graduate,yes,no,public,59.4
5058,2.9,7.4,90.5,73.0,1.6,daily,graduate,yes,yes,public,71.7
5059,1.3,4.4,69.0,42.0,3.0,weekly,school,yes,no,private,25.6
5060,3.5,6.0,96.7,65.0,4.1,weekly,graduate,yes,no,public,55.3
5061,2.2,6.1,94.9,58.0,0.9,daily,graduate,yes,yes,private,63.9
5062,2.7,7.1,94.8,72.0,1.1,weekly,school,yes,yes,private,72.6
5063,4.4,5.1,95.3,92.0,1.9,weekly,graduate,yes,no,public,63.7
5064,5.4,7.5,75.0,58.0,3.1,none,college,yes,yes,public,65.0
5065,4.1,7.1,97.2,79.0,0.3,weekly,graduate,no,yes,public,85.1
5066,3.1,6.1,81.5,83.0,2.1,weekly,school,yes,yes,public,76.7
5067,2.8,7.0,94.1,70.0,2.4,none,,yes,no,private,66.4
5068,1.2,6.6,93.0,89.0,3.8,none,school,yes,yes,public,55.0
5069,3.2,7.9,89.5,75.0,2.3,weekly,college,yes,no,public,69.1
5070,2.0,6.2,99.3,69.0,1.8,none,school,yes,yes,public,57.9
5071,2.0,5.9,89.6,70.0,1.5,none,postgraduate,yes,yes,private,65.8
5072,5.6,6.4,82.9,53.0,4.3,weekly,school,yes,no,public,63.5
5073,9.6,7.7,85.8,47.0,2.6,daily,,yes,no,private,67.3
5074,1.6,7.5,87.9,56.0,4.6,none,college,yes,yes,public,58.1
5075,1.0,7.1,96.3,66.0,2.0,none,college,yes,no,public,54.2
5076,2.6,5.6,90.1,57.0,11.3,weekly,graduate,yes,no,private,55.7
5077,3.5,3.4,96.6,41.0,3.3,none,school,no,yes,public,22.7
5078,2.9,5.6,95.9,80.0,8.0,none,graduate,yes,no,public,54.9
5079,8.3,8.0,94.0,42.0,3.4,none,school,yes,yes,private,63.8
5080,2.5,6.9,86.3,62.0,6.4,none,graduate,yes,yes,public,53.2
5081,1.4,6.2,81.2,65.0,4.5,none,graduate,yes,yes,private,60.4
5082,0.6,5.4,97.3,70.0,6.1,none,college,yes,yes,public,48.4
5083,2.6,7.0,97.7,87.0,0.7,weekly,college,yes,no,private,76.8
5084,4.0,7.2,95.3,74.0,2.7,none,school,yes,no,public,66.6
5085,1.0,7.8,70.3,78.0,3.0,none,graduate,yes,no,public,58.1
5086,4.3,9.0,96.5,58.0,3.3,none,school,yes,no,private,61.0
5087,3.0,8.9,81.1,67.0,4.3,weekly,school,yes,yes,public,64.5
5088,1.2,4.4,88.2,62.0,4.7,none,college,yes,no,public,43.0
5089,1.9,8.5,78.4,71.0,2.3,none,college,yes,no,public,54.7
5090,3.5,6.8,94.9,57.0,2.7,none,college,yes,yes,private,78.3
5091,3.1,7.9,83.8,62.0,6.6,none,graduate,yes,no,private,49.0
5092,2.5,8.0,89.6,60.0,2.7,none,graduate,yes,no,public,48.8
5093,2.3,7.9,93.9,71.0,8.2,weekly,college,no,no,private,63.9
5094,5.4,,94.8,46.0,2.0,weekly,graduate,no,no,public,62.2
5095,3.7,6.8,93.9,70.0,3.4,weekly,college,yes,yes,private,68.3
5096,3.5,5.6,86.9,36.0,3.7,weekly,graduate,yes,no,private,47.9
5097,2.9,4.6,91.3,70.0,1.9,none,college,yes,yes,public,56.1
5098,1.7,6.6,98.8,44.0,3.8,none,college,yes,yes,public,48.9
5099,1.5,6.4,93.2,100.0,10.3,weekly,college,no,no,public,62.3
5100,3.6,6.5,96.5,63.0,1.3,weekly,school,yes,yes,private,54.0
5101,2.6,7.3,98.1,92.0,3.2,weekly,graduate,yes,no,public,74.5
5102,7.9,6.5,98.2,64.0,0.6,none,graduate,yes,no,public,59.2
5103,11.7,7.8,88.9,64.0,3.7,weekly,graduate,yes,yes,private,74.6
5104,1.5,5.5,94.5,67.0,8.2,none,college,yes,yes,public,51.2
5105,5.4,7.8,91.1,43.0,0.7,weekly,school,no,yes,private,64.0
5106,12.0,6.9,97.0,54.0,6.4,weekly,school,yes,yes,public,62.8
5107,5.5,5.2,96.1,61.0,5.9,none,college,yes,yes,public,51.8
5108,1.5,6.0,98.8,58.0,3.6,none,graduate,yes,yes,private,56.8
5109,4.7,6.4,87.5,94.0,2.1,none,college,yes,yes,private,81.9
5110,8.3,7.2,80.3,44.0,1.6,weekly,graduate,yes,no,public,57.6
5111,6.0,7.1,97.8,51.0,3.0,none,school,no,no,private,56.5
5112,4.5,7.9,91.9,51.0,3.5,weekly,college,yes,yes,public,56.9
5113,1.4,8.3,95.8,65.0,6.9,weekly,graduate,yes,yes,private,54.0
5114,2.1,5.5,97.2,70.0,1.1,none,graduate,yes,no,public,61.3
5115,1.4,8.7,84.4,71.0,3.8,none,school,yes,yes,public,50.8
5116,2.5,6.6,97.8,56.0,6.8,none,,yes,no,public,55.8
5117,5.8,5.3,86.2,43.0,14.0,none,school,yes,no,public,40.8
5118,1.9,5.1,86.3,72.0,3.1,weekly,school,yes,yes,private,56.2
5119,4.5,7.2,97.6,47.0,7.2,none,college,yes,yes,public,43.0
5120,5.7,8.3,90.7,72.0,7.6,daily,college,yes,yes,public,77.2
5121,1.0,5.6,79.8,63.0,2.6,none,postgraduate,no,yes,public,43.4
5122,4.6,7.3,96.8,70.0,2.0,weekly,,yes,no,public,68.8
5123,4.1,5.4,94.7,72.0,1.8,daily,school,yes,yes,private,62.6
5124,1.5,7.5,94.0,73.0,1.0,weekly,graduate,yes,yes,public,69.2
5125,4.1,5.6,94.5,83.0,2.5,none,graduate,no,no,public,65.0
5126,6.6,9.7,85.2,57.0,1.6,weekly,college,no,yes,public,54.7
5127,1.1,8.1,99.6,55.0,6.7,weekly,graduate,no,yes,public,56.8
5128,0.4,7.6,85.2,67.0,,weekly,school,no,yes,private,54.5
5129,0.7,7.4,95.3,68.0,6.8,weekly,school,yes,no,public,58.2
5130,13.8,8.5,87.0,80.0,3.1,weekly,college,yes,no,private,72.2
5131,0.6,5.7,95.3,59.0,3.5,none,graduate,yes,yes,public,49.7
5132,2.7,7.3,97.1,57.0,5.6,weekly,school,yes,no,private,61.7
5133,6.6,5.2,98.2,42.0,11.2,none,school,yes,no,private,35.7
5134,2.9,5.9,99.2,80.0,7.9,weekly,graduate,yes,yes,public,66.8
5135,2.7,5.6,89.9,77.0,,none,college,yes,yes,public,71.3
5136,2.8,9.2,94.1,49.0,4.3,daily,school,yes,no,public,53.6
5137,2.7,6.9,85.4,87.0,,none,college,yes,yes,public,65.8
5138,2.1,6.8,90.3,56.0,5.4,weekly,college,no,no,private,50.8
5139,2.0,6.1,94.0,67.0,2.2,weekly,graduate,yes,no,public,54.6
5140,2.1,,95.4,69.0,3.9,none,school,yes,no,private,50.6
5141,4.6,8.1,97.3,49.0,2.6,weekly,graduate,yes,yes,public,67.2
5142,5.3,6.4,95.1,43.0,1.3,daily,school,yes,no,public,52.0
5143,3.2,6.7,80.4,52.0,1.4,none,college,yes,no,public,47.4
5144,1.1,8.8,95.5,68.0,2.5,weekly,school,yes,no,private,51.8
5145,2.8,7.2,93.9,65.0,13.7,none,college,yes,no,public,44.0
5146,7.2,5.5,90.1,78.0,6.2,none,graduate,yes,yes,public,61.7
5147,1.7,5.9,84.5,50.0,7.8,daily,graduate,yes,no,private,53.3
5148,4.5,7.2,75.5,52.0,2.7,none,school,yes,yes,public,58.6
5149,4.3,6.8,98.7,81.0,4.8,none,school,no,no,public,73.8
5150,2.1,7.7,97.0,77.0,4.0,none,school,yes,no,private,62.1
5151,0.6,6.9,99.2,53.0,1.0,none,school,yes,yes,public,47.7
5152,1.3,7.9,98.4,41.0,5.8,none,postgraduate,yes,yes,public,43.4
5153,3.2,8.1,93.3,44.0,7.4,none,college,yes,no,private,43.8
5154,4.4,7.1,98.8,72.0,3.4,weekly,school,no,yes,public,68.9
5155,2.4,7.4,91.4,69.0,1.4,none,college,yes,yes,public,68.2
5156,2.5,6.4,98.5,83.0,9.7,daily,graduate,yes,yes,public,71.4
5157,2.3,7.2,84.3,67.0,3.5,none,school,yes,no,private,57.8
5158,0.7,8.9,95.8,69.0,1.0,daily,school,yes,yes,private,55.5
5159,0.9,6.5,86.9,45.0,5.8,weekly,school,yes,yes,private,39.1
5160,2.1,5.4,97.7,65.0,0.1,none,college,yes,yes,public,48.1
5161,1.4,6.8,86.2,73.0,2.4,weekly,college,yes,yes,public,58.3
5162,1.1,7.0,89.4,72.0,0.7,weekly,college,yes,no,public,60.8
5163,0.8,6.1,94.3,57.0,3.3,weekly,college,no,yes,private,49.0
5164,4.1,3.9,98.6,62.0,2.9,none,college,yes,yes,private,52.6
5165,0.9,6.0,96.8,54.0,6.9,weekly,school,yes,no,private,44.8
5166,3.1,6.9,90.0,73.0,8.4,weekly,school,no,yes,public,54.6
5167,5.5,6.6,96.8,39.0,5.7,none,college,yes,no,private,54.0
5168,3.3,6.0,97.1,56.0,2.7,weekly,graduate,yes,no,private,51.8
5169,7.8,6.0,89.6,51.0,4.6,none,school,yes,yes,public,56.4
5170,10.0,8.4,90.1,60.0,6.8,none,postgraduate,yes,yes,private,66.3
5171,1.8,6.5,94.4,55.0,2.8,none,school,yes,no,public,52.9
5172,4.0,7.2,96.7,73.0,4.0,none,postgraduate,yes,no,public,68.1
5173,4.7,7.0,92.7,41.0,3.1,weekly,graduate,yes,no,private,50.2
5174,2.7,7.5,87.5,42.0,1.9,none,school,yes,no,private,47.8
5175,2.4,6.5,95.4,44.0,2.2,none,school,no,no,public,46.9
5176,8.1,5.2,94.7,54.0,4.9,none,college,yes,no,public,54.6
5177,4.4,8.8,91.6,66.0,5.4,weekly,college,yes,no,public,66.0
5178,2.1,,94.1,94.0,4.3,none,graduate,yes,no,public,65.7
5179,5.2,8.8,94.6,71.0,4.0,weekly,graduate,yes,no,public,60.1
5180,3.6,8.3,96.0,53.0,2.2,none,school,yes,yes,public,52.3
5181,5.1,4.8,99.4,79.0,7.0,daily,graduate,no,no,private,55.5
5182,1.8,7.9,91.8,76.0,3.8,none,college,yes,no,public,56.2
5183,2.9,5.4,83.4,79.0,2.4,none,graduate,yes,yes,public,65.6
5184,0.4,8.6,96.7,70.0,4.8,none,graduate,yes,yes,private,51.4
5185,2.1,5.9,93.0,84.0,,weekly,college,yes,no,public,65.0
5186,11.0,6.8,94.6,78.0,1.4,none,school,no,yes,public,69.0
5187,5.8,,87.4,57.0,2.2,weekly,school,yes,no,private,58.4
5188,1.6,6.2,97.7,73.0,2.7,daily,college,no,yes,public,57.3
5189,3.5,5.9,94.9,73.0,1.8,none,school,no,no,public,62.3
5190,12.5,8.2,96.4,62.0,0.7,none,school,yes,yes,private,63.2
5191,1.4,7.8,94.3,79.0,2.8,weekly,college,no,no,private,62.7
5192,1.5,6.6,84.7,90.0,6.6,none,school,yes,yes,public,55.6
5193,0.3,8.7,87.7,63.0,1.7,daily,college,no,yes,public,50.3
5194,2.6,6.7,95.9,50.0,,none,college,yes,no,private,52.1
5195,5.8,6.6,92.5,52.0,4.3,none,college,no,no,public,50.0
5196,3.0,5.4,95.0,75.0,3.6,weekly,postgraduate,yes,no,private,69.7
5197,1.5,6.7,99.1,64.0,6.1,daily,graduate,yes,no,public,62.1
5198,2.3,6.7,94.2,67.0,12.0,daily,college,yes,no,public,54.8
5199,2.5,,78.5,34.0,4.8,weekly,college,no,yes,public,42.0
5200,6.7,5.1,91.8,53.0,4.5,none,school,yes,yes,private,51.2
5201,5.6,8.1,97.2,44.0,2.8,none,school,no,no,private,61.0
5202,2.8,4.7,92.4,53.0,0.6,weekly,postgraduate,no,no,public,48.3
5203,8.4,8.1,98.0,61.0,0.9,none,graduate,yes,yes,public,63.2
5204,5.2,7.7,63.4,67.0,4.0,weekly,school,yes,yes,private,60.1
5205,0.9,9.5,97.8,61.0,5.7,weekly,college,yes,no,public,45.8
5206,1.7,5.9,91.0,70.0,6.4,none,school,yes,no,private,50.0
5207,1.5,8.4,93.3,44.0,5.1,none,graduate,no,yes,public,41.2
5208,7.7,9.7,88.6,40.0,2.3,none,school,yes,no,public,45.6
5209,4.9,,99.3,55.0,10.3,daily,graduate,yes,no,public,58.8
5210,2.3,7.1,98.3,64.0,3.9,none,college,yes,no,public,62.6
5211,1.2,5.0,89.0,79.0,3.8,none,school,yes,no,private,59.4
5212,2.5,6.5,83.5,71.0,2.9,weekly,college,yes,no,private,69.7
5213,1.5,6.1,87.6,68.0,2.0,none,college,yes,no,public,54.8
5214,7.1,6.6,97.2,79.0,4.2,none,college,yes,no,private,72.3
5215,6.2,7.2,94.9,58.0,3.8,weekly,graduate,no,yes,public,61.6
5216,1.2,7.3,91.2,56.0,3.8,none,postgraduate,no,yes,public,53.6
5217,3.3,6.8,92.4,66.0,1.4,none,,yes,no,public,65.2
5218,7.1,6.1,86.8,81.0,1.4,none,school,yes,no,public,69.5
5219,1.0,5.8,98.6,67.0,1.7,none,school,yes,yes,private,50.8
5220,2.0,8.6,92.3,48.0,2.9,none,school,no,no,public,34.5
5221,3.1,9.1,92.5,56.0,3.4,weekly,graduate,yes,no,public,58.1
5222,2.2,5.7,88.2,82.0,3.5,weekly,school,yes,no,private,62.0
5223,0.7,9.9,96.6,52.0,1.5,none,graduate,yes,yes,public,39.3
5224,3.2,5.1,87.7,51.0,1.0,none,graduate,yes,yes,public,37.6
5225,5.5,6.7,92.8,73.0,0.5,none,college,no,no,public,67.5
5226,5.5,5.6,80.5,49.0,5.5,none,college,yes,yes,private,39.2
5227,7.4,5.0,96.1,78.0,1.5,weekly,school,yes,yes,private,64.2
5228,4.7,7.5,95.8,76.0,2.8,none,postgraduate,yes,no,private,67.9
5229,3.2,7.9,89.9,91.0,2.0,daily,graduate,yes,no,public,76.7
5230,2.8,5.7,83.0,46.0,2.6,weekly,college,yes,yes,private,45.0
5231,4.7,7.5,93.5,82.0,1.7,none,school,yes,yes,public,68.5
5232,1.8,6.7,98.7,51.0,1.6,none,graduate,yes,no,public,46.7
5233,0.7,7.7,88.4,45.0,2.5,none,school,no,no,private,33.9
5234,0.8,7.4,99.5,60.0,1.6,daily,postgraduate,yes,yes,private,60.0
5235,3.4,7.4,93.0,70.0,1.8,none,graduate,yes,yes,public,68.0
5236,4.2,9.2,86.7,70.0,1.1,weekly,postgraduate,yes,no,private,63.3
5237,2.1,5.4,97.8,72.0,4.2,weekly,school,yes,no,public,62.0
5238,3.0,7.8,95.2,73.0,2.8,daily,graduate,yes,no,private,67.9
5239,1.7,6.0,84.8,87.0,1.5,weekly,college,yes,yes,public,74.1
5240,0.8,7.3,92.3,96.0,1.7,weekly,college,yes,yes,public,77.1
5241,3.8,7.5,83.4,64.0,3.5,none,postgraduate,yes,yes,public,52.4
5242,5.1,6.3,99.9,84.0,3.8,weekly,college,yes,yes,public,64.4
5243,11.0,6.6,90.4,78.0,5.1,weekly,graduate,yes,yes,public,82.4
5244,3.3,9.3,96.1,61.0,,none,school,yes,no,private,58.3
5245,2.3,7.5,96.9,75.0,4.5,daily,college,yes,no,private,71.4
5246,4.0,6.3,97.4,55.0,6.4,weekly,college,no,yes,public,52.2
5247,5.8,7.3,98.3,55.0,1.1,none,school,no,yes,public,54.6
5248,3.9,7.2,93.4,35.0,3.8,none,postgraduate,no,no,public,52.5
5249,4.1,10.0,92.8,66.0,3.3,none,postgraduate,yes,yes,public,62.4
5250,1.2,7.9,97.6,68.0,2.4,weekly,postgraduate,yes,no,private,68.5
5251,2.1,6.8,96.8,64.0,1.0,weekly,school,yes,no,private,51.5
5252,0.9,5.7,84.6,83.0,0.5,none,school,yes,yes,public,55.0
5253,1.0,6.2,94.0,51.0,1.5,none,,no,no,public,45.0
5254,4.2,5.5,95.1,59.0,1.9,none,school,yes,no,public,52.3
5255,0.6,5.9,76.7,77.0,0.8,none,,yes,no,public,54.6
5256,2.2,4.8,94.6,84.0,1.7,daily,school,yes,no,public,67.7
5257,5.7,6.6,94.7,56.0,2.7,none,,yes,no,private,55.9
5258,3.9,4.1,94.2,56.0,8.1,none,college,yes,no,private,39.3
5259,6.8,6.6,99.3,72.0,8.1,weekly,postgraduate,no,yes,public,67.2
5260,1.9,5.9,90.7,83.0,1.3,daily,postgraduate,yes,no,private,71.7
5261,2.6,9.8,94.1,37.0,3.6,weekly,school,yes,yes,public,38.5
5262,2.5,6.7,88.9,73.0,4.9,weekly,postgraduate,no,yes,private,60.3
5263,6.6,6.6,94.1,72.0,0.8,weekly,college,yes,no,private,63.1
5264,3.3,7.3,94.6,60.0,3.1,none,college,yes,no,private,66.2
5265,0.5,4.8,57.8,66.0,2.3,none,postgraduate,yes,yes,private,45.9
5266,1.1,6.4,77.8,44.0,1.6,daily,school,no,yes,public,38.1
5267,0.6,7.2,89.1,61.0,7.9,none,college,yes,yes,private,50.7
5268,4.6,4.8,85.4,76.0,4.0,weekly,school,yes,no,private,60.3
5269,1.8,7.2,97.1,64.0,1.5,none,college,yes,yes,private,56.7
5270,0.7,5.0,92.7,66.0,4.3,none,graduate,no,yes,private,54.7
5271,5.5,6.7,99.2,84.0,2.0,none,school,yes,yes,private,73.3
5272,6.7,5.0,91.9,42.0,3.2,none,postgraduate,yes,no,private,58.7
5273,5.3,7.8,94.2,80.0,1.9,daily,graduate,yes,yes,public,80.8
5274,3.6,6.3,91.4,76.0,2.5,none,,no,no,private,65.2
5275,5.8,3.2,96.7,55.0,8.5,none,graduate,yes,yes,public,44.7
5276,3.4,8.1,97.8,54.0,5.0,none,graduate,yes,yes,private,56.2
5277,1.0,7.5,99.9,57.0,,weekly,postgraduate,yes,no,public,62.1
5278,0.3,6.2,92.3,56.0,4.4,none,school,yes,no,public,45.1
5279,5.0,5.9,95.6,46.0,6.5,none,college,yes,no,private,50.7
5280,3.4,4.9,87.8,59.0,3.5,none,college,yes,yes,public,53.0
5281,2.7,7.2,88.9,85.0,4.6,none,graduate,yes,no,private,68.8
5282,5.6,5.1,98.7,54.0,2.5,none,college,yes,no,public,60.8
5283,0.9,6.1,97.9,73.0,5.3,weekly,college,yes,no,public,61.2
5284,6.0,8.0,91.1,77.0,0.4,none,school,yes,yes,public,63.4
5285,6.7,5.3,94.0,71.0,3.9,weekly,postgraduate,no,no,private,67.6
5286,6.3,5.9,92.8,52.0,1.6,none,college,yes,yes,public,51.0
5287,2.2,5.4,84.0,59.0,5.0,weekly,college,yes,no,public,46.8
5288,6.5,5.4,93.8,66.0,7.3,none,postgraduate,yes,no,private,61.9
5289,0.9,10.0,88.7,69.0,,weekly,graduate,yes,no,public,51.9
5290,1.6,7.9,93.5,64.0,7.8,none,school,yes,yes,public,44.4
5291,1.2,5.5,80.8,79.0,1.9,weekly,graduate,yes,no,private,60.0
5292,1.7,6.3,85.6,76.0,3.9,daily,college,yes,yes,public,61.4
5293,1.6,6.9,92.2,41.0,3.4,weekly,postgraduate,yes,yes,public,50.9
5294,2.2,9.3,97.7,62.0,3.2,weekly,school,yes,no,public,65.7
5295,3.0,7.1,85.4,53.0,1.6,daily,postgraduate,no,yes,private,57.8
5296,2.3,6.0,96.7,57.0,2.8,none,college,no,no,public,49.8
5297,2.9,7.1,97.7,17.0,6.8,none,college,yes,yes,public,29.5
5298,5.0,6.8,98.3,65.0,1.1,none,graduate,no,yes,public,56.3
5299,2.9,8.4,85.3,90.0,4.8,none,college,no,no,public,62.5
5300,2.2,5.2,99.6,61.0,0.9,daily,graduate,yes,yes,public,54.1
5301,2.9,7.0,87.0,72.0,4.0,weekly,graduate,no,yes,public,73.6
5302,6.8,7.6,83.8,74.0,2.6,daily,school,yes,no,public,74.5
5303,3.4,10.0,87.0,46.0,0.8,none,postgraduate,yes,yes,public,49.5
5304,8.9,5.2,86.2,61.0,3.3,weekly,school,yes,yes,public,61.3
5305,2.9,5.6,94.7,75.0,4.9,weekly,graduate,yes,yes,public,71.2
5306,2.1,5.7,90.9,72.0,2.2,weekly,graduate,yes,no,public,58.3
5307,0.4,6.2,97.6,60.0,3.4,none,graduate,yes,no,public,40.7
5308,4.8,5.9,86.0,68.0,2.2,daily,postgraduate,yes,no,private,72.5
5309,0.4,6.1,98.9,46.0,2.8,weekly,postgraduate,yes,yes,private,45.2
5310,2.4,5.4,95.8,70.0,1.0,none,school,yes,yes,private,58.7
5311,0.4,6.4,90.5,67.0,0.7,none,college,yes,yes,public,48.1
5312,6.0,7.9,79.2,66.0,1.6,weekly,graduate,yes,no,private,62.5
5313,5.7,9.6,86.1,61.0,2.7,weekly,school,yes,no,private,60.4
5314,2.8,7.6,94.3,90.0,10.0,weekly,school,yes,no,public,81.4
5315,4.4,5.9,73.6,74.0,1.0,none,graduate,yes,yes,public,72.5
5316,2.0,7.3,86.6,45.0,4.1,none,school,yes,no,public,48.5
5317,1.0,,78.9,59.0,2.4,none,graduate,yes,yes,public,54.1
5318,0.6,6.6,93.4,84.0,7.3,daily,college,yes,yes,public,71.1
5319,2.5,3.0,92.8,72.0,4.2,weekly,postgraduate,yes,no,public,41.3
5320,2.3,6.9,98.3,59.0,5.1,none,school,yes,no,public,45.3
5321,2.9,7.4,90.3,55.0,4.1,none,school,yes,no,public,50.1
5322,1.2,4.7,86.7,76.0,0.8,daily,school,yes,no,private,55.5
5323,1.0,6.8,96.7,59.0,7.6,weekly,school,yes,no,public,49.5
5324,5.8,6.3,97.4,59.0,6.6,daily,school,no,no,public,58.3
5325,3.2,5.7,94.0,45.0,4.9,none,graduate,yes,no,private,42.0
5326,4.2,7.2,95.6,78.0,1.2,none,school,yes,no,public,64.1
5327,2.5,7.0,91.6,65.0,2.9,none,graduate,yes,no,private,66.1
5328,2.7,6.8,94.7,73.0,2.7,none,college,yes,yes,public,63.6
5329,2.6,7.8,95.2,54.0,0.5,weekly,college,no,yes,private,64.3
5330,4.2,8.9,89.5,59.0,3.6,none,graduate,yes,no,private,67.7
5331,2.7,5.1,86.9,66.0,3.3,weekly,school,yes,no,private,56.9
5332,5.2,5.6,96.0,75.0,3.1,daily,postgraduate,yes,no,public,70.1
5333,1.4,7.5,97.4,70.0,1.0,weekly,college,yes,yes,public,48.6
5334,0.8,9.4,85.9,63.0,2.0,none,school,no,yes,private,46.5
5335,2.0,6.8,72.2,70.0,4.5,none,college,yes,yes,public,59.7
5336,5.6,5.8,90.1,55.0,4.8,weekly,graduate,yes,no,public,63.0
5337,3.5,7.4,98.8,55.0,1.6,none,college,yes,no,private,59.8
5338,0.6,7.0,98.0,50.0,2.4,weekly,postgraduate,yes,yes,private,49.0
5339,4.1,5.2,93.0,70.0,1.5,weekly,college,yes,yes,public,52.4
5340,2.5,8.1,99.3,67.0,0.9,none,graduate,yes,no,private,65.8
5341,0.8,7.5,98.7,67.0,2.7,none,graduate,yes,yes,private,62.4
5342,4.3,6.5,88.1,53.0,1.2,weekly,postgraduate,yes,no,public,63.3
5343,1.4,6.9,85.2,63.0,4.1,none,college,no,yes,private,47.2
5344,4.1,6.8,95.0,61.0,3.9,none,college,yes,no,public,64.0
5345,2.7,5.8,92.0,52.0,4.2,none,school,yes,no,private,43.3
5346,1.6,6.6,85.5,68.0,6.7,none,college,yes,no,private,47.5
5347,1.8,4.7,84.4,58.0,4.6,none,graduate,yes,yes,public,40.6
5348,0.6,8.4,96.4,90.0,3.0,none,school,yes,no,private,66.5
5349,3.1,9.0,99.1,69.0,5.4,weekly,,yes,no,public,54.7
5350,2.5,8.6,89.2,60.0,1.8,weekly,college,yes,no,private,53.1
5351,2.4,7.6,94.5,51.0,3.1,none,school,yes,no,private,46.7
5352,2.3,7.5,67.4,67.0,3.4,none,graduate,no,yes,private,57.6
5353,2.8,4.7,81.7,78.0,1.4,daily,college,yes,no,public,66.3
5354,1.5,7.3,88.8,54.0,3.0,none,school,yes,no,public,46.6
5355,0.6,5.0,94.3,60.0,2.3,none,college,yes,yes,private,53.5
5356,2.9,7.2,94.5,60.0,1.4,none,college,yes,yes,private,63.4
5357,4.7,5.0,92.4,55.0,5.6,weekly,postgraduate,yes,no,private,60.1
5358,5.1,4.7,88.0,24.0,4.8,none,school,yes,no,private,25.3
5359,7.4,5.6,85.6,58.0,9.8,daily,school,no,yes,private,54.4
5360,4.7,7.2,98.9,69.0,3.9,daily,postgraduate,yes,yes,private,63.7
5361,3.0,5.9,94.0,51.0,1.7,weekly,graduate,yes,yes,public,59.0
5362,3.0,3.4,95.9,66.0,4.6,none,graduate,yes,no,public,39.4
5363,1.2,6.7,98.1,76.0,0.9,none,school,yes,no,public,51.4
5364,1.1,7.9,67.4,70.0,5.0,none,college,yes,yes,public,60.7
5365,4.9,7.1,92.1,50.0,2.7,none,school,yes,no,public,53.6
5366,4.0,6.1,86.1,48.0,3.1,none,postgraduate,no,yes,public,45.9
5367,1.0,8.6,87.5,70.0,6.9,none,graduate,yes,yes,private,53.2
5368,4.0,7.4,96.3,27.0,1.9,weekly,college,no,no,public,43.5
5369,2.8,7.7,96.3,66.0,0.2,none,college,yes,yes,private,50.8
5370,1.5,6.8,88.0,61.0,1.2,none,graduate,no,no,public,49.8
5371,3.9,7.0,77.3,58.0,4.1,weekly,college,yes,yes,private,60.0
5372,1.7,7.0,89.3,66.0,3.0,none,school,yes,no,public,47.3
5373,3.6,7.2,89.2,46.0,1.3,none,college,yes,yes,private,49.9
5374,3.2,6.8,97.9,67.0,5.1,weekly,school,yes,no,public,63.6
5375,0.8,6.1,79.5,81.0,2.2,weekly,graduate,no,no,private,58.6
5376,2.2,7.7,96.3,95.0,11.3,weekly,school,yes,yes,private,70.8
5377,3.7,5.6,93.8,64.0,3.1,none,school,yes,yes,public,47.9
5378,5.7,8.2,99.2,77.0,8.4,daily,graduate,yes,yes,public,69.9
5379,2.9,8.0,95.0,70.0,5.8,weekly,college,yes,no,public,57.8
5380,5.1,6.8,91.1,42.0,5.2,weekly,graduate,yes,yes,public,50.7
5381,1.2,6.4,82.2,79.0,,none,graduate,yes,no,public,57.7
5382,4.0,8.1,98.1,53.0,0.9,daily,graduate,yes,yes,public,62.7
5383,1.9,9.8,92.4,65.0,2.1,weekly,college,yes,no,public,60.5
5384,5.4,8.1,97.8,57.0,5.4,none,school,yes,yes,private,52.3
5385,6.1,8.0,95.2,78.0,1.5,weekly,college,yes,yes,private,76.7
5386,8.9,7.5,78.9,64.0,5.9,none,school,yes,yes,public,55.3
5387,7.3,5.3,98.0,64.0,3.9,weekly,college,yes,yes,public,62.8
5388,2.2,7.0,82.7,68.0,2.2,none,school,no,yes,public,51.1
5389,0.3,7.2,96.7,52.0,3.2,none,graduate,yes,no,private,60.9
5390,3.8,6.3,63.2,51.0,6.2,none,graduate,yes,no,public,50.8
5391,3.5,8.4,83.5,55.0,4.7,weekly,college,no,no,public,57.7
5392,7.9,8.6,95.9,53.0,0.9,none,graduate,yes,no,public,60.3
5393,2.4,6.3,83.0,82.0,9.7,none,college,yes,yes,private,59.3
5394,3.0,8.2,96.0,84.0,1.6,none,college,yes,yes,public,58.8
5395,2.8,8.8,93.0,88.0,2.9,daily,school,yes,yes,public,80.4
5396,5.3,6.8,98.8,59.0,1.2,none,college,yes,yes,public,57.3
5397,3.9,4.9,88.8,88.0,2.9,none,postgraduate,yes,yes,public,69.1
5398,2.8,5.3,90.5,62.0,2.0,weekly,graduate,yes,no,public,51.4
5399,4.5,4.3,80.6,81.0,6.7,none,graduate,yes,no,public,59.3
5400,6.6,4.9,95.8,68.0,1.0,none,college,yes,no,private,57.3
5401,1.5,7.6,98.5,68.0,1.4,weekly,graduate,yes,yes,public,60.8
5402,0.7,7.4,99.1,54.0,2.1,weekly,graduate,yes,yes,private,70.2
5403,2.8,6.6,97.1,78.0,7.6,none,college,yes,yes,public,61.2
5404,1.9,7.1,94.7,55.0,3.3,none,school,yes,yes,private,52.4
5405,0.5,5.5,90.0,81.0,3.2,daily,college,yes,no,private,64.4
5406,4.3,7.2,93.4,50.0,3.1,weekly,college,yes,yes,public,60.9
5407,5.4,6.6,87.4,68.0,2.9,weekly,school,no,no,private,66.9
5408,4.0,5.7,75.4,74.0,4.0,weekly,college,yes,no,public,67.0
5409,1.7,4.9,97.7,80.0,1.6,weekly,postgraduate,yes,yes,private,66.2
5410,5.8,7.2,74.8,59.0,2.5,none,school,yes,yes,public,60.4
5411,0.5,8.3,97.8,69.0,,none,school,yes,yes,public,48.8
5412,1.0,8.0,88.5,49.0,2.8,none,postgraduate,yes,no,public,53.0
5413,6.6,7.1,83.2,61.0,3.4,weekly,,yes,yes,private,66.8
5414,4.0,5.2,97.9,81.0,3.9,none,graduate,yes,no,private,66.2
5415,5.0,5.7,89.1,68.0,0.6,weekly,school,yes,yes,public,64.9
5416,5.4,8.5,96.3,63.0,9.0,weekly,school,yes,no,private,61.8
5417,3.8,6.5,84.3,55.0,12.1,none,school,yes,yes,private,51.4
5418,1.0,6.9,85.0,61.0,5.6,weekly,school,yes,no,private,54.3
5419,2.0,5.5,75.5,76.0,5.1,none,college,yes,no,public,55.9
5420,2.1,7.9,98.4,65.0,2.2,daily,graduate,yes,yes,public,60.9
5421,1.7,7.1,90.3,64.0,1.4,daily,college,no,no,public,63.0
5422,4.1,6.9,89.3,48.0,2.0,none,college,yes,no,public,52.2
5423,3.0,8.4,93.7,73.0,0.6,daily,graduate,yes,yes,private,70.7
5424,5.8,,96.5,55.0,6.0,weekly,college,yes,yes,public,62.4
5425,1.8,6.0,97.8,97.0,1.1,none,school,yes,no,public,69.9
5426,4.3,6.6,81.9,80.0,0.7,none,graduate,yes,no,public,74.8
5427,5.6,,88.8,69.0,6.0,weekly,school,yes,no,private,60.1
5428,0.4,7.1,90.6,51.0,6.0,daily,school,no,yes,private,51.0
5429,3.2,6.8,89.4,71.0,3.7,none,college,yes,no,public,46.4
5430,8.2,,92.6,50.0,1.7,weekly,college,yes,no,private,69.6
5431,0.1,3.1,99.6,85.0,12.5,daily,college,yes,no,public,36.8
5432,1.3,6.2,83.3,56.0,1.2,none,college,yes,no,private,45.5
5433,2.7,6.8,97.2,73.0,2.7,weekly,school,yes,yes,private,63.7
5434,1.6,8.1,95.7,89.0,1.7,weekly,graduate,no,no,public,70.2
5435,3.1,4.6,90.9,53.0,1.9,none,school,yes,no,private,47.0
5436,3.3,7.6,80.0,67.0,5.0,weekly,,yes,yes,public,68.2
5437,4.9,6.8,95.6,61.0,0.4,none,school,yes,no,public,54.8
5438,3.0,6.4,93.4,71.0,3.6,none,school,yes,no,public,53.6
5439,7.0,7.9,99.6,47.0,5.2,none,school,yes,no,public,50.2
5440,3.0,9.1,96.6,69.0,2.7,none,school,yes,no,public,58.3
5441,1.3,7.8,85.8,65.0,2.1,none,college,no,yes,private,57.3
5442,1.5,7.9,88.1,94.0,1.6,none,college,yes,no,public,73.6
5443,1.8,6.6,98.7,76.0,5.7,weekly,postgraduate,yes,no,private,68.5
5444,7.4,7.4,97.3,96.0,1.9,none,college,yes,yes,public,83.5
5445,1.4,,92.2,82.0,4.0,none,school,yes,yes,private,58.4
5446,1.9,4.1,92.8,75.0,4.6,daily,college,yes,no,public,63.1
5447,3.5,7.4,91.3,59.0,1.8,daily,college,yes,no,private,67.1
5448,2.5,7.4,73.3,85.0,3.4,weekly,graduate,yes,no,public,65.9
5449,4.9,10.0,99.0,90.0,3.3,weekly,college,yes,yes,private,66.6
5450,1.5,6.0,99.8,84.0,5.6,weekly,college,yes,yes,public,65.3
5451,2.9,8.2,87.0,93.0,9.9,weekly,postgraduate,yes,yes,public,72.0
5452,2.3,6.7,99.8,60.0,3.7,none,graduate,no,yes,private,58.6
5453,2.0,8.6,79.3,66.0,4.2,daily,college,yes,yes,public,56.3
5454,1.0,,93.9,61.0,1.3,daily,school,yes,no,private,57.5
5455,5.7,8.4,85.1,71.0,2.3,weekly,postgraduate,yes,yes,public,65.3
5456,1.9,6.6,91.1,84.0,1.8,weekly,graduate,yes,yes,private,70.0
5457,1.4,6.7,79.4,81.0,7.6,weekly,college,yes,yes,private,64.6
5458,2.1,7.1,84.2,62.0,,weekly,school,no,yes,private,59.5
5459,0.5,9.4,94.7,66.0,2.4,weekly,school,yes,no,public,59.2
5460,1.3,5.1,82.5,91.0,4.3,none,graduate,yes,yes,public,64.1
5461,4.9,4.6,91.5,79.0,5.6,none,postgraduate,yes,yes,private,63.7
5462,1.6,7.6,98.6,68.0,2.8,none,school,yes,yes,public,53.1
5463,6.5,8.1,99.5,62.0,3.8,none,school,yes,no,public,63.3
5464,1.3,6.7,89.8,69.0,3.7,none,graduate,yes,no,private,64.4
5465,0.6,,93.4,88.0,1.0,daily,graduate,yes,no,public,71.1
5466,6.8,,96.4,62.0,1.6,weekly,school,yes,yes,public,57.6
5467,0.9,5.2,85.1,69.0,0.8,weekly,graduate,yes,no,public,59.1
5468,0.6,7.9,92.3,68.0,0.5,weekly,school,yes,yes,private,54.0
5469,1.7,4.5,90.7,97.0,2.5,daily,graduate,yes,no,private,65.5
5470,5.9,5.3,92.6,67.0,2.3,weekly,postgraduate,yes,no,private,72.1
5471,4.2,6.6,79.8,72.0,1.5,none,college,no,yes,private,58.9
5472,2.2,8.4,89.5,65.0,5.6,weekly,graduate,yes,no,public,61.2
5473,4.4,5.4,91.8,72.0,3.5,none,college,no,no,public,59.9
5474,0.8,5.4,99.8,58.0,6.0,daily,school,yes,yes,public,45.3
5475,0.5,5.9,99.5,58.0,6.0,none,college,yes,no,public,44.1
5476,1.6,7.5,96.2,56.0,2.6,weekly,graduate,yes,yes,public,57.0
5477,2.0,3.1,68.7,66.0,3.8,weekly,college,yes,no,public,40.4
5478,2.8,5.7,95.0,52.0,8.3,none,school,no,no,private,49.2
5479,1.9,5.7,92.9,71.0,3.6,none,graduate,yes,no,private,61.5
5480,3.5,8.3,95.9,62.0,1.7,none,graduate,yes,yes,public,65.1
5481,6.4,7.1,91.4,75.0,2.6,none,postgraduate,yes,no,public,63.2
5482,2.6,6.9,94.9,54.0,3.9,weekly,graduate,yes,no,private,58.7
5483,2.6,5.1,87.6,75.0,1.4,weekly,college,yes,yes,public,58.7
5484,4.6,7.0,91.8,49.0,3.6,none,college,yes,no,public,63.6
5485,2.3,5.6,87.0,64.0,1.2,none,college,yes,yes,private,50.2
5486,2.1,6.5,97.4,61.0,3.4,weekly,,yes,yes,public,54.5
5487,3.0,6.0,98.2,61.0,1.6,weekly,postgraduate,yes,no,private,57.5
5488,1.6,6.4,99.7,66.0,10.9,none,graduate,no,yes,private,51.8
5489,0.4,7.4,97.1,48.0,2.0,daily,school,no,yes,public,46.1
5490,5.2,6.3,94.4,77.0,3.0,none,graduate,yes,yes,public,67.1
5491,5.5,6.6,82.5,67.0,2.7,weekly,school,yes,yes,public,52.9
5492,1.7,,89.9,59.0,6.1,none,college,yes,no,private,59.0
5493,8.4,8.0,86.3,63.0,3.8,daily,college,yes,yes,private,71.8
5494,2.7,8.7,91.3,48.0,12.1,weekly,school,no,no,private,43.7
5495,3.1,5.4,84.8,46.0,1.6,none,school,yes,no,private,48.4
5496,4.8,7.6,79.3,56.0,1.7,weekly,postgraduate,yes,no,public,52.8
5497,2.2,,91.9,52.0,6.1,weekly,graduate,yes,yes,public,49.4
5498,1.2,8.2,96.7,49.0,3.7,none,school,no,no,public,36.7
5499,3.6,7.5,93.9,80.0,5.1,none,graduate,yes,yes,private,66.5
5500,0.5,6.5,98.2,76.0,1.9,none,graduate,no,no,public,64.5
5501,2.1,8.9,95.6,55.0,3.8,none,college,yes,yes,public,54.7
5502,1.4,8.2,90.8,50.0,1.6,weekly,graduate,yes,no,public,56.6
5503,2.7,4.9,83.0,41.0,3.3,weekly,college,no,yes,public,41.2
5504,3.9,6.7,93.8,24.0,2.5,none,graduate,yes,no,public,41.0
5505,5.6,8.0,91.2,66.0,4.2,none,postgraduate,no,no,public,61.0
5506,2.0,6.9,99.5,86.0,1.7,none,college,yes,yes,public,69.0
5507,5.0,8.5,81.2,60.0,1.9,weekly,graduate,yes,no,public,65.8
5508,1.9,6.7,91.0,59.0,11.2,none,postgraduate,yes,yes,public,54.3
5509,5.9,10.0,99.3,74.0,4.7,weekly,school,yes,no,public,57.8
5510,0.9,5.8,84.1,81.0,2.6,weekly,,yes,no,private,64.6
5511,7.3,6.3,85.1,89.0,2.8,none,postgraduate,yes,no,public,76.5
5512,5.6,8.7,89.4,72.0,0.4,none,graduate,yes,yes,public,64.0
5513,4.5,5.7,80.5,27.0,2.8,weekly,graduate,yes,no,public,38.4
5514,2.2,7.5,88.7,67.0,0.4,weekly,postgraduate,no,yes,public,64.3
5515,1.7,5.9,77.2,72.0,1.4,none,graduate,yes,yes,private,50.9
5516,4.8,4.6,96.5,75.0,1.6,daily,school,no,no,private,61.0
5517,1.3,6.0,92.1,71.0,,weekly,college,yes,no,private,57.4
5518,6.1,,99.6,90.0,9.8,none,school,yes,no,private,66.7
5519,4.1,7.1,93.4,64.0,2.4,none,graduate,yes,no,public,59.9
5520,12.9,7.5,99.3,83.0,0.5,none,college,yes,no,public,70.8
5521,4.1,6.8,90.2,81.0,4.4,none,graduate,yes,yes,public,70.2
5522,1.4,7.3,74.7,41.0,1.1,daily,postgraduate,yes,yes,private,50.4
5523,2.9,,81.5,60.0,6.7,weekly,college,yes,yes,public,58.3
5524,1.9,7.7,94.4,75.0,1.9,weekly,postgraduate,no,yes,public,63.0
5525,0.3,7.0,94.1,63.0,7.5,none,postgraduate,yes,yes,private,48.5
5526,3.5,6.0,89.2,51.0,2.5,weekly,graduate,yes,yes,private,61.8
5527,1.6,6.9,88.3,68.0,4.6,none,college,yes,yes,public,56.0
5528,2.6,5.7,86.7,60.0,2.1,none,postgraduate,yes,no,private,53.2
5529,5.4,7.1,89.0,67.0,2.6,weekly,,yes,no,public,63.2
5530,2.3,7.7,88.6,49.0,1.5,none,school,no,yes,private,37.1
5531,3.4,9.2,95.4,79.0,2.1,weekly,school,yes,yes,private,56.3
5532,2.9,7.7,97.7,72.0,2.9,none,school,yes,yes,public,61.4
5533,2.7,5.7,98.4,64.0,1.4,weekly,school,yes,no,private,57.2
5534,8.3,,97.2,87.0,6.6,weekly,graduate,yes,yes,private,87.5
5535,1.9,4.8,95.4,67.0,8.0,weekly,graduate,yes,yes,private,56.5
5536,11.8,6.6,98.5,83.0,0.5,weekly,graduate,yes,no,public,76.9
5537,2.9,7.6,91.7,49.0,4.8,daily,college,yes,yes,public,48.3
5538,4.7,8.7,84.4,61.0,3.7,daily,graduate,yes,no,public,61.4
5539,2.2,6.8,90.0,66.0,5.4,weekly,graduate,yes,no,private,62.1
5540,1.5,6.9,82.8,61.0,2.5,none,college,yes,yes,public,52.0
5541,5.1,7.3,89.9,47.0,2.3,none,college,no,yes,public,53.6
5542,7.4,9.1,93.8,61.0,2.4,weekly,college,no,no,private,62.0
5543,7.6,7.6,90.7,60.0,5.1,none,college,yes,no,private,55.7
5544,7.1,6.6,99.7,46.0,4.1,daily,college,yes,no,private,70.3
5545,5.0,6.3,79.2,56.0,5.9,weekly,,yes,no,private,54.0
5546,4.4,8.3,84.3,60.0,,daily,college,yes,no,private,60.7
5547,4.7,7.8,90.8,55.0,2.1,none,postgraduate,yes,no,public,62.0
5548,0.6,6.4,86.8,51.0,,weekly,school,yes,no,public,44.4
5549,0.9,6.6,88.5,82.0,2.6,none,graduate,yes,yes,public,57.7
5550,0.9,8.4,77.4,68.0,3.3,weekly,college,no,yes,public,59.3
5551,2.8,6.1,89.0,73.0,4.0,weekly,graduate,yes,no,private,63.2
5552,3.3,6.5,98.6,79.0,0.3,none,college,yes,no,public,70.1
5553,3.0,4.5,83.6,95.0,,none,school,yes,no,public,55.4
5554,1.3,7.1,93.6,75.0,5.7,none,graduate,yes,yes,public,62.8
5555,2.5,7.4,97.5,58.0,4.1,none,school,no,yes,public,52.8
5556,2.0,6.3,91.5,74.0,4.5,none,postgraduate,yes,no,public,67.0
5557,4.6,8.5,77.3,77.0,7.8,weekly,graduate,yes,yes,public,63.7
5558,1.9,7.3,89.7,67.0,4.4,none,postgraduate,yes,no,public,56.9
5559,0.4,6.0,78.2,59.0,2.6,daily,school,yes,no,public,46.9
5560,4.5,6.2,91.8,72.0,4.5,weekly,school,yes,yes,public,59.3
5561,5.0,8.3,99.1,76.0,3.0,weekly,,yes,yes,public,73.9
5562,0.4,10.0,93.4,73.0,1.8,none,school,yes,yes,private,40.2
5563,2.6,7.0,85.7,74.0,3.1,weekly,college,yes,yes,private,65.8
5564,3.2,4.9,93.6,45.0,2.7,none,graduate,yes,no,public,48.0
5565,2.0,6.8,84.5,38.0,1.6,none,postgraduate,no,no,private,39.8
5566,6.9,5.8,97.2,60.0,1.4,none,postgraduate,yes,yes,private,72.8
5567,6.7,6.0,93.0,71.0,0.7,none,graduate,yes,no,private,68.1
5568,2.0,7.0,79.0,44.0,2.3,daily,graduate,no,no,private,46.9
5569,2.7,6.9,90.3,60.0,2.2,weekly,postgraduate,no,no,private,63.9
5570,14.9,3.6,96.1,75.0,4.8,none,postgraduate,no,no,private,72.2
5571,3.4,5.5,77.0,52.0,3.1,weekly,college,yes,no,public,51.0
5572,5.9,7.0,90.9,73.0,1.7,none,graduate,yes,yes,public,68.3
5573,1.2,8.9,94.5,69.0,2.6,none,graduate,yes,no,private,59.1
5574,3.4,8.3,98.4,50.0,2.6,none,college,yes,yes,private,44.3
5575,5.3,7.8,92.7,63.0,9.3,weekly,school,no,yes,public,63.7
5576,2.6,,97.6,72.0,1.2,weekly,postgraduate,no,no,public,70.5
5577,1.7,9.2,91.0,59.0,6.9,none,school,yes,no,public,42.8
5578,7.9,7.5,90.8,60.0,4.5,none,college,yes,yes,public,60.3
5579,1.1,6.0,85.8,58.0,2.0,daily,postgraduate,yes,no,private,56.1
5580,3.3,9.1,95.7,84.0,8.6,none,college,yes,no,public,54.0
5581,4.4,7.9,90.3,70.0,4.7,weekly,college,yes,yes,public,65.0
5582,2.9,5.5,88.6,61.0,7.5,weekly,school,yes,no,public,53.1
5583,1.6,6.2,89.3,86.0,8.1,none,school,no,yes,private,56.8
5584,1.7,5.9,82.5,47.0,6.0,none,school,yes,yes,public,52.4
5585,2.9,5.8,74.0,50.0,10.2,none,graduate,yes,yes,public,30.5
5586,1.5,5.8,92.7,91.0,1.6,weekly,college,yes,yes,public,75.2
5587,9.7,5.6,78.0,53.0,4.4,none,graduate,yes,no,private,56.6
5588,5.0,6.0,92.1,65.0,1.5,weekly,postgraduate,yes,no,public,72.8
5589,7.1,9.0,80.8,34.0,4.5,weekly,graduate,yes,yes,public,53.8
5590,2.2,8.2,68.5,71.0,0.5,none,postgraduate,yes,no,public,60.1
5591,5.3,7.3,64.0,79.0,8.6,daily,graduate,yes,yes,public,70.7
5592,1.5,,87.6,70.0,,none,postgraduate,yes,yes,private,58.0
5593,4.3,6.3,91.1,73.0,,weekly,school,yes,no,private,64.2
5594,6.0,7.0,96.7,71.0,,daily,college,no,yes,private,75.8
5595,0.8,4.4,90.9,76.0,5.4,weekly,graduate,yes,yes,private,55.0
5596,1.7,5.1,85.5,100.0,2.1,weekly,school,yes,yes,private,69.4
5597,4.6,9.3,97.4,53.0,6.8,none,college,yes,yes,public,56.7
5598,0.6,8.5,73.2,59.0,2.8,none,school,yes,no,public,39.2
5599,9.7,6.4,94.8,49.0,6.9,weekly,postgraduate,yes,yes,private,57.6
5600,3.3,7.3,99.2,64.0,6.7,none,school,no,no,private,45.3
5601,2.2,7.0,91.5,53.0,1.4,none,graduate,yes,no,private,60.8
5602,2.8,7.4,96.8,31.0,2.4,none,postgraduate,no,yes,public,44.5
5603,2.7,5.7,87.3,57.0,4.5,none,school,yes,no,private,55.4
5604,3.3,6.5,96.8,76.0,4.7,weekly,college,no,yes,public,56.6
5605,1.6,5.8,99.0,75.0,2.9,weekly,postgraduate,no,no,private,62.7
5606,3.6,7.4,99.3,65.0,2.1,weekly,college,yes,no,private,66.2
5607,6.4,5.1,73.0,55.0,2.0,none,college,no,no,public,52.6
5608,4.0,6.2,95.5,74.0,2.7,none,college,yes,no,public,63.7
5609,1.6,6.8,88.7,72.0,8.3,daily,college,yes,no,public,63.1
5610,6.0,6.8,93.0,63.0,4.8,none,graduate,yes,no,private,63.9
5611,3.1,6.0,93.6,78.0,2.0,none,school,yes,yes,public,56.1
5612,2.9,7.6,94.8,77.0,1.9,none,school,yes,yes,public,63.6
5613,5.1,6.3,99.1,65.0,0.8,weekly,college,yes,no,private,69.2
5614,1.3,6.6,84.2,73.0,1.8,none,college,no,no,public,58.7
5615,1.1,8.6,98.4,64.0,0.8,none,graduate,yes,no,public,60.5
5616,4.2,6.1,97.4,74.0,6.2,none,postgraduate,no,yes,public,69.0
5617,1.7,7.1,94.5,57.0,1.5,daily,graduate,yes,yes,public,61.1
5618,3.2,6.2,96.6,91.0,7.7,weekly,graduate,yes,no,private,70.1
5619,6.3,6.6,94.5,43.0,4.0,weekly,school,no,yes,private,50.1
5620,7.0,4.3,93.4,83.0,1.3,none,college,yes,no,public,58.4
5621,4.8,8.2,75.2,53.0,2.0,none,college,yes,yes,private,55.4
5622,2.7,6.6,94.2,85.0,2.1,weekly,graduate,yes,no,private,71.5
5623,2.1,7.9,95.9,62.0,2.1,none,school,yes,yes,private,61.1
5624,4.3,6.9,85.0,66.0,1.1,weekly,college,yes,no,public,65.3
5625,1.6,5.9,82.9,63.0,2.0,weekly,graduate,no,yes,public,61.9
5626,6.1,6.9,93.5,55.0,3.9,none,school,yes,yes,public,57.2
5627,3.0,5.0,89.7,69.0,5.4,daily,postgraduate,yes,no,public,69.6
5628,3.7,5.6,86.8,87.0,0.6,none,college,yes,yes,public,63.6
5629,5.2,7.9,93.3,56.0,0.7,none,college,yes,no,public,60.9
5630,1.1,7.5,85.7,49.0,8.4,none,school,no,no,private,35.9
5631,1.3,6.3,94.9,54.0,1.1,weekly,postgraduate,yes,yes,public,43.4
5632,8.5,7.9,92.6,78.0,4.1,weekly,postgraduate,yes,yes,public,75.4
5633,4.2,5.4,91.8,54.0,2.5,weekly,graduate,yes,no,private,51.0
5634,1.2,6.6,86.2,57.0,3.5,none,school,yes,no,public,56.7
5635,6.5,6.5,98.9,72.0,,weekly,school,yes,no,private,71.3
5636,4.3,7.9,96.7,100.0,7.3,weekly,postgraduate,no,yes,private,78.6
5637,1.1,8.0,82.9,69.0,6.5,none,college,yes,no,private,62.4
5638,14.8,5.0,95.3,31.0,4.1,weekly,school,yes,yes,public,52.3
5639,1.5,4.9,94.4,77.0,2.4,weekly,school,yes,yes,public,62.0
5640,2.6,5.0,98.1,64.0,6.6,weekly,school,yes,no,public,54.5
5641,3.5,8.7,59.5,88.0,2.0,weekly,college,yes,no,private,64.5
5642,2.8,6.6,93.9,52.0,0.7,none,graduate,yes,no,public,52.6
5643,9.5,7.4,91.0,65.0,3.8,weekly,graduate,yes,yes,private,71.4
5644,1.3,6.9,92.0,53.0,1.2,none,graduate,yes,no,public,40.7
5645,2.0,7.0,85.8,50.0,2.8,none,school,yes,no,public,37.7
5646,4.2,6.8,99.3,55.0,3.0,none,graduate,yes,yes,public,54.0
5647,4.3,8.7,84.3,71.0,2.9,weekly,graduate,yes,yes,public,61.3
5648,2.0,8.6,89.7,57.0,2.4,none,school,yes,yes,private,48.9
5649,1.3,,77.9,40.0,1.2,weekly,college,yes,no,public,43.6
5650,3.7,9.3,95.0,63.0,3.2,none,college,yes,no,public,62.9
5651,2.9,6.9,92.1,77.0,4.5,weekly,college,yes,yes,public,73.9
5652,4.1,9.4,94.3,71.0,6.8,none,college,yes,no,private,54.8
5653,5.4,5.2,88.5,59.0,2.0,none,school,yes,no,public,56.1
5654,1.4,6.3,91.9,45.0,3.7,none,college,yes,no,public,47.2
5655,5.1,6.7,98.7,64.0,,none,college,yes,yes,private,59.9
5656,1.4,6.2,97.8,85.0,1.8,none,school,yes,no,private,57.2
5657,1.9,6.0,97.1,83.0,2.8,weekly,school,yes,yes,private,62.5
5658,6.4,6.5,94.4,53.0,1.1,weekly,college,yes,no,public,66.6
5659,3.2,6.8,83.2,39.0,7.1,daily,,yes,no,private,50.1
5660,2.1,7.1,84.0,52.0,5.5,weekly,college,yes,no,public,50.6
5661,5.3,7.9,91.9,68.0,2.7,daily,graduate,yes,yes,public,77.4
5662,4.1,7.0,88.8,59.0,1.8,none,graduate,no,no,public,53.9
5663,6.9,7.5,85.5,100.0,2.0,none,postgraduate,yes,no,private,79.5
5664,3.8,6.1,90.4,69.0,2.8,weekly,college,yes,no,public,65.4
5665,6.3,6.1,63.0,86.0,1.1,weekly,graduate,yes,no,public,63.3
5666,3.4,8.3,89.8,62.0,3.8,weekly,college,no,yes,public,59.0
5667,3.7,7.6,78.8,71.0,2.5,daily,college,yes,no,private,64.8
5668,7.5,6.2,89.6,61.0,3.0,none,college,yes,yes,private,57.6
5669,1.6,5.9,92.6,54.0,3.2,none,college,yes,no,public,39.6
5670,7.5,7.2,93.6,50.0,2.7,none,graduate,no,yes,public,58.6
5671,2.1,5.3,85.3,43.0,1.0,none,college,yes,yes,public,42.4
5672,0.3,6.3,84.9,67.0,2.7,weekly,college,yes,yes,public,54.4
5673,4.9,4.7,94.9,82.0,4.4,weekly,,yes,yes,private,68.8
5674,0.9,9.7,87.5,68.0,3.3,none,school,yes,no,private,54.4
5675,2.9,5.7,96.7,67.0,2.1,weekly,college,yes,yes,public,53.4
5676,6.4,8.0,84.0,46.0,,none,college,yes,yes,public,49.5
5677,2.4,6.9,93.0,79.0,5.5,weekly,school,yes,yes,public,68.6
5678,4.0,6.0,96.2,60.0,2.7,weekly,college,yes,no,public,58.2
5679,5.2,5.0,86.6,74.0,3.3,none,postgraduate,yes,no,public,58.4
5680,4.5,8.4,95.6,70.0,1.4,weekly,school,no,yes,private,70.9
5681,2.7,7.2,97.2,66.0,4.0,none,school,yes,no,public,55.3
5682,1.5,5.2,89.9,67.0,3.2,none,school,yes,no,private,45.2
5683,5.9,9.2,94.1,71.0,4.2,none,graduate,yes,yes,public,63.9
5684,1.4,5.7,93.8,49.0,2.7,none,postgraduate,yes,no,private,45.5
5685,1.5,7.9,91.1,87.0,2.2,none,school,yes,yes,private,74.5
5686,7.5,7.3,88.9,65.0,5.2,weekly,graduate,yes,no,private,58.3
5687,2.8,,93.9,66.0,1.9,weekly,postgraduate,yes,yes,private,73.3
5688,4.1,6.7,96.3,62.0,0.6,weekly,school,yes,no,private,64.7
5689,2.2,8.7,85.0,87.0,1.6,none,graduate,yes,yes,private,80.2
5690,6.9,8.8,94.7,81.0,2.0,none,graduate,yes,no,private,71.6
5691,3.1,6.7,80.7,57.0,4.7,weekly,school,yes,yes,public,50.2
5692,3.3,6.8,97.8,62.0,7.3,none,school,yes,no,private,59.9
5693,4.4,5.7,81.6,50.0,2.6,daily,graduate,yes,yes,public,52.0
5694,3.3,8.8,83.3,57.0,1.4,none,school,no,no,public,46.7
5695,1.7,6.5,93.2,64.0,1.0,weekly,school,yes,yes,public,53.2
5696,2.8,8.1,94.1,83.0,3.1,none,graduate,yes,yes,private,73.0
5697,2.2,7.9,96.2,86.0,0.8,weekly,school,yes,no,public,64.3
5698,1.4,8.7,88.7,83.0,0.9,weekly,graduate,yes,no,private,59.4
5699,14.3,5.7,96.0,65.0,3.6,weekly,school,yes,no,public,80.2
5700,4.6,8.2,91.9,76.0,,weekly,,yes,no,public,58.7
5701,1.1,4.6,94.5,50.0,3.4,weekly,college,yes,yes,private,46.7
5702,16.0,5.9,92.3,58.0,3.6,none,,yes,yes,public,67.6
5703,0.4,6.8,93.8,83.0,1.4,weekly,college,yes,yes,public,58.1
5704,2.9,6.4,95.7,64.0,0.8,weekly,postgraduate,yes,no,private,62.3
5705,3.5,7.1,80.5,69.0,7.1,weekly,postgraduate,yes,no,public,61.7
5706,1.3,6.7,97.5,79.0,3.5,none,school,yes,yes,private,57.4
5707,3.9,7.9,95.7,62.0,4.0,weekly,college,yes,no,public,59.0
5708,1.4,5.8,95.7,61.0,5.1,weekly,school,yes,yes,public,47.0
5709,7.1,,98.7,63.0,2.0,none,school,no,no,public,51.1
5710,2.5,5.9,95.3,65.0,,none,college,yes,yes,private,52.7
5711,5.6,10.0,92.7,57.0,1.0,none,college,yes,no,public,62.5
5712,6.1,4.2,95.4,52.0,4.6,none,college,no,no,private,41.3
5713,2.8,8.1,97.3,62.0,6.4,daily,college,yes,no,public,68.6
5714,3.1,,94.0,73.0,3.7,daily,college,yes,no,public,62.7
5715,2.7,6.8,91.2,75.0,0.8,weekly,graduate,no,yes,private,60.1
5716,3.2,8.9,73.7,42.0,2.9,weekly,graduate,no,yes,public,46.5
5717,3.1,7.9,94.8,59.0,1.9,weekly,school,yes,yes,private,64.2
5718,6.5,7.9,98.6,44.0,0.3,weekly,graduate,no,no,public,57.6
5719,0.5,8.2,93.4,59.0,3.4,weekly,school,yes,no,public,42.7
5720,3.4,5.2,91.4,64.0,4.8,none,graduate,no,yes,private,57.1
5721,1.3,4.6,90.6,66.0,3.2,none,college,yes,yes,private,44.2
5722,6.5,8.7,97.9,40.0,1.1,none,school,yes,no,private,48.1
5723,2.4,7.6,89.9,69.0,4.5,none,school,yes,no,private,59.4
5724,2.4,6.2,94.1,78.0,8.5,daily,school,yes,no,public,59.3
5725,6.4,10.0,72.7,47.0,2.2,none,,yes,no,public,52.3
5726,1.2,6.6,95.1,73.0,3.5,weekly,graduate,yes,no,private,69.7
5727,2.7,8.1,99.8,66.0,2.9,daily,graduate,yes,yes,public,65.1
5728,1.2,4.7,93.3,69.0,2.8,none,postgraduate,yes,no,private,64.0
5729,1.1,7.7,93.9,45.0,6.3,weekly,college,no,yes,public,46.6
5730,1.8,6.4,94.9,48.0,1.8,none,school,no,yes,public,44.6
5731,3.6,6.5,94.6,72.0,1.2,weekly,college,yes,no,public,64.5
5732,1.0,5.6,98.8,63.0,2.0,none,school,yes,yes,public,59.3
5733,6.7,6.8,95.9,89.0,3.0,none,,no,yes,public,69.2
5734,1.9,7.2,95.9,64.0,2.9,weekly,school,yes,no,private,62.4
5735,5.3,7.3,97.3,46.0,5.7,weekly,school,no,no,public,63.2
5736,1.6,6.8,98.2,59.0,5.2,weekly,school,yes,no,public,54.2
5737,0.9,6.8,84.7,48.0,1.9,weekly,school,yes,no,private,52.1
5738,1.4,8.3,95.8,65.0,4.6,none,college,yes,no,public,54.5
5739,1.4,8.2,88.9,67.0,3.2,none,college,yes,yes,private,53.6
5740,4.1,8.5,94.3,83.0,1.4,none,postgraduate,yes,no,public,72.4
5741,5.2,4.8,93.6,78.0,2.6,weekly,college,yes,no,public,64.6
5742,2.4,6.7,94.5,50.0,7.6,weekly,school,yes,no,private,48.6
5743,0.9,,97.0,52.0,2.0,none,college,yes,yes,public,45.3
5744,1.8,6.1,92.7,36.0,3.4,none,school,no,no,public,34.8
5745,2.1,6.3,98.2,64.0,3.5,none,college,yes,no,public,49.3
5746,3.1,7.4,95.4,94.0,2.6,none,school,yes,no,public,73.8
5747,1.8,6.4,83.7,82.0,0.8,none,school,yes,no,private,54.7
5748,3.4,6.2,95.3,62.0,4.0,none,,yes,no,public,58.7
5749,1.6,6.3,98.6,70.0,3.1,none,college,no,yes,public,52.6
5750,3.2,9.2,85.2,68.0,,weekly,school,yes,yes,private,57.4
5751,5.2,5.8,94.8,48.0,2.2,daily,postgraduate,yes,yes,public,63.1
5752,0.8,7.9,96.9,86.0,3.3,weekly,school,yes,no,public,69.2
5753,6.1,7.1,79.5,70.0,4.5,none,graduate,yes,no,public,76.1
5754,4.8,6.7,98.3,51.0,1.8,none,school,yes,no,public,56.6
5755,4.0,6.6,99.6,70.0,2.5,weekly,school,yes,yes,public,57.5
5756,4.4,8.8,87.1,53.0,1.1,daily,graduate,yes,no,private,49.9
5757,1.3,8.3,79.0,52.0,2.7,daily,graduate,yes,yes,public,45.3
5758,5.6,7.1,81.4,56.0,5.3,none,school,yes,no,public,59.2
5759,3.8,3.7,81.9,79.0,2.0,none,school,no,no,public,51.9
5760,10.8,5.9,92.3,89.0,2.4,none,college,yes,yes,private,88.8
5761,4.0,7.5,89.1,61.0,2.5,none,college,yes,yes,private,62.7
5762,2.0,8.4,88.3,68.0,3.6,none,college,yes,no,private,61.5
5763,2.1,4.8,90.3,70.0,0.9,weekly,school,yes,no,public,56.1
5764,6.4,6.6,97.6,52.0,2.7,none,graduate,yes,no,public,55.5
5765,4.5,9.4,87.0,64.0,3.0,none,graduate,yes,yes,public,61.2
5766,2.0,4.3,82.0,62.0,3.6,none,college,yes,no,public,38.3
5767,3.7,7.7,92.9,40.0,2.2,weekly,college,yes,yes,public,51.2
5768,3.6,6.7,99.4,53.0,2.4,none,graduate,yes,no,public,57.2
5769,1.8,3.4,95.8,60.0,6.4,weekly,,yes,yes,private,45.4
5770,2.7,8.0,96.9,74.0,0.8,weekly,graduate,yes,yes,public,66.7
5771,2.1,,85.1,60.0,2.8,weekly,school,yes,yes,public,52.5
5772,1.5,,91.2,42.0,1.0,daily,school,yes,no,public,41.3
5773,2.1,5.8,82.9,57.0,4.9,daily,graduate,yes,no,public,58.1
5774,1.8,5.9,89.1,59.0,3.2,none,graduate,yes,yes,public,57.0
5775,2.1,6.0,97.1,67.0,4.8,none,graduate,yes,yes,private,66.5
5776,0.4,5.5,90.6,87.0,2.3,daily,graduate,yes,no,public,64.2
5777,7.0,6.0,99.7,71.0,4.4,weekly,school,yes,yes,public,63.6
5778,0.4,7.3,88.5,99.0,1.4,none,school,yes,no,private,71.1
5779,3.8,7.3,93.8,41.0,6.4,none,college,yes,yes,public,40.4
5780,2.2,7.2,95.9,68.0,2.7,weekly,college,yes,no,public,67.3
5781,1.6,4.9,97.7,71.0,,none,school,yes,no,public,49.3
5782,1.5,5.8,99.1,70.0,1.3,weekly,college,yes,no,public,61.8
5783,1.5,5.2,97.0,32.0,2.5,weekly,school,yes,yes,public,30.0
5784,1.4,5.9,94.8,72.0,4.6,none,graduate,yes,no,public,58.8
5785,2.6,9.1,98.4,65.0,2.1,none,college,yes,no,private,47.2
5786,3.6,6.0,92.9,66.0,2.9,weekly,school,yes,no,public,61.9
5787,2.5,6.3,91.4,57.0,3.0,daily,school,yes,no,public,60.8
5788,1.3,6.1,92.4,70.0,1.4,none,college,yes,yes,public,51.8
5789,2.0,5.2,71.5,44.0,0.8,none,school,yes,yes,public,34.9
5790,9.4,5.7,89.2,47.0,2.7,weekly,postgraduate,yes,yes,private,57.8
5791,1.4,7.3,96.7,65.0,4.8,none,college,yes,no,public,49.1
5792,9.3,7.6,96.6,60.0,5.6,daily,postgraduate,yes,no,private,68.5
5793,6.4,7.0,78.6,54.0,5.6,none,graduate,yes,yes,private,55.8
5794,4.7,8.1,89.8,42.0,2.1,weekly,school,yes,yes,private,58.1
5795,8.0,6.4,90.7,68.0,0.7,none,school,yes,no,public,56.6
5796,1.5,6.5,84.2,78.0,6.1,weekly,postgraduate,yes,no,public,61.0
5797,3.1,6.7,99.3,63.0,4.6,none,,yes,no,public,71.1
5798,3.3,9.5,91.1,51.0,4.0,weekly,postgraduate,yes,yes,private,61.6
5799,2.7,7.2,99.3,74.0,2.7,weekly,college,yes,no,public,62.0
5800,1.4,6.6,96.9,57.0,1.4,none,college,yes,yes,private,51.1
5801,5.0,6.6,88.8,74.0,3.2,daily,college,no,no,private,68.1
5802,4.5,7.1,94.5,76.0,5.0,weekly,graduate,yes,yes,public,79.6
5803,1.9,5.9,91.0,70.0,4.1,none,college,yes,no,public,52.9
5804,0.9,7.0,91.1,70.0,2.5,weekly,college,yes,no,public,63.3
5805,0.9,8.0,95.6,53.0,5.6,none,school,yes,no,public,47.0
5806,1.7,7.0,92.9,67.0,2.9,none,graduate,yes,no,private,63.0
5807,2.1,8.0,86.1,82.0,3.9,weekly,school,yes,no,public,60.6
5808,4.5,6.6,94.5,74.0,5.8,none,postgraduate,yes,no,private,67.9
5809,2.2,5.3,94.0,83.0,1.1,none,school,yes,no,private,59.7
5810,1.3,7.5,88.9,86.0,2.8,none,postgraduate,yes,no,public,62.7
5811,1.3,8.3,96.5,91.0,3.4,none,college,yes,no,public,71.8
5812,2.0,5.0,74.8,37.0,3.1,none,postgraduate,yes,no,public,34.6
5813,1.3,5.9,93.4,49.0,5.0,none,school,yes,yes,public,45.8
5814,1.0,7.2,92.0,86.0,5.4,none,college,yes,yes,private,62.3
5815,2.0,6.6,98.9,74.0,2.2,none,postgraduate,yes,no,public,56.5
5816,2.0,5.2,95.2,72.0,1.9,none,college,yes,no,public,62.5
5817,0.8,7.2,94.8,56.0,2.8,none,postgraduate,yes,yes,public,53.5
5818,5.9,6.2,95.7,51.0,2.3,weekly,graduate,yes,no,public,58.4
5819,3.9,7.8,95.8,65.0,4.9,daily,,yes,yes,public,56.6
5820,6.5,7.7,91.6,54.0,9.6,weekly,college,yes,no,public,57.7
5821,1.9,7.5,82.9,82.0,4.1,weekly,graduate,yes,no,private,65.1
5822,6.2,8.3,93.1,51.0,1.4,weekly,postgraduate,no,yes,public,66.4
5823,2.6,,93.7,70.0,9.3,weekly,school,yes,no,public,48.8
5824,4.2,7.0,89.2,62.0,4.1,none,graduate,yes,no,public,51.2
5825,0.8,5.7,95.0,68.0,1.6,none,college,yes,yes,private,48.6
5826,1.9,6.3,93.2,71.0,2.7,daily,graduate,yes,yes,public,71.2
5827,3.5,7.5,77.3,65.0,3.2,weekly,college,yes,yes,public,72.8
5828,3.3,7.7,96.8,69.0,3.4,none,college,yes,no,public,69.4
5829,4.1,7.0,93.8,60.0,2.8,none,graduate,yes,yes,public,58.3
5830,8.5,6.3,96.7,62.0,1.7,daily,college,no,no,private,72.3
5831,4.4,6.5,87.0,66.0,1.6,weekly,postgraduate,yes,no,private,73.4
5832,3.5,4.9,97.1,89.0,1.4,weekly,college,yes,no,private,62.9
5833,5.0,6.3,94.4,79.0,,weekly,graduate,yes,no,private,67.1
5834,5.0,5.6,98.8,56.0,2.4,none,graduate,no,yes,private,59.5
5835,1.8,7.2,93.6,43.0,2.5,weekly,college,no,no,private,46.5
5836,4.9,6.9,96.3,85.0,2.6,weekly,graduate,yes,no,public,73.2
5837,1.2,6.7,78.9,78.0,2.7,weekly,college,yes,no,public,61.9
5838,0.2,7.7,93.1,43.0,1.9,none,,yes,no,public,45.7
5839,4.5,8.0,81.3,73.0,10.0,none,,yes,yes,public,60.9
5840,3.7,5.5,94.1,77.0,3.2,none,college,yes,no,public,57.8
5841,1.6,7.4,81.3,51.0,5.7,none,college,yes,no,public,54.4
5842,4.7,5.2,88.0,100.0,3.7,weekly,postgraduate,no,yes,public,78.1
5843,1.9,6.9,83.3,68.0,1.9,none,college,yes,yes,private,61.7
5844,6.4,9.6,87.7,74.0,5.8,weekly,college,yes,yes,private,66.1
5845,3.2,7.0,98.5,59.0,1.3,none,school,yes,no,public,56.9
5846,2.0,5.0,92.3,72.0,2.1,none,school,yes,no,private,58.6
5847,2.9,7.3,88.9,89.0,1.2,weekly,college,yes,no,public,64.7
5848,8.4,7.6,96.1,42.0,2.5,none,graduate,no,yes,public,51.3
5849,1.1,6.0,95.0,67.0,2.5,none,college,yes,yes,private,54.6
5850,3.9,7.2,87.7,79.0,1.2,none,graduate,no,yes,public,63.1
5851,1.0,8.2,85.6,84.0,3.4,daily,graduate,yes,no,private,65.1
5852,3.6,5.9,91.3,56.0,4.1,weekly,college,yes,no,public,54.6
5853,5.6,7.5,87.3,42.0,1.0,weekly,postgraduate,yes,yes,private,65.6
5854,3.2,7.4,92.5,90.0,4.4,weekly,college,no,yes,public,69.9
5855,4.1,5.5,97.8,84.0,4.8,none,graduate,yes,no,public,67.7
5856,0.9,5.8,83.4,36.0,3.8,weekly,college,yes,no,public,33.6
5857,1.3,6.4,92.3,61.0,4.2,weekly,college,yes,yes,public,55.1
5858,4.0,8.2,86.0,77.0,2.4,none,postgraduate,yes,yes,private,68.0
5859,5.6,7.2,98.5,77.0,1.2,none,school,yes,no,public,63.1
5860,5.6,7.3,96.4,58.0,,weekly,graduate,yes,no,private,61.8
5861,1.1,7.0,76.2,70.0,5.2,weekly,school,yes,no,public,49.7
5862,5.1,8.1,97.6,73.0,4.0,weekly,graduate,yes,no,private,77.6
5863,1.3,8.2,93.7,56.0,1.6,none,college,yes,no,public,41.0
5864,6.1,7.4,98.1,61.0,2.3,weekly,school,yes,no,public,66.4
5865,3.0,7.1,92.6,74.0,0.9,weekly,postgraduate,yes,yes,private,68.1
5866,1.9,6.8,93.6,51.0,1.1,none,school,yes,no,public,48.0
5867,2.6,7.5,94.9,58.0,4.8,daily,graduate,no,yes,public,62.0
5868,6.9,6.0,84.8,75.0,1.9,none,college,yes,no,public,59.2
5869,2.8,6.9,93.7,69.0,3.2,weekly,school,yes,no,private,60.0
5870,4.5,4.6,96.7,87.0,1.3,none,postgraduate,yes,yes,public,68.9
5871,2.4,7.4,97.0,68.0,5.8,none,graduate,yes,yes,public,61.1
5872,3.2,,96.1,79.0,8.9,none,graduate,yes,no,public,64.2
5873,2.2,6.6,88.9,81.0,1.7,none,school,yes,no,public,60.0
5874,0.9,6.9,98.5,80.0,4.6,none,school,no,no,public,58.4
5875,2.6,9.8,90.4,66.0,0.3,weekly,graduate,no,yes,private,56.8
5876,1.1,7.9,90.1,69.0,8.2,daily,college,yes,no,public,52.3
5877,3.0,7.0,99.6,59.0,3.5,none,school,yes,no,public,62.1
5878,1.0,6.7,91.0,53.0,2.0,none,college,yes,no,public,40.6
5879,11.8,6.4,96.7,60.0,0.9,none,postgraduate,yes,no,private,73.3
5880,1.6,4.7,76.3,86.0,3.0,weekly,college,no,no,private,59.6
5881,3.8,5.2,92.8,69.0,4.2,none,graduate,yes,yes,public,60.8
5882,1.7,7.0,97.5,38.0,2.2,none,graduate,no,no,public,40.9
5883,1.6,9.3,91.7,65.0,1.5,none,graduate,yes,no,public,48.9
5884,4.5,5.9,99.6,54.0,1.6,none,college,yes,yes,public,51.8
5885,9.0,7.5,96.2,80.0,2.2,none,college,yes,yes,public,71.1
5886,2.8,5.5,92.2,70.0,10.1,none,college,no,yes,public,52.8
5887,2.9,5.3,89.3,71.0,8.4,none,,yes,no,public,48.3
5888,5.5,5.8,96.0,88.0,5.9,none,college,yes,yes,public,69.1
5889,2.7,6.1,88.8,60.0,2.6,weekly,school,yes,no,private,64.6
5890,3.6,6.7,93.5,78.0,1.6,weekly,postgraduate,yes,no,public,71.8
5891,6.2,7.7,68.8,64.0,1.5,none,school,no,no,public,55.4
5892,2.6,8.4,91.3,54.0,1.9,daily,school,yes,yes,private,54.7
5893,1.1,6.8,94.8,67.0,5.7,none,college,yes,yes,private,62.4
5894,5.0,5.7,86.3,70.0,1.8,daily,school,yes,no,public,55.6
5895,1.1,6.5,88.8,63.0,4.0,daily,graduate,yes,yes,private,56.9
5896,13.8,5.3,94.3,61.0,4.3,none,postgraduate,yes,no,public,61.3
5897,2.5,5.9,97.1,72.0,2.2,weekly,graduate,yes,yes,public,65.7
5898,3.5,8.1,72.5,59.0,1.7,none,graduate,yes,yes,private,51.7
5899,0.9,8.8,83.2,52.0,3.4,none,college,yes,no,private,51.1
5900,6.6,7.2,97.4,72.0,6.2,none,college,yes,yes,private,66.9
5901,3.3,7.0,95.4,54.0,5.2,none,college,yes,yes,private,63.1
5902,3.8,5.4,93.3,46.0,1.9,none,graduate,no,yes,private,51.4
5903,5.9,4.3,82.0,53.0,3.7,none,graduate,yes,yes,private,46.8
5904,1.0,5.3,93.4,67.0,2.2,weekly,postgraduate,yes,no,private,63.2
5905,3.7,5.0,97.7,93.0,7.3,weekly,school,yes,yes,private,61.1
5906,4.4,8.4,88.0,48.0,2.0,weekly,graduate,yes,yes,public,60.0
5907,3.4,8.3,71.6,66.0,4.8,none,college,no,yes,public,53.1
5908,3.4,7.8,99.4,59.0,4.3,weekly,school,yes,yes,public,55.9
5909,2.7,8.8,94.3,70.0,1.7,weekly,graduate,yes,no,public,68.0
5910,2.3,7.3,99.1,79.0,1.3,weekly,school,yes,no,private,64.6
5911,1.2,6.7,93.4,76.0,10.7,weekly,graduate,yes,yes,public,67.9
5912,6.6,7.6,93.4,87.0,1.2,weekly,school,yes,no,private,78.1
5913,8.4,7.9,68.6,84.0,2.2,none,postgraduate,yes,yes,private,73.6
5914,3.1,5.6,93.4,39.0,0.9,none,postgraduate,no,no,public,45.8
5915,9.1,5.8,97.3,66.0,8.6,weekly,postgraduate,no,yes,public,77.3
5916,3.7,6.3,86.7,59.0,5.9,weekly,postgraduate,yes,yes,public,61.6
5917,0.2,8.4,96.4,82.0,2.0,weekly,school,yes,yes,public,57.9
5918,1.6,4.8,70.6,73.0,0.9,none,graduate,yes,no,private,49.1
5919,8.2,5.4,84.3,46.0,8.7,weekly,college,yes,yes,private,47.3
5920,2.2,5.7,96.2,87.0,9.5,daily,graduate,yes,yes,public,67.2
5921,2.0,8.4,95.7,53.0,1.2,none,graduate,yes,no,public,45.7
5922,1.4,,94.7,72.0,1.8,none,college,yes,no,public,51.8
5923,1.9,6.2,94.8,89.0,,none,postgraduate,yes,yes,private,71.9
5924,4.4,5.3,93.7,63.0,0.5,none,school,yes,no,public,61.3
5925,6.4,6.7,82.3,54.0,8.4,none,school,yes,no,public,48.2
5926,8.3,6.0,97.2,54.0,1.3,weekly,school,yes,yes,private,62.3
5927,2.3,6.7,90.8,50.0,3.0,weekly,college,yes,no,private,55.5
5928,2.1,6.8,97.5,60.0,3.5,weekly,college,no,no,private,58.3
5929,4.2,8.4,95.3,27.0,0.9,none,postgraduate,yes,yes,private,50.6
5930,1.5,8.8,95.2,74.0,2.0,none,college,yes,no,private,68.6
5931,5.0,8.5,94.7,57.0,3.6,weekly,graduate,yes,no,private,62.7
5932,1.7,6.4,90.2,59.0,0.8,weekly,graduate,yes,no,private,60.3
5933,3.3,7.6,97.7,67.0,3.6,none,college,no,no,public,51.3
5934,5.6,6.4,97.8,99.0,2.7,none,graduate,yes,no,public,91.2
5935,6.3,5.9,89.7,71.0,6.0,weekly,school,yes,no,public,65.0
5936,5.3,7.8,92.7,30.0,3.9,weekly,school,yes,yes,private,46.3
5937,1.9,7.6,92.1,45.0,1.8,weekly,college,yes,no,private,47.8
5938,7.9,5.7,99.4,64.0,2.3,none,college,yes,no,public,59.1
5939,2.8,6.3,88.2,68.0,2.4,weekly,graduate,yes,no,private,63.7
5940,4.1,6.6,91.4,59.0,3.3,weekly,college,yes,no,public,50.2
5941,1.0,6.6,98.2,56.0,0.5,none,school,yes,no,private,47.5
5942,1.2,6.6,94.5,66.0,4.9,none,graduate,yes,no,private,67.5
5943,10.6,7.0,78.4,37.0,1.8,none,college,yes,no,public,61.3
5944,2.2,7.4,89.3,63.0,4.3,weekly,college,yes,no,public,55.1
5945,6.1,8.0,80.7,33.0,3.2,none,school,yes,no,public,37.2
5946,2.5,6.0,96.2,78.0,2.8,none,graduate,yes,no,public,58.0
5947,3.1,6.6,90.0,46.0,6.3,none,graduate,no,yes,public,48.3
5948,3.8,8.5,76.2,58.0,3.6,none,school,yes,no,private,49.0
5949,3.8,7.0,93.4,73.0,2.1,daily,graduate,yes,no,public,61.9
5950,2.1,7.7,92.4,37.0,4.2,none,graduate,yes,yes,private,39.7
5951,1.6,7.5,91.4,57.0,3.4,none,school,yes,yes,public,45.5
5952,1.8,5.8,94.1,86.0,3.1,weekly,college,no,no,public,64.9
5953,4.4,5.5,83.9,40.0,3.7,weekly,school,yes,no,private,41.0
5954,3.8,7.1,94.9,50.0,2.4,weekly,college,yes,no,private,54.2
5955,3.0,4.5,98.6,25.0,1.9,none,college,yes,yes,public,33.6
5956,3.3,8.3,81.4,87.0,2.7,none,school,yes,yes,public,60.7
5957,2.7,8.0,81.2,55.0,1.2,none,college,yes,yes,public,49.5
5958,6.8,7.9,96.5,54.0,2.5,weekly,graduate,yes,no,private,66.4
5959,4.0,6.5,85.0,68.0,0.9,none,graduate,no,no,public,59.9
5960,3.8,6.3,84.7,65.0,1.5,daily,graduate,yes,no,public,65.4
5961,4.1,5.7,90.2,51.0,3.4,none,school,yes,no,private,51.9
5962,3.1,5.9,98.0,52.0,0.5,weekly,graduate,yes,no,public,52.2
5963,2.8,7.0,67.6,59.0,1.8,none,school,yes,yes,public,46.7
5964,5.5,6.0,92.0,59.0,1.4,none,school,no,no,public,38.5
5965,1.9,7.9,90.6,81.0,5.6,none,college,yes,no,public,55.7
5966,3.7,6.8,97.8,80.0,4.2,none,college,yes,yes,private,56.6
5967,0.9,6.7,96.4,46.0,2.2,weekly,school,yes,yes,public,47.8
5968,1.4,7.0,98.8,63.0,1.5,daily,college,yes,yes,private,59.6
5969,0.5,9.3,96.6,68.0,4.8,weekly,graduate,yes,yes,private,56.4
5970,5.8,6.3,90.0,66.0,6.3,none,,yes,no,public,61.5
5971,0.6,6.4,95.7,67.0,1.9,weekly,postgraduate,yes,yes,public,63.8
5972,3.5,9.5,96.1,68.0,6.8,none,graduate,yes,no,private,64.2
5973,4.9,6.9,93.5,32.0,0.8,daily,college,yes,yes,private,52.6
5974,2.4,7.9,96.2,74.0,0.5,none,postgraduate,yes,yes,public,62.4
5975,3.2,7.8,84.3,72.0,8.2,daily,school,yes,yes,public,51.5
5976,2.3,4.8,85.0,75.0,1.3,none,graduate,yes,no,public,60.1
5977,6.1,5.7,90.5,69.0,4.9,none,college,yes,yes,public,58.9
5978,2.0,5.7,93.0,59.0,5.3,weekly,school,yes,no,private,44.8
5979,4.3,7.5,65.2,100.0,2.3,weekly,school,no,no,public,76.5
5980,4.5,7.7,98.7,57.0,2.2,none,graduate,yes,yes,private,63.7
5981,3.6,7.0,94.4,66.0,4.5,none,school,no,no,public,58.8
5982,0.6,6.2,98.5,56.0,1.0,none,school,no,yes,private,50.4
5983,4.7,6.8,91.1,76.0,0.6,none,school,no,yes,private,60.5
5984,4.1,7.4,94.0,65.0,2.2,none,college,yes,yes,private,60.3
5985,3.3,7.2,92.8,72.0,5.3,none,graduate,yes,yes,public,63.6
5986,1.9,5.7,94.9,70.0,3.6,daily,school,yes,no,public,62.2
5987,3.9,6.3,96.7,54.0,4.3,none,school,no,no,public,53.0
5988,5.1,6.5,96.1,83.0,5.9,none,school,yes,no,public,73.0
5989,1.6,8.2,95.3,61.0,3.2,weekly,graduate,yes,no,public,64.4
5990,4.1,5.9,93.6,48.0,3.4,weekly,school,yes,yes,private,52.0
5991,8.0,6.7,92.8,37.0,4.7,none,college,yes,no,public,49.1
5992,3.2,6.8,98.7,84.0,7.4,none,college,yes,no,private,64.0
5993,7.5,7.7,97.9,74.0,3.6,weekly,college,yes,yes,public,66.9
5994,2.8,7.5,93.9,74.0,3.5,weekly,school,yes,no,public,61.4
5995,6.4,9.7,96.2,58.0,5.6,daily,college,yes,yes,public,54.1
5996,2.6,5.1,97.7,75.0,4.3,none,college,yes,yes,public,52.0
5997,6.1,7.3,93.0,69.0,1.1,weekly,school,no,yes,private,74.3
5998,4.3,6.9,81.6,45.0,4.5,weekly,graduate,yes,yes,public,49.5
5999,7.1,7.2,86.5,80.0,1.6,weekly,graduate,no,yes,public,66.4
6000,0.9,5.8,91.5,55.0,1.6,none,school,yes,yes,private,37.4
6001,1.8,5.3,91.7,54.0,1.7,daily,graduate,yes,no,public,57.6
6002,1.0,7.2,96.3,78.0,5.0,weekly,graduate,yes,yes,public,62.7
6003,2.2,6.0,97.1,53.0,3.6,none,postgraduate,yes,no,public,45.4
6004,3.4,6.7,90.9,36.0,1.9,daily,college,yes,no,public,52.3
6005,2.0,7.3,93.8,65.0,2.6,none,graduate,yes,no,public,60.5
6006,2.5,4.4,90.4,53.0,5.2,weekly,graduate,yes,yes,private,39.7
6007,0.6,3.0,90.3,69.0,8.8,none,college,yes,no,public,26.0
6008,6.8,7.1,94.1,73.0,0.5,daily,school,yes,no,private,71.1
6009,3.5,6.5,93.5,73.0,1.0,none,graduate,yes,no,public,66.2
6010,1.6,6.4,93.3,68.0,3.9,none,college,yes,no,private,51.5
6011,3.8,6.7,85.1,79.0,4.1,none,,yes,no,private,62.3
6012,7.3,6.4,54.0,71.0,5.5,none,graduate,yes,no,public,50.7
6013,1.8,6.5,97.9,44.0,2.7,daily,college,yes,no,public,56.2
6014,1.1,4.8,90.6,91.0,3.4,none,school,yes,no,public,52.3
6015,2.9,6.9,97.6,61.0,2.4,daily,graduate,yes,yes,public,66.3
6016,4.2,,98.4,72.0,3.0,weekly,postgraduate,yes,yes,public,78.2
6017,2.3,5.5,99.7,39.0,1.2,none,college,yes,no,private,39.8
6018,1.6,7.8,93.2,78.0,3.4,none,school,no,no,public,51.9
6019,3.1,6.6,96.2,60.0,3.6,weekly,graduate,yes,no,private,53.7
6020,2.0,6.7,95.2,60.0,2.9,none,school,yes,yes,private,64.0
6021,1.3,6.6,95.2,83.0,7.8,none,school,yes,no,public,59.7
6022,0.8,5.3,89.7,71.0,1.6,weekly,school,yes,no,private,47.8
6023,1.5,7.9,86.2,89.0,3.0,none,school,yes,yes,private,62.8
6024,1.7,5.7,78.5,56.0,3.2,none,postgraduate,yes,no,private,50.2
6025,7.8,6.9,97.6,78.0,4.4,none,college,yes,no,private,70.3
6026,0.4,5.8,97.0,54.0,1.0,weekly,college,yes,yes,private,53.6
6027,8.0,8.4,84.8,42.0,1.8,weekly,graduate,yes,no,private,51.2
6028,4.7,5.8,91.3,55.0,2.1,none,school,yes,no,private,51.7
6029,3.6,9.1,91.3,45.0,2.6,none,graduate,no,yes,private,53.8
6030,1.5,8.6,95.9,54.0,5.0,none,postgraduate,yes,no,public,60.2
6031,1.8,,89.8,39.0,6.7,none,graduate,yes,yes,private,48.0
6032,10.2,7.7,83.3,34.0,2.0,weekly,graduate,yes,yes,public,51.4
6033,8.1,8.9,93.3,53.0,4.2,weekly,school,yes,yes,public,66.2
6034,5.3,8.0,97.1,64.0,5.4,none,graduate,yes,yes,public,59.0
6035,1.1,5.6,69.8,76.0,3.0,none,graduate,yes,no,private,57.0
6036,7.6,6.3,94.9,54.0,1.6,daily,postgraduate,no,yes,private,63.7
6037,0.4,6.4,89.9,64.0,3.6,daily,school,yes,yes,private,49.1
6038,13.1,,78.6,82.0,6.7,none,postgraduate,yes,no,public,70.6
6039,0.9,6.1,87.0,70.0,1.4,weekly,postgraduate,yes,yes,private,52.6
6040,1.8,6.5,93.4,80.0,1.0,weekly,school,no,no,private,51.4
6041,0.3,8.1,97.0,70.0,2.1,none,college,no,no,private,59.4
6042,1.2,4.6,94.7,61.0,,weekly,graduate,yes,yes,private,54.4
6043,3.0,9.5,98.9,49.0,2.5,none,college,yes,yes,public,57.3
6044,4.6,7.0,79.4,40.0,0.7,none,school,yes,no,public,44.0
6045,2.9,9.0,96.3,55.0,1.4,none,college,yes,no,public,50.4
6046,4.8,7.4,83.4,38.0,2.3,none,graduate,yes,no,public,52.0
6047,3.3,7.0,93.9,89.0,1.9,none,college,no,yes,public,62.8
6048,5.0,6.6,95.1,74.0,1.1,daily,school,yes,no,private,70.4
6049,0.2,6.2,93.5,73.0,3.7,daily,graduate,yes,no,public,51.8
6050,1.7,7.0,95.6,73.0,3.0,none,college,yes,yes,private,57.3
6051,4.5,7.6,89.7,86.0,1.8,none,graduate,yes,no,public,64.4
6052,1.5,,91.4,77.0,4.0,weekly,graduate,no,yes,public,67.1
6053,3.0,8.9,95.2,60.0,4.1,daily,postgraduate,no,yes,public,64.8
6054,4.6,5.5,93.8,52.0,1.7,none,graduate,yes,no,public,51.4
6055,1.2,7.8,63.0,54.0,1.8,none,college,yes,no,public,39.8
6056,2.4,5.6,93.5,93.0,1.9,weekly,graduate,yes,yes,public,72.0
6057,6.7,6.7,97.0,62.0,0.7,none,college,yes,no,public,59.8
6058,2.1,6.4,96.6,66.0,0.4,none,school,yes,yes,public,59.9
6059,3.5,8.2,91.0,57.0,,daily,school,no,no,public,57.1
6060,3.9,6.3,90.9,47.0,5.7,none,school,yes,no,public,44.1
6061,4.1,6.9,93.8,77.0,5.3,none,college,yes,yes,public,70.0
6062,2.3,7.9,92.9,69.0,7.3,none,postgraduate,yes,yes,public,55.9
6063,0.9,6.8,97.7,68.0,5.6,none,graduate,yes,yes,public,58.8
6064,4.6,8.1,95.3,78.0,2.4,none,school,yes,no,private,57.9
6065,2.8,6.3,95.0,68.0,2.4,weekly,college,yes,no,private,54.5
6066,5.3,8.9,86.9,52.0,3.7,none,school,yes,no,public,51.6
6067,2.6,7.2,97.1,63.0,3.8,weekly,graduate,no,no,private,64.1
6068,3.3,,95.5,64.0,11.4,none,graduate,yes,yes,public,57.6
6069,2.5,7.7,91.9,55.0,1.0,none,graduate,yes,yes,private,68.1
6070,2.8,8.1,90.2,62.0,1.7,none,school,no,no,public,46.6
6071,3.8,6.9,95.4,56.0,3.2,daily,college,yes,no,private,63.7
6072,6.1,5.5,78.8,54.0,1.5,none,graduate,no,no,public,49.8
6073,6.2,7.9,90.8,42.0,3.0,weekly,postgraduate,no,no,public,50.8
6074,3.7,,92.5,62.0,,none,graduate,yes,yes,public,67.8
6075,1.6,5.4,92.2,61.0,8.1,weekly,college,yes,yes,private,53.8
6076,2.9,7.0,88.6,46.0,2.4,weekly,graduate,yes,yes,public,50.3
6077,2.6,7.4,98.3,49.0,0.5,daily,college,yes,no,public,49.1
6078,3.0,6.2,98.7,83.0,0.8,none,school,yes,no,public,65.1
6079,2.3,7.5,92.4,68.0,0.8,daily,graduate,yes,yes,public,62.6
6080,5.4,5.5,99.8,34.0,1.1,weekly,school,yes,no,public,39.6
6081,1.4,8.6,94.2,72.0,6.0,weekly,college,no,no,public,57.2
6082,1.9,7.1,92.5,74.0,3.7,none,college,no,no,public,50.1
6083,6.9,6.8,79.2,50.0,1.6,none,school,yes,no,private,51.7
6084,8.7,4.9,86.4,74.0,4.3,weekly,college,yes,no,public,64.6
6085,0.7,7.4,86.7,65.0,10.5,weekly,,yes,no,private,61.8
6086,8.0,7.1,91.5,63.0,7.4,none,school,no,no,public,59.3
6087,1.1,7.5,86.5,58.0,4.7,weekly,graduate,no,yes,private,58.3
6088,2.5,7.1,98.7,72.0,7.5,none,school,no,yes,public,54.7
6089,0.9,9.2,96.6,63.0,1.4,weekly,graduate,yes,no,private,56.4
6090,4.4,6.9,83.6,59.0,1.4,none,postgraduate,yes,yes,public,67.1
6091,4.3,6.2,83.9,58.0,9.5,weekly,college,no,no,public,52.1
6092,2.1,5.8,94.3,55.0,5.8,none,graduate,yes,yes,public,51.9
6093,0.2,6.8,78.9,72.0,5.5,none,college,no,yes,public,47.5
6094,3.1,6.7,94.6,72.0,10.6,none,,yes,no,private,55.3
6095,2.9,5.4,96.4,47.0,3.2,none,college,yes,no,private,47.5
6096,0.8,6.3,97.3,77.0,1.2,none,postgraduate,yes,no,public,62.2
6097,5.2,6.9,90.5,45.0,2.1,none,graduate,yes,yes,private,62.6
6098,2.5,4.5,95.6,57.0,3.3,weekly,college,yes,yes,public,50.5
6099,6.4,8.4,97.6,68.0,4.1,none,graduate,yes,no,private,72.2
6100,3.5,5.5,97.4,34.0,0.8,none,college,yes,no,private,32.6
6101,0.9,8.9,75.4,66.0,0.7,weekly,graduate,yes,yes,private,56.3
6102,1.2,7.5,94.5,26.0,1.3,none,postgraduate,no,no,private,37.7
6103,3.3,5.8,99.7,69.0,0.6,none,college,yes,yes,public,66.8
6104,3.1,6.7,92.9,36.0,3.1,weekly,school,no,no,public,46.6
6105,3.2,8.5,95.0,64.0,3.4,none,school,yes,yes,private,62.7
6106,7.1,6.8,90.6,62.0,1.7,none,postgraduate,yes,no,public,68.7
6107,3.6,6.2,98.6,38.0,,none,graduate,yes,no,public,36.9
6108,11.6,5.7,80.8,74.0,1.4,none,graduate,yes,yes,public,62.6
6109,3.4,8.0,77.7,74.0,,none,school,no,no,public,62.2
6110,3.8,7.3,98.7,65.0,7.6,none,college,yes,no,private,64.3
6111,5.9,10.0,71.1,61.0,3.1,none,graduate,yes,no,public,40.3
6112,9.0,5.3,94.6,80.0,1.9,none,school,yes,no,public,59.5
6113,1.3,,80.1,60.0,5.8,weekly,graduate,yes,no,private,57.3
6114,2.8,6.8,80.7,43.0,2.3,none,college,no,no,private,44.1
6115,0.6,8.3,90.4,60.0,4.9,none,school,yes,yes,public,52.2
6116,6.2,6.8,95.5,37.0,3.3,none,college,yes,yes,public,52.1
6117,4.4,7.3,83.6,58.0,5.4,none,,yes,no,public,49.5
6118,2.3,7.7,95.1,100.0,3.7,none,graduate,yes,no,public,78.0
6119,3.3,7.9,92.6,88.0,2.1,weekly,college,yes,no,public,77.8
6120,10.5,4.7,97.9,84.0,2.3,none,college,yes,no,public,76.1
6121,2.4,6.5,95.7,59.0,3.1,weekly,graduate,yes,yes,public,63.8
6122,5.9,4.7,81.4,84.0,2.4,weekly,school,yes,yes,public,63.0
6123,3.6,8.0,81.5,70.0,3.0,none,college,yes,yes,public,57.3
6124,3.5,6.1,94.5,81.0,5.1,weekly,school,yes,yes,private,78.1
6125,0.7,4.7,99.1,64.0,2.4,none,school,no,yes,public,47.8
6126,1.6,5.7,99.1,64.0,3.3,weekly,school,yes,no,private,50.6
6127,0.3,6.3,84.7,70.0,6.2,daily,college,yes,no,public,52.3
6128,3.7,,96.2,65.0,5.2,none,college,yes,no,private,40.2
6129,8.6,6.2,89.3,63.0,2.5,weekly,graduate,yes,yes,private,72.6
6130,0.6,7.7,96.4,71.0,4.3,weekly,college,yes,no,private,60.4
6131,7.9,7.5,77.3,64.0,3.8,none,school,yes,yes,public,60.9
6132,2.9,8.2,94.7,49.0,3.0,daily,school,yes,no,public,61.5
6133,1.9,5.0,92.5,59.0,1.5,weekly,college,no,yes,public,47.3
6134,1.1,6.4,97.8,67.0,6.0,none,graduate,yes,yes,private,55.6
6135,9.8,5.7,99.4,63.0,9.1,weekly,graduate,yes,yes,private,66.4
6136,5.9,6.6,93.6,72.0,1.7,none,college,yes,no,public,55.0
6137,2.6,7.3,89.8,24.0,1.3,weekly,postgraduate,no,no,public,42.2
6138,4.7,5.9,94.1,91.0,2.4,none,graduate,yes,no,public,62.9
6139,0.9,7.8,90.7,35.0,3.5,none,college,yes,yes,private,43.1
6140,0.9,4.5,94.3,62.0,5.6,weekly,school,no,yes,public,44.9
6141,2.7,6.7,86.9,69.0,3.2,weekly,graduate,yes,yes,public,64.2
6142,3.4,7.9,93.0,88.0,1.1,none,school,yes,yes,public,66.1
6143,2.5,7.8,92.9,62.0,2.7,weekly,graduate,no,yes,private,67.9
6144,5.1,8.5,87.6,49.0,5.1,none,college,yes,yes,private,58.8
6145,0.9,7.9,92.6,53.0,0.7,daily,graduate,yes,no,private,46.2
6146,2.0,6.7,97.1,68.0,1.0,none,college,yes,no,public,52.2
6147,7.1,5.0,87.1,64.0,1.2,none,school,no,no,private,49.8
6148,2.0,7.4,91.6,54.0,0.5,none,school,no,no,public,47.5
6149,5.3,7.0,84.1,46.0,7.2,none,college,yes,no,public,42.2
6150,5.4,8.5,93.3,51.0,2.8,none,school,yes,no,private,64.1
6151,2.4,3.0,92.5,66.0,3.6,none,graduate,yes,no,public,35.4
6152,4.2,6.5,82.1,52.0,1.8,none,graduate,yes,no,public,53.4
6153,1.8,8.6,94.8,58.0,3.3,none,school,no,no,private,52.1
6154,5.0,5.5,79.9,85.0,1.2,none,college,yes,yes,private,64.0
6155,4.2,9.9,97.6,100.0,1.4,none,school,yes,yes,public,77.0
6156,1.1,4.9,79.1,88.0,2.6,none,college,yes,no,public,51.5
6157,0.8,7.9,89.8,97.0,1.0,weekly,college,yes,no,private,65.4
6158,4.2,5.7,75.3,54.0,3.1,none,college,yes,yes,public,56.3
6159,2.6,5.5,92.0,61.0,11.0,none,college,yes,yes,private,54.9
6160,7.6,6.8,92.7,48.0,0.2,weekly,graduate,yes,no,public,59.1
6161,5.7,6.0,94.0,58.0,3.9,none,graduate,yes,no,public,60.6
6162,1.4,8.8,93.6,69.0,1.2,none,graduate,yes,yes,public,68.8
6163,0.9,6.6,90.4,65.0,3.2,none,college,yes,yes,public,53.7
6164,1.3,6.8,97.1,88.0,1.8,none,college,yes,no,public,69.3
6165,5.4,7.1,95.5,71.0,0.2,none,school,yes,yes,private,65.7
6166,1.9,10.0,84.3,84.0,4.7,none,college,yes,no,public,57.4
6167,4.6,7.6,91.1,55.0,3.7,weekly,graduate,yes,yes,public,64.4
6168,2.6,7.7,93.5,53.0,3.1,weekly,school,yes,yes,public,60.2
6169,0.8,7.6,98.4,47.0,3.7,none,school,yes,yes,public,37.7
6170,1.7,6.8,90.7,69.0,4.9,none,college,yes,yes,private,60.7
6171,4.4,6.6,97.1,71.0,3.4,none,college,yes,yes,public,64.8
6172,0.3,8.0,84.0,52.0,2.6,none,graduate,yes,no,private,42.3
6173,5.4,6.0,96.3,61.0,4.0,weekly,school,yes,yes,public,60.2
6174,6.1,,91.6,77.0,5.1,none,postgraduate,no,no,public,67.1
6175,5.0,9.0,95.2,57.0,3.8,none,school,yes,yes,public,64.3
6176,3.1,7.7,89.5,90.0,1.7,daily,postgraduate,yes,yes,public,73.6
6177,2.9,6.5,90.1,49.0,6.9,weekly,college,yes,no,private,45.8
6178,2.6,9.1,90.9,74.0,2.4,none,graduate,yes,yes,private,58.0
6179,1.3,7.7,95.2,60.0,0.4,weekly,graduate,yes,yes,public,56.3
6180,0.3,7.9,94.9,62.0,6.9,none,school,no,no,public,46.5
6181,2.6,5.4,96.7,90.0,2.2,none,college,yes,no,public,60.4
6182,1.5,5.3,90.6,79.0,3.0,none,,no,no,public,52.3
6183,4.4,6.9,97.0,75.0,1.8,weekly,postgraduate,yes,no,public,67.7
6184,2.5,6.9,86.9,60.0,1.6,none,college,yes,yes,private,47.1
6185,5.0,7.3,95.5,68.0,3.5,daily,postgraduate,yes,no,public,72.5
6186,0.9,5.7,88.3,100.0,4.7,daily,college,yes,yes,private,65.6
6187,0.7,9.7,93.6,55.0,4.5,weekly,college,yes,no,private,44.0
6188,1.1,4.7,98.1,89.0,2.6,none,graduate,yes,no,public,62.6
6189,0.3,7.9,97.4,69.0,2.0,none,postgraduate,yes,no,public,60.4
6190,0.6,5.8,84.6,84.0,2.7,none,school,yes,no,public,60.8
6191,3.0,6.6,90.2,61.0,1.9,weekly,graduate,yes,yes,private,54.6
6192,8.3,5.8,91.0,69.0,6.0,none,school,yes,yes,public,54.1
6193,3.5,5.6,89.5,50.0,1.3,none,graduate,yes,yes,private,44.0
6194,6.3,8.6,99.4,50.0,2.3,weekly,college,no,no,public,62.5
6195,1.7,9.1,96.1,55.0,2.5,weekly,graduate,yes,yes,public,53.6
6196,3.7,5.8,66.8,76.0,3.4,none,school,no,yes,private,50.2
6197,1.6,7.4,92.0,70.0,2.8,none,graduate,yes,yes,public,60.2
6198,2.0,6.0,99.2,72.0,4.8,none,graduate,no,yes,private,70.4
6199,4.1,6.7,89.9,61.0,2.8,none,postgraduate,yes,yes,public,58.9
6200,3.1,7.6,88.4,65.0,2.3,weekly,college,yes,yes,public,54.6
6201,5.9,5.2,95.9,78.0,7.1,daily,,yes,yes,private,74.6
6202,1.5,7.7,84.6,74.0,2.6,none,school,yes,no,private,57.7
6203,7.5,5.5,89.1,70.0,2.0,none,college,yes,no,private,64.3
6204,4.4,7.7,90.9,86.0,1.0,none,school,yes,yes,public,64.7
6205,1.5,5.5,92.3,84.0,2.1,weekly,graduate,yes,yes,private,73.0
6206,7.9,6.3,84.0,50.0,10.5,weekly,college,yes,yes,private,55.4
6207,1.9,8.9,87.3,38.0,2.8,weekly,school,yes,no,public,39.7
6208,2.0,6.5,94.4,49.0,2.4,none,school,yes,yes,public,55.8
6209,1.9,9.2,95.9,74.0,6.3,weekly,school,yes,no,public,59.8
6210,7.9,7.6,90.2,66.0,5.7,weekly,school,no,yes,public,68.3
6211,1.2,7.2,92.8,62.0,3.7,none,college,yes,yes,public,49.2
6212,2.9,6.2,74.6,77.0,0.7,none,college,yes,no,private,60.1
6213,6.0,3.8,93.6,62.0,0.6,none,college,yes,no,public,47.2
6214,2.9,5.4,98.2,73.0,1.6,none,college,no,no,public,56.4
6215,2.0,7.8,95.7,51.0,4.2,none,school,yes,no,private,52.1
6216,4.0,6.4,92.9,93.0,2.6,none,college,yes,yes,public,70.0
6217,2.7,7.9,59.1,73.0,4.7,none,college,yes,no,private,58.2
6218,1.7,7.5,80.6,56.0,0.7,none,school,yes,no,private,53.2
6219,6.0,5.7,94.1,74.0,4.1,none,college,yes,no,public,62.6
6220,2.0,6.1,94.5,71.0,3.0,none,college,yes,yes,private,56.4
6221,2.1,5.0,88.4,81.0,3.8,none,college,yes,yes,public,54.2
6222,3.3,9.1,96.1,87.0,1.2,weekly,school,yes,no,private,62.1
6223,7.1,6.5,98.9,70.0,3.2,none,college,yes,yes,private,58.1
6224,1.0,8.1,90.9,97.0,3.9,none,college,yes,no,public,63.4
6225,1.0,6.2,93.0,57.0,1.6,none,school,yes,no,public,48.0
6226,4.2,6.7,96.8,58.0,3.4,none,school,yes,yes,private,50.9
6227,1.4,6.8,84.9,67.0,4.1,daily,college,yes,yes,private,57.1
6228,4.5,5.4,93.1,62.0,3.4,weekly,college,yes,no,private,65.3
6229,1.2,10.0,76.2,53.0,1.3,none,graduate,yes,yes,public,45.8
6230,1.5,7.4,74.8,73.0,4.1,weekly,school,yes,yes,private,52.6
6231,3.3,7.4,94.3,72.0,4.2,weekly,graduate,no,yes,public,68.1
6232,1.3,6.2,94.5,59.0,1.3,none,college,yes,no,public,53.9
6233,2.3,6.7,71.2,71.0,3.2,none,college,yes,no,public,57.6
6234,4.3,6.1,86.4,80.0,2.4,weekly,school,yes,yes,public,62.0
6235,1.7,5.6,75.7,95.0,1.2,none,graduate,yes,no,public,68.0
6236,0.9,,94.4,69.0,7.8,none,school,yes,no,public,55.3
6237,4.3,5.9,93.4,56.0,2.2,none,college,no,no,private,60.7
6238,3.6,9.9,97.2,71.0,1.0,none,postgraduate,yes,no,private,64.9
6239,0.8,7.6,94.0,50.0,1.5,weekly,college,yes,no,public,59.1
6240,1.1,7.3,97.1,89.0,2.1,weekly,graduate,yes,yes,private,68.8
6241,2.4,5.1,89.8,78.0,3.2,weekly,school,yes,no,private,53.6
6242,10.0,8.3,98.8,62.0,10.7,none,school,no,yes,public,60.7
6243,6.6,10.0,78.1,68.0,1.8,weekly,college,yes,no,private,64.9
6244,6.4,8.5,96.0,72.0,6.6,weekly,college,yes,no,public,73.9
6245,2.7,6.8,88.8,51.0,2.9,weekly,college,yes,no,public,50.8
6246,4.3,5.9,82.8,66.0,3.5,weekly,graduate,yes,no,public,63.4
6247,4.6,6.7,86.8,62.0,3.3,none,college,yes,yes,public,59.4
6248,2.1,8.6,99.5,93.0,4.1,none,college,yes,no,public,71.6
6249,1.0,5.9,93.3,81.0,0.3,none,school,no,no,public,53.5
6250,4.5,7.1,99.1,93.0,6.7,none,graduate,yes,no,private,74.6
6251,0.6,5.9,96.8,79.0,2.9,none,school,yes,no,private,53.3
6252,1.6,6.3,97.7,66.0,3.2,weekly,graduate,yes,no,private,59.1
6253,3.9,6.1,91.4,75.0,6.6,none,graduate,yes,no,public,66.6
6254,5.4,5.0,94.5,73.0,2.9,daily,college,yes,no,private,70.9
6255,1.9,4.9,87.4,46.0,3.1,none,postgraduate,yes,yes,private,42.6
6256,7.9,8.1,95.8,59.0,3.3,weekly,college,no,yes,public,66.4
6257,2.2,5.8,90.9,50.0,,weekly,college,no,no,public,50.9
6258,1.0,6.6,93.3,39.0,1.6,none,postgraduate,yes,no,public,38.5
6259,0.8,7.4,97.9,54.0,2.6,weekly,school,yes,yes,private,45.3
6260,5.7,6.4,92.1,78.0,1.8,weekly,college,yes,no,public,73.4
6261,1.8,5.6,98.3,50.0,3.1,none,school,yes,no,private,48.1
6262,1.8,6.3,96.3,49.0,1.1,none,graduate,yes,yes,private,48.6
6263,4.3,6.1,87.8,68.0,2.0,none,college,yes,no,private,52.5
6264,4.4,6.0,95.5,40.0,2.5,none,school,yes,no,private,52.8
6265,1.6,5.7,97.0,49.0,5.0,weekly,graduate,no,yes,private,49.7
6266,1.7,6.0,99.3,55.0,2.1,weekly,college,yes,no,public,55.8
6267,2.0,6.2,88.8,50.0,5.0,none,postgraduate,yes,yes,private,44.2
6268,3.3,7.0,90.4,83.0,1.5,none,college,yes,yes,public,64.1
6269,1.6,8.5,96.1,47.0,3.1,daily,school,no,no,private,52.8
6270,4.5,8.1,96.1,42.0,2.9,none,college,yes,yes,public,51.2
6271,2.2,8.9,95.4,70.0,3.3,none,college,yes,yes,public,55.3
6272,0.9,7.2,89.0,82.0,5.1,weekly,postgraduate,yes,no,public,68.6
6273,3.2,5.8,89.5,88.0,4.6,weekly,college,yes,no,public,65.1
6274,0.9,,93.0,75.0,0.4,none,school,yes,no,private,54.8
6275,2.0,5.5,91.6,60.0,6.4,none,college,yes,no,private,52.0
6276,2.5,,97.9,64.0,4.4,none,graduate,yes,no,public,57.7
6277,2.2,6.1,97.8,63.0,1.3,weekly,college,yes,yes,public,53.8
6278,1.1,7.9,92.6,55.0,3.0,weekly,college,yes,yes,public,57.9
6279,5.6,4.6,95.7,57.0,3.6,weekly,school,yes,yes,public,55.4
6280,2.0,7.3,94.4,60.0,1.9,weekly,college,yes,no,public,63.9
6281,0.6,5.3,96.1,67.0,8.5,weekly,college,yes,yes,public,48.9
6282,1.5,8.5,89.7,82.0,0.2,none,college,yes,no,public,57.2
6283,2.2,6.2,90.1,57.0,2.6,daily,school,yes,yes,public,57.1
6284,5.0,6.9,88.8,94.0,4.0,none,school,yes,no,private,73.1
6285,3.9,8.2,68.7,52.0,5.6,none,postgraduate,no,no,public,46.3
6286,0.6,7.0,82.2,72.0,0.6,none,graduate,yes,yes,private,58.3
6287,2.4,9.1,93.6,49.0,3.8,none,graduate,yes,no,private,52.8
6288,0.5,6.8,86.8,42.0,3.8,weekly,,yes,no,public,40.6
6289,6.3,6.4,95.5,82.0,3.2,none,school,yes,no,public,67.4
6290,4.6,5.4,87.3,59.0,2.1,none,school,yes,yes,public,42.7
6291,4.4,6.0,99.7,72.0,4.6,weekly,school,yes,yes,public,61.7
6292,4.0,7.1,95.4,80.0,1.5,weekly,college,yes,no,public,65.7
6293,1.6,6.5,97.1,76.0,1.2,none,college,yes,no,private,60.3
6294,7.6,7.2,93.1,76.0,4.3,weekly,school,yes,yes,public,68.4
6295,2.5,8.1,88.9,70.0,6.7,none,school,yes,yes,public,53.9
6296,2.3,7.9,89.7,69.0,4.2,none,school,yes,no,public,58.5
6297,1.0,8.7,92.0,93.0,2.7,none,college,yes,yes,public,67.8
6298,2.0,,92.6,84.0,4.0,weekly,college,yes,no,private,56.5
6299,5.8,5.4,97.3,64.0,3.0,none,school,no,no,public,64.8
6300,0.6,6.4,89.2,59.0,8.3,daily,postgraduate,no,no,private,50.6
6301,4.0,4.3,94.4,49.0,1.9,none,postgraduate,yes,yes,private,45.4
6302,3.5,9.5,91.7,57.0,1.7,none,graduate,yes,yes,private,48.0
6303,1.1,9.2,94.8,63.0,2.5,none,,yes,yes,public,48.2
6304,2.2,7.6,85.5,70.0,3.6,none,school,yes,no,public,55.3
6305,2.5,7.8,90.0,44.0,4.5,none,graduate,yes,no,public,51.5
6306,7.0,4.9,91.0,25.0,6.0,none,college,yes,yes,public,39.0
6307,1.5,7.4,86.0,100.0,0.8,none,graduate,yes,no,private,64.7
6308,1.5,7.6,93.8,40.0,14.0,none,college,yes,no,private,43.0
6309,3.0,5.4,86.1,65.0,3.4,weekly,school,yes,yes,public,54.2
6310,4.1,6.2,71.8,68.0,1.8,weekly,graduate,yes,no,public,54.1
6311,4.2,6.2,99.2,60.0,1.3,daily,postgraduate,yes,no,private,61.0
6312,3.5,7.4,95.0,47.0,0.6,none,college,yes,no,public,46.7
6313,8.7,8.1,81.8,50.0,2.3,weekly,school,yes,yes,public,55.0
6314,2.6,5.5,77.7,71.0,,weekly,college,yes,yes,private,63.0
6315,3.6,7.8,77.8,63.0,1.5,weekly,school,yes,no,private,53.0
6316,0.8,6.6,98.9,47.0,0.5,daily,graduate,yes,yes,private,48.5
6317,0.7,7.6,98.1,79.0,3.8,weekly,postgraduate,no,no,private,61.5
6318,2.4,7.6,96.2,65.0,2.1,weekly,,yes,no,public,60.7
6319,1.4,6.8,74.9,78.0,1.4,none,postgraduate,yes,no,private,58.4
6320,1.2,6.4,94.1,79.0,,none,college,yes,yes,public,57.1
6321,2.6,,79.8,68.0,4.7,none,graduate,yes,no,public,46.8
6322,1.3,9.0,97.2,61.0,2.1,weekly,postgraduate,yes,no,public,56.9
6323,5.6,9.2,95.8,68.0,1.4,none,college,yes,no,public,64.8
6324,4.1,7.0,96.5,70.0,1.8,weekly,postgraduate,yes,yes,public,69.6
6325,2.4,8.6,91.9,44.0,5.2,daily,school,yes,no,public,45.8
6326,3.6,5.3,81.1,64.0,3.3,none,college,yes,no,public,60.9
6327,5.3,5.5,86.7,90.0,5.7,none,graduate,yes,no,private,67.2
6328,2.4,7.2,98.1,55.0,4.9,weekly,college,yes,yes,private,59.8
6329,2.0,6.3,81.9,70.0,2.3,none,school,yes,yes,public,47.2
6330,0.5,6.8,91.7,33.0,2.7,none,graduate,no,yes,public,37.6
6331,1.1,9.2,95.3,50.0,3.1,weekly,college,yes,yes,private,47.2
6332,3.8,8.2,81.6,65.0,4.7,weekly,postgraduate,yes,yes,private,60.6
6333,9.5,4.8,93.2,56.0,9.9,none,graduate,yes,no,public,54.5
6334,0.3,,94.3,38.0,1.8,weekly,college,yes,yes,private,42.4
6335,5.3,7.2,94.6,60.0,2.4,none,postgraduate,yes,yes,public,59.1
6336,0.7,5.2,99.4,46.0,4.6,weekly,graduate,yes,no,public,47.3
6337,3.7,8.3,99.0,57.0,1.3,none,school,yes,yes,public,63.5
6338,3.8,6.8,96.8,61.0,3.1,none,graduate,yes,yes,public,61.0
6339,6.4,8.3,82.6,55.0,3.1,none,school,no,no,public,47.8
6340,5.2,5.7,98.7,67.0,2.8,daily,graduate,yes,no,public,71.9
6341,7.7,5.0,90.8,82.0,3.2,none,college,yes,yes,private,70.1
6342,0.4,8.3,98.0,58.0,5.7,none,graduate,yes,no,private,44.1
6343,4.7,5.0,99.7,74.0,10.3,none,school,yes,yes,private,48.4
6344,8.5,7.0,96.5,77.0,3.9,none,college,yes,yes,public,73.2
6345,4.3,7.5,95.9,49.0,5.2,daily,school,no,no,public,56.1
6346,5.9,7.7,87.7,72.0,5.1,daily,postgraduate,no,yes,public,69.6
6347,1.7,6.6,94.0,50.0,2.6,none,graduate,yes,no,public,48.7
6348,2.7,6.7,93.6,58.0,1.2,none,postgraduate,yes,no,private,59.0
6349,1.9,5.6,95.6,64.0,1.1,weekly,school,no,no,public,51.3
6350,5.4,5.9,95.9,50.0,3.9,none,graduate,yes,yes,public,54.2
6351,3.4,5.7,94.7,58.0,1.4,weekly,school,yes,no,public,61.2
6352,1.8,6.3,88.9,50.0,9.7,none,graduate,yes,no,public,39.7
6353,3.3,6.9,74.7,74.0,1.3,weekly,college,yes,yes,public,59.4
6354,5.5,7.8,99.6,45.0,3.0,none,graduate,yes,no,public,59.4
6355,2.7,6.0,86.6,54.0,1.5,weekly,postgraduate,yes,yes,private,55.8
6356,5.9,9.3,92.6,97.0,9.5,none,graduate,yes,no,private,74.9
6357,5.7,6.8,90.1,47.0,5.7,weekly,school,yes,no,public,60.0
6358,1.5,7.3,91.2,66.0,1.6,weekly,college,yes,yes,private,59.7
6359,2.7,10.0,87.4,54.0,0.9,none,graduate,yes,no,private,50.4
6360,1.7,5.6,77.7,76.0,4.6,daily,graduate,yes,no,public,61.6
6361,0.5,5.7,87.4,53.0,3.6,none,graduate,yes,no,public,48.0
6362,3.6,6.6,90.0,61.0,1.9,weekly,graduate,yes,no,private,57.9
6363,3.5,8.4,93.8,72.0,1.0,weekly,graduate,yes,no,private,63.4
6364,4.2,3.8,95.8,79.0,3.0,daily,college,yes,yes,private,56.0
6365,4.1,5.9,98.9,71.0,3.0,weekly,graduate,yes,yes,public,71.1
6366,0.3,5.2,98.0,38.0,2.0,none,school,yes,yes,public,27.8
6367,1.1,5.3,96.7,47.0,4.5,daily,school,no,no,private,38.2
6368,2.2,9.1,88.8,68.0,0.7,none,college,yes,yes,public,55.2
6369,1.1,7.4,98.8,75.0,3.4,none,college,yes,yes,public,53.7
6370,1.0,6.4,95.2,72.0,3.1,none,graduate,yes,yes,public,62.1
6371,4.4,4.9,84.4,74.0,3.5,none,graduate,yes,yes,public,61.6
6372,7.0,7.6,90.9,47.0,1.3,none,graduate,yes,no,public,42.6
6373,2.7,5.2,95.4,38.0,1.0,none,postgraduate,yes,yes,public,40.4
6374,4.3,4.9,93.0,55.0,7.0,none,college,yes,no,public,50.1
6375,5.2,7.2,85.1,53.0,2.2,weekly,school,yes,no,private,62.2
6376,5.3,8.2,85.8,52.0,5.0,weekly,school,yes,no,private,58.3
6377,2.8,7.3,97.1,49.0,1.3,none,graduate,yes,no,public,49.5
6378,0.8,5.1,75.0,54.0,2.8,none,graduate,yes,yes,public,45.4
6379,3.5,5.9,92.2,58.0,3.7,none,graduate,no,no,private,47.4
6380,2.8,8.6,92.0,56.0,5.3,none,school,yes,no,private,46.3
6381,0.8,7.3,89.1,58.0,2.7,weekly,graduate,yes,yes,private,50.6
6382,4.2,5.7,97.3,51.0,4.6,none,postgraduate,no,no,private,62.0
6383,2.0,6.0,98.4,53.0,3.6,weekly,postgraduate,yes,no,private,60.6
6384,11.0,6.6,89.0,59.0,3.0,none,school,yes,yes,private,71.9
6385,2.7,5.6,96.0,76.0,3.7,none,school,yes,yes,public,61.2
6386,5.2,4.7,97.4,68.0,4.9,weekly,college,yes,no,public,61.3
6387,2.3,8.2,81.7,48.0,0.4,none,postgraduate,yes,yes,public,36.4
6388,0.8,7.9,86.6,65.0,2.2,weekly,college,yes,yes,private,54.5
6389,2.4,7.9,98.3,72.0,4.6,none,college,yes,no,private,68.6
6390,1.7,5.7,94.4,83.0,1.3,weekly,postgraduate,yes,no,private,67.7
6391,4.2,7.4,93.8,70.0,2.9,weekly,college,yes,no,private,64.9
6392,4.2,5.4,98.1,72.0,2.4,none,graduate,yes,no,private,71.5
6393,4.0,6.1,87.9,58.0,9.9,weekly,graduate,yes,yes,private,57.5
6394,2.4,7.0,96.5,71.0,4.7,none,graduate,no,no,private,51.5
6395,4.7,7.0,98.5,45.0,3.4,weekly,graduate,yes,no,private,71.5
6396,1.2,,95.6,60.0,5.7,weekly,graduate,no,yes,public,41.5
6397,2.9,7.5,93.6,81.0,2.2,none,school,yes,yes,private,70.7
6398,2.5,7.9,94.1,63.0,1.0,daily,school,yes,yes,public,56.7
6399,5.3,6.9,91.7,71.0,3.0,weekly,school,yes,no,private,69.6
6400,5.4,5.9,85.7,61.0,3.9,weekly,graduate,no,yes,public,55.6
6401,2.2,3.8,95.0,58.0,3.1,weekly,college,yes,yes,private,44.2
6402,3.3,7.0,77.3,58.0,2.5,none,college,no,no,public,51.6
6403,9.1,4.4,94.5,54.0,4.5,none,graduate,yes,yes,public,57.1
6404,0.3,5.1,90.8,87.0,1.3,daily,graduate,yes,yes,public,56.1
6405,7.1,7.5,88.3,59.0,3.5,none,school,yes,yes,private,64.2
6406,2.9,6.7,99.7,36.0,,weekly,postgraduate,yes,no,public,50.4
6407,1.4,7.7,94.3,34.0,1.6,none,college,yes,yes,public,49.2
6408,1.1,5.7,89.8,80.0,1.9,none,school,no,yes,public,54.8
6409,2.2,5.1,95.9,47.0,6.9,none,graduate,yes,no,private,43.2
6410,3.1,6.3,79.1,66.0,3.8,none,graduate,yes,yes,private,61.3
6411,1.0,5.2,88.3,90.0,1.3,daily,postgraduate,yes,yes,private,72.1
6412,1.8,7.2,91.7,19.0,,daily,school,yes,yes,public,40.7
6413,5.3,5.9,89.6,54.0,10.3,none,school,yes,no,public,47.1
6414,1.3,7.2,97.2,57.0,2.3,daily,postgraduate,yes,no,private,68.1
6415,5.8,6.0,93.5,54.0,12.2,none,college,yes,yes,public,46.0
6416,2.4,,87.0,46.0,0.6,weekly,,yes,yes,private,47.9
6417,3.0,5.6,96.2,67.0,1.3,none,college,no,no,private,50.6
6418,6.7,5.6,95.0,62.0,,none,school,yes,no,private,54.4
6419,2.2,6.6,93.2,60.0,3.0,none,college,yes,no,public,62.6
6420,9.9,4.1,93.8,63.0,1.8,none,college,yes,no,public,43.3
6421,4.1,6.6,92.1,48.0,3.3,none,college,yes,yes,public,53.0
6422,3.9,6.5,90.3,70.0,1.5,none,college,yes,yes,private,54.0
6423,5.2,5.7,84.9,53.0,2.4,none,graduate,yes,no,public,53.0
6424,2.5,6.5,96.9,73.0,0.9,none,school,yes,no,public,73.3
6425,0.9,7.3,97.6,60.0,3.5,weekly,college,yes,yes,private,52.9
6426,0.4,8.0,69.5,68.0,1.6,weekly,school,yes,no,public,46.5
6427,0.3,6.7,99.7,76.0,1.1,none,,no,no,public,54.5
6428,8.4,7.8,90.2,69.0,1.7,none,school,yes,yes,public,65.5
6429,4.7,7.1,88.6,63.0,6.0,none,school,yes,no,public,56.9
6430,9.8,6.0,94.7,56.0,2.2,none,school,yes,yes,public,59.8
6431,5.9,8.4,77.3,73.0,3.7,daily,college,no,no,public,72.5
6432,1.0,6.4,92.1,53.0,2.9,none,graduate,yes,yes,public,49.2
6433,10.9,6.4,85.0,56.0,,none,college,yes,yes,public,61.4
6434,3.4,7.1,92.6,58.0,3.3,weekly,school,yes,no,public,57.3
6435,4.5,6.1,99.1,44.0,3.8,weekly,college,yes,yes,public,52.5
6436,6.4,7.4,97.3,67.0,4.4,none,college,no,yes,public,62.7
6437,2.0,6.7,96.6,64.0,4.9,none,school,no,no,private,43.4
6438,3.0,5.7,99.0,74.0,8.7,none,school,yes,no,private,55.5
6439,2.4,7.5,92.5,68.0,7.1,daily,school,yes,yes,public,58.1
6440,4.8,5.0,86.4,79.0,2.1,none,college,yes,yes,public,60.9
6441,2.6,6.4,86.0,70.0,3.1,none,college,yes,yes,public,57.8
6442,0.9,5.2,97.3,52.0,1.1,none,graduate,no,no,public,38.6
6443,2.0,6.7,96.0,67.0,3.9,weekly,graduate,yes,no,public,58.0
6444,2.4,8.7,97.8,63.0,4.4,none,graduate,yes,no,public,68.6
6445,1.3,6.9,97.5,64.0,4.0,weekly,postgraduate,yes,yes,private,66.5
6446,2.7,6.9,79.0,77.0,6.6,none,college,yes,yes,public,67.5
6447,3.2,7.4,99.2,68.0,2.6,weekly,school,yes,no,private,54.1
6448,2.3,7.4,95.3,58.0,1.8,none,college,yes,no,public,70.5
6449,0.7,6.3,97.7,55.0,3.9,weekly,school,yes,no,private,41.4
6450,3.5,4.6,97.0,40.0,2.3,none,school,yes,yes,private,50.7
6451,3.9,6.2,84.8,68.0,3.5,none,school,yes,yes,public,64.5
6452,0.3,7.1,86.1,85.0,3.6,none,postgraduate,yes,no,public,65.3
6453,4.9,6.8,96.9,74.0,0.6,none,graduate,no,yes,private,68.1
6454,0.6,6.2,91.2,57.0,3.1,none,postgraduate,yes,yes,public,42.4
6455,2.5,9.3,95.7,81.0,4.5,none,school,yes,no,public,59.7
6456,3.4,6.9,98.6,77.0,2.5,none,graduate,yes,no,public,64.3
6457,4.2,8.8,85.6,88.0,1.5,weekly,,yes,no,public,66.8
6458,7.3,6.2,94.1,74.0,3.0,none,postgraduate,yes,no,public,70.9
6459,2.4,6.0,95.2,40.0,3.9,none,school,yes,no,private,50.8
6460,9.8,6.6,98.5,86.0,3.9,daily,postgraduate,yes,yes,private,89.5
6461,5.4,6.5,96.5,45.0,2.4,weekly,graduate,yes,yes,public,55.8
6462,4.5,3.0,96.3,71.0,3.9,weekly,college,yes,no,public,41.7
6463,2.4,6.8,86.1,81.0,3.4,none,postgraduate,yes,no,public,67.2
6464,3.5,6.7,97.4,54.0,4.8,weekly,college,no,no,public,54.2
6465,2.5,6.4,88.0,79.0,2.9,weekly,graduate,yes,yes,public,67.8
6466,4.6,7.3,81.8,46.0,3.9,weekly,graduate,no,no,public,51.7
6467,4.6,6.4,97.5,73.0,2.9,none,college,no,yes,private,62.3
6468,1.6,9.0,94.9,75.0,5.6,none,postgraduate,yes,no,public,52.5
6469,1.3,5.7,79.1,77.0,4.8,weekly,postgraduate,no,yes,private,58.7
6470,1.1,4.4,94.1,60.0,,none,graduate,yes,no,private,56.1
6471,2.3,6.2,86.9,51.0,4.7,none,graduate,yes,yes,public,49.6
6472,0.9,4.8,80.0,68.0,0.8,weekly,college,yes,no,public,46.1
6473,2.2,7.0,93.1,100.0,2.2,weekly,college,yes,no,public,77.9
6474,5.8,7.3,90.5,44.0,6.6,none,postgraduate,yes,yes,private,50.6
6475,0.7,9.4,79.8,20.0,0.8,weekly,college,yes,no,public,26.1
6476,1.0,9.0,91.7,90.0,2.3,none,postgraduate,yes,yes,private,56.7
6477,4.0,7.8,95.6,56.0,1.9,none,college,yes,no,public,51.9
6478,3.3,4.7,93.2,78.0,2.6,none,school,yes,yes,public,60.8
6479,3.2,6.3,86.2,60.0,3.8,daily,school,yes,no,private,54.9
6480,4.8,5.0,98.9,61.0,5.5,weekly,college,yes,yes,public,58.2
6481,3.4,5.5,94.3,69.0,2.0,weekly,school,yes,no,private,61.6
6482,1.5,8.0,98.6,64.0,5.1,weekly,school,yes,no,private,54.7
6483,0.7,5.8,93.1,64.0,3.0,weekly,postgraduate,yes,yes,public,50.5
6484,13.4,4.9,75.3,46.0,1.6,weekly,,yes,yes,public,53.8
6485,3.8,7.3,89.7,67.0,1.0,daily,graduate,yes,no,public,60.2
6486,5.3,10.0,84.4,52.0,2.6,none,college,yes,yes,public,50.0
6487,4.4,5.9,94.4,64.0,7.4,weekly,postgraduate,yes,yes,public,68.7
6488,3.2,6.4,83.3,70.0,6.9,weekly,graduate,yes,yes,public,56.8
6489,2.2,7.0,92.1,88.0,5.8,weekly,graduate,yes,yes,public,75.2
6490,4.0,7.4,78.7,68.0,,none,college,yes,no,public,50.2
6491,2.2,,81.6,67.0,4.9,weekly,graduate,yes,yes,private,55.1
6492,4.2,6.3,93.7,73.0,3.6,weekly,school,no,yes,private,56.1
6493,8.0,,91.6,73.0,4.0,daily,school,yes,no,private,80.7
6494,0.6,7.3,89.2,63.0,2.6,weekly,college,yes,yes,public,59.1
6495,2.8,7.5,99.2,63.0,1.0,none,school,no,no,public,52.7
6496,2.4,7.9,87.8,72.0,3.5,weekly,graduate,yes,no,public,68.3
6497,4.6,6.0,90.4,52.0,7.7,none,graduate,no,yes,public,56.8
6498,9.8,5.1,89.3,75.0,5.8,none,graduate,yes,yes,public,61.9
6499,1.1,7.1,75.7,68.0,3.3,none,college,yes,yes,public,51.0
6500,1.9,8.8,91.7,94.0,3.1,none,school,no,no,public,66.3
6501,3.3,7.5,91.6,68.0,1.7,none,college,yes,no,public,65.0
6502,2.6,6.3,96.6,67.0,0.8,weekly,school,yes,no,private,55.3
6503,3.7,7.4,91.8,61.0,1.4,none,college,yes,no,private,60.5
6504,4.8,8.6,93.1,46.0,8.7,none,college,yes,no,private,59.4
6505,1.2,7.2,95.6,43.0,7.4,none,college,yes,no,private,46.9
6506,3.9,6.8,91.7,62.0,3.8,none,college,no,yes,public,54.7
6507,7.4,6.9,87.3,100.0,3.1,weekly,graduate,yes,yes,public,87.3
6508,2.2,5.4,93.0,66.0,5.9,daily,postgraduate,yes,no,private,50.2
6509,1.2,8.4,91.9,73.0,1.6,daily,postgraduate,yes,no,private,62.0
6510,2.9,8.7,96.7,63.0,6.5,none,school,yes,no,public,59.7
6511,7.1,5.9,87.6,70.0,1.5,none,college,yes,no,private,74.6
6512,1.3,6.5,93.4,76.0,6.7,none,graduate,yes,yes,public,66.8
6513,4.0,6.6,90.9,52.0,3.2,none,school,yes,yes,private,47.1
6514,0.6,7.7,93.9,60.0,5.7,none,graduate,yes,yes,public,49.5
6515,4.2,3.9,90.7,64.0,3.6,none,school,yes,no,private,51.1
6516,6.2,5.0,92.2,67.0,1.1,none,college,yes,no,public,67.7
6517,9.0,7.1,87.7,59.0,3.8,none,graduate,yes,yes,private,63.2
6518,2.6,6.7,90.1,70.0,1.0,none,,yes,yes,public,52.9
6519,4.5,6.2,88.2,43.0,0.8,daily,graduate,yes,no,private,56.4
6520,1.2,7.4,96.4,71.0,7.0,none,graduate,yes,yes,private,63.7
6521,4.0,8.0,74.8,56.0,2.8,none,postgraduate,yes,no,public,57.1
6522,7.0,6.4,97.7,77.0,1.8,weekly,college,yes,no,private,68.6
6523,2.5,6.5,88.4,52.0,2.4,weekly,graduate,yes,no,public,52.8
6524,2.3,6.0,93.6,66.0,2.4,none,school,yes,no,private,64.1
6525,3.6,8.9,95.1,69.0,5.6,none,college,yes,no,private,55.1
6526,0.8,8.1,96.8,63.0,4.4,weekly,college,no,yes,public,58.3
6527,4.5,8.3,75.3,57.0,2.1,weekly,postgraduate,yes,no,public,54.4
6528,0.3,6.6,95.4,80.0,4.0,none,school,yes,yes,private,62.1
6529,3.2,7.8,97.7,71.0,3.3,weekly,school,no,yes,private,67.2
6530,2.9,6.4,90.0,70.0,4.5,none,school,yes,yes,public,65.0
6531,1.5,8.1,98.3,73.0,7.1,none,school,yes,yes,private,52.2
6532,2.0,6.4,94.8,80.0,2.8,none,school,yes,yes,public,65.7
6533,4.0,6.6,92.9,59.0,5.4,daily,school,yes,yes,public,62.8
6534,2.0,6.7,89.0,54.0,2.8,daily,college,no,no,public,52.1
6535,3.1,6.9,84.2,56.0,5.5,weekly,graduate,yes,no,private,60.9
6536,3.0,6.5,95.7,62.0,1.4,weekly,graduate,yes,yes,private,58.9
6537,2.1,8.1,96.6,70.0,2.7,none,college,yes,yes,private,59.4
6538,6.2,8.4,89.9,55.0,3.6,none,school,yes,no,private,51.2
6539,4.9,6.3,73.2,80.0,0.6,none,postgraduate,no,no,public,65.9
6540,3.4,6.6,96.9,66.0,4.3,none,college,yes,no,private,64.7
6541,4.6,8.5,91.5,56.0,2.1,weekly,college,yes,no,public,55.1
6542,4.5,6.0,95.8,53.0,1.5,weekly,college,yes,no,public,51.0
6543,5.1,7.8,75.9,40.0,1.9,none,school,no,yes,private,50.5
6544,3.9,7.4,83.4,30.0,0.5,daily,graduate,yes,no,private,50.8
6545,2.3,8.8,97.0,70.0,4.8,none,school,yes,yes,public,53.7
6546,0.7,6.0,88.2,54.0,2.3,weekly,graduate,yes,no,private,52.5
6547,10.3,9.0,98.1,71.0,2.9,daily,college,yes,no,public,74.6
6548,6.2,6.7,98.1,76.0,3.6,none,postgraduate,yes,no,public,69.3
6549,5.5,5.6,93.2,31.0,4.9,none,college,yes,yes,private,50.1
6550,4.6,6.5,93.7,36.0,7.5,weekly,school,yes,yes,public,48.6
6551,2.1,8.0,96.2,46.0,3.7,weekly,school,no,no,public,46.8
6552,3.3,6.9,75.3,81.0,1.0,weekly,graduate,yes,no,public,67.3
6553,5.1,6.2,86.7,74.0,0.7,none,school,yes,no,public,61.6
6554,2.4,5.6,91.3,95.0,4.4,none,graduate,yes,yes,public,71.0
6555,0.8,6.8,82.4,48.0,3.8,weekly,graduate,yes,no,private,52.7
6556,2.0,5.4,85.4,31.0,2.1,none,postgraduate,yes,yes,public,39.0
6557,1.7,6.5,93.5,43.0,6.4,weekly,college,yes,yes,public,39.7
6558,4.6,8.7,96.3,44.0,2.0,none,school,yes,no,public,47.3
6559,3.8,6.1,95.9,45.0,1.6,none,school,no,no,public,41.8
6560,4.5,6.7,98.4,65.0,2.5,none,college,yes,yes,public,58.8
6561,2.6,8.4,89.9,70.0,2.6,weekly,graduate,yes,no,public,58.4
6562,5.6,7.1,77.3,66.0,1.3,daily,graduate,yes,yes,public,72.5
6563,4.0,5.9,91.9,63.0,8.4,none,college,yes,yes,private,52.5
6564,5.6,5.0,93.0,48.0,4.2,weekly,college,yes,yes,private,52.8
6565,3.5,5.1,95.0,58.0,4.5,weekly,postgraduate,yes,no,private,57.4
6566,1.4,7.0,83.6,40.0,0.2,none,school,yes,yes,public,34.8
6567,3.4,8.4,94.3,73.0,3.6,daily,graduate,yes,yes,private,66.3
6568,1.0,6.0,93.2,66.0,3.7,weekly,graduate,yes,no,private,59.1
6569,4.7,7.5,96.7,49.0,4.0,weekly,graduate,no,no,private,53.5
6570,8.0,7.0,89.1,67.0,2.3,none,graduate,yes,no,public,69.8
6571,0.9,6.2,98.1,76.0,4.1,none,school,yes,yes,private,61.0
6572,2.8,7.3,91.1,63.0,8.3,none,postgraduate,yes,yes,public,48.7
6573,3.5,7.8,87.1,77.0,6.1,none,school,yes,yes,private,60.6
6574,1.5,6.9,94.5,43.0,13.6,daily,college,yes,yes,private,41.8
6575,1.6,6.6,95.6,39.0,1.9,none,college,yes,no,private,38.8
6576,5.4,5.6,89.8,60.0,2.3,none,college,yes,yes,public,57.8
6577,0.9,5.8,86.2,61.0,4.4,none,graduate,no,no,public,50.9
6578,10.1,8.0,86.4,67.0,,none,school,yes,no,public,71.9
6579,2.5,6.5,91.6,78.0,2.1,weekly,college,yes,no,public,65.2
6580,2.7,7.8,81.9,59.0,4.9,weekly,college,no,yes,private,57.5
6581,2.6,9.3,90.9,56.0,2.6,daily,graduate,yes,yes,public,58.0
6582,3.8,7.4,96.4,43.0,1.9,none,school,yes,yes,public,53.4
6583,0.5,4.1,93.0,55.0,2.3,none,college,no,yes,private,42.2
6584,4.3,7.4,95.2,52.0,2.0,weekly,school,yes,no,public,55.9
6585,4.5,6.6,99.5,59.0,0.9,none,college,yes,no,public,59.5
6586,2.1,7.4,94.8,62.0,0.3,none,school,yes,no,public,50.7
6587,0.2,6.4,98.9,60.0,9.0,weekly,postgraduate,yes,no,public,45.3
6588,2.6,7.3,95.2,62.0,2.5,weekly,school,yes,no,public,44.6
6589,0.8,4.9,93.3,73.0,1.4,none,college,yes,no,public,51.9
6590,0.4,6.2,97.3,53.0,3.6,daily,school,yes,no,public,47.4
6591,3.6,,97.3,68.0,4.7,none,postgraduate,yes,no,public,60.7
6592,0.9,7.3,97.1,51.0,2.6,weekly,postgraduate,yes,no,public,51.5
6593,9.3,8.2,91.3,67.0,8.2,none,college,no,no,private,68.1
6594,2.6,8.9,94.0,76.0,2.9,weekly,school,yes,no,public,62.7
6595,2.8,7.7,92.4,61.0,1.3,weekly,college,no,no,public,52.0
6596,1.7,8.3,80.2,66.0,4.9,weekly,school,yes,no,public,69.8
6597,1.7,7.4,94.1,69.0,1.2,none,school,yes,no,private,63.2
6598,5.0,6.9,93.4,69.0,6.4,none,college,yes,no,public,55.7
6599,6.7,6.4,95.9,80.0,12.7,weekly,school,yes,yes,public,67.1
6600,1.3,6.3,75.5,59.0,2.4,none,graduate,yes,no,public,53.0
6601,1.1,6.7,88.8,63.0,3.2,none,graduate,yes,no,private,62.1
6602,9.2,8.8,95.3,71.0,5.4,none,college,yes,no,private,62.3
6603,2.7,7.3,97.6,58.0,3.5,none,graduate,yes,no,public,60.8
6604,2.3,5.8,94.0,64.0,0.6,none,postgraduate,no,yes,public,57.0
6605,1.2,5.8,94.8,64.0,0.8,none,college,yes,yes,private,42.3
6606,1.7,7.0,64.7,53.0,3.8,none,school,yes,no,public,45.0
6607,2.4,7.0,97.2,60.0,2.6,weekly,college,yes,yes,public,61.9
6608,2.7,7.2,89.8,64.0,3.2,none,school,yes,yes,public,62.2
6609,9.0,6.4,96.0,89.0,2.7,weekly,graduate,yes,yes,private,81.2
6610,4.1,7.0,87.9,71.0,5.8,none,college,yes,no,private,65.0
6611,2.0,7.9,90.5,78.0,2.7,weekly,graduate,yes,yes,public,65.0
6612,1.1,7.2,82.4,58.0,7.0,weekly,graduate,yes,no,public,55.9
6613,6.9,8.3,92.5,74.0,2.5,none,school,yes,yes,private,67.4
6614,1.2,5.6,93.1,76.0,3.2,weekly,school,no,no,private,53.9
6615,3.4,8.1,98.1,63.0,2.3,none,school,yes,yes,private,67.6
6616,1.3,7.7,63.2,61.0,2.3,weekly,graduate,yes,no,private,50.9
6617,2.6,6.2,85.5,81.0,3.1,weekly,graduate,no,yes,private,69.3
6618,2.0,5.7,83.4,51.0,3.1,weekly,school,yes,no,public,45.7
6619,1.5,6.4,93.6,60.0,3.1,none,college,yes,yes,public,56.7
6620,2.3,7.4,94.3,48.0,2.0,none,school,yes,no,public,48.9
6621,2.2,6.2,81.6,70.0,4.8,none,graduate,no,yes,public,52.7
6622,0.9,6.7,82.6,80.0,10.4,daily,college,yes,yes,public,62.9
6623,5.7,8.4,89.6,78.0,3.5,none,college,yes,yes,public,67.0
6624,3.7,6.7,96.3,61.0,8.0,none,school,yes,no,public,50.6
6625,2.2,5.2,80.4,57.0,1.1,none,college,yes,no,private,39.0
6626,4.1,5.1,94.7,52.0,4.0,weekly,graduate,yes,yes,public,57.4
6627,6.3,8.2,94.9,56.0,0.3,daily,college,yes,yes,public,58.3
6628,5.9,5.8,92.9,77.0,3.7,weekly,college,yes,no,public,74.0
6629,6.1,5.8,84.1,56.0,2.3,none,college,yes,yes,public,70.7
6630,2.9,7.4,97.6,48.0,1.7,none,,yes,no,private,58.2
6631,2.9,5.9,96.6,70.0,4.3,weekly,college,yes,yes,public,62.5
6632,6.8,5.2,88.1,62.0,4.6,none,graduate,yes,no,public,60.5
6633,1.4,6.1,90.7,42.0,2.7,weekly,college,yes,no,public,41.1
6634,0.8,6.8,96.6,36.0,7.6,daily,college,yes,yes,private,48.9
6635,1.5,5.4,92.3,34.0,0.9,daily,college,no,yes,public,42.4
6636,1.5,7.9,90.8,58.0,3.0,none,school,yes,no,public,52.1
6637,0.8,6.0,91.3,48.0,1.8,none,school,yes,no,private,38.3
6638,12.5,8.9,96.5,62.0,0.5,none,graduate,yes,no,public,68.3
6639,2.2,7.7,92.1,74.0,3.1,none,college,no,yes,private,59.4
6640,6.1,8.8,93.9,72.0,4.8,none,graduate,yes,no,private,72.3
6641,4.7,6.8,94.0,53.0,4.1,weekly,school,yes,yes,private,67.1
6642,1.1,6.0,96.0,66.0,3.5,none,school,yes,no,public,49.4
6643,3.3,7.2,99.3,57.0,,weekly,graduate,yes,yes,public,55.0
6644,0.6,4.2,97.9,76.0,5.3,daily,school,no,no,public,47.5
6645,8.7,7.1,94.6,30.0,6.0,none,college,yes,yes,public,47.4
6646,2.2,6.6,89.9,64.0,1.4,none,graduate,yes,no,public,55.3
6647,6.0,8.4,99.0,71.0,3.2,none,school,yes,no,private,60.5
6648,2.8,7.8,98.6,45.0,2.8,none,school,no,yes,private,46.6
6649,0.6,7.8,96.6,49.0,4.7,weekly,school,yes,no,private,48.8
6650,8.0,8.0,94.5,63.0,2.4,none,school,yes,no,public,61.5
6651,1.7,5.6,94.1,61.0,7.9,none,college,yes,no,public,51.2
6652,1.3,,96.1,50.0,3.2,none,,yes,yes,private,38.8
6653,5.0,4.9,75.8,47.0,4.1,weekly,college,yes,yes,public,49.2
6654,1.6,7.7,84.2,47.0,6.8,none,college,yes,yes,public,41.6
6655,1.7,7.1,98.9,59.0,4.8,none,,yes,no,private,45.6
6656,3.4,7.2,75.7,65.0,9.3,daily,school,yes,yes,public,53.4
6657,10.7,5.4,93.1,51.0,1.2,none,college,yes,no,public,57.3
6658,3.1,6.5,89.2,47.0,7.7,none,college,yes,no,private,44.0
6659,1.6,5.8,97.6,51.0,3.5,none,,yes,yes,private,54.4
6660,6.9,5.3,93.8,57.0,3.3,none,school,yes,no,public,56.9
6661,2.2,9.5,97.8,64.0,8.0,weekly,graduate,yes,yes,public,52.0
6662,1.0,8.1,87.8,56.0,2.8,none,college,yes,yes,public,53.8
6663,2.3,5.7,95.1,62.0,1.5,none,graduate,yes,yes,private,65.2
6664,4.8,7.8,96.9,69.0,0.8,none,college,yes,no,public,74.0
6665,2.9,6.4,99.0,83.0,2.6,weekly,school,no,yes,public,78.6
6666,5.1,6.7,89.3,92.0,6.1,weekly,college,yes,no,public,75.0
6667,3.3,8.1,95.7,100.0,4.6,none,college,yes,yes,public,75.0
6668,0.4,7.8,93.9,52.0,1.8,none,school,yes,yes,public,44.9
6669,3.4,6.6,87.9,67.0,7.7,daily,graduate,yes,yes,private,71.9
6670,2.8,5.8,96.7,73.0,7.7,daily,graduate,no,yes,public,59.2
6671,4.0,7.1,98.5,61.0,0.8,none,college,yes,no,public,56.8
6672,3.9,,67.3,48.0,7.3,none,graduate,yes,yes,public,35.9
6673,2.7,8.3,89.3,82.0,4.4,daily,college,no,no,public,68.1
6674,3.6,8.1,79.2,72.0,4.7,none,college,yes,no,private,63.1
6675,3.2,8.2,93.4,49.0,6.6,weekly,postgraduate,yes,yes,public,62.5
6676,4.2,7.2,93.0,68.0,2.3,none,college,yes,yes,private,59.3
6677,5.3,6.2,90.3,69.0,2.3,none,school,yes,yes,public,52.7
6678,3.0,6.8,89.3,95.0,5.8,none,school,yes,yes,private,74.6
6679,2.8,10.0,97.0,46.0,3.9,none,,yes,no,public,42.2
6680,3.7,6.4,96.2,51.0,3.0,none,graduate,yes,yes,private,52.5
6681,3.8,9.1,79.4,89.0,1.7,none,school,yes,no,public,59.9
6682,1.2,7.4,87.9,59.0,4.0,weekly,school,yes,no,public,60.6
6683,9.9,5.5,92.1,58.0,3.8,none,college,yes,yes,public,67.9
6684,1.4,7.3,84.0,28.0,2.1,none,college,yes,yes,public,34.7
6685,1.4,6.1,99.9,65.0,2.9,none,graduate,yes,yes,public,59.1
6686,4.7,5.7,99.5,70.0,3.6,none,college,yes,yes,public,57.8
6687,3.9,7.7,99.2,60.0,3.1,none,college,yes,no,private,62.4
6688,2.4,6.1,84.1,67.0,2.5,none,college,yes,no,public,55.1
6689,1.2,6.3,92.1,58.0,4.0,none,school,no,no,private,46.0
6690,7.7,6.8,98.8,67.0,1.6,daily,graduate,yes,yes,private,75.1
6691,0.6,5.2,96.3,38.0,6.0,weekly,school,yes,no,public,36.6
6692,2.3,7.4,86.8,36.0,3.0,none,school,yes,yes,private,44.8
6693,5.1,7.1,98.4,75.0,2.5,weekly,college,no,no,public,62.7
6694,5.5,5.6,97.6,75.0,4.8,none,college,no,no,public,51.4
6695,2.8,7.2,99.5,58.0,4.8,weekly,graduate,no,no,public,50.1
6696,3.5,6.3,98.0,69.0,4.0,weekly,college,yes,no,public,58.8
6697,1.9,5.3,90.7,58.0,1.5,daily,graduate,yes,no,public,60.0
6698,7.6,8.6,93.8,62.0,3.7,daily,school,yes,yes,private,65.5
6699,1.9,5.1,92.6,57.0,2.2,none,college,yes,no,private,58.4
6700,1.5,7.2,83.2,78.0,5.6,none,graduate,yes,yes,private,57.8
6701,2.9,6.2,97.8,60.0,,daily,college,yes,yes,public,56.7
6702,5.4,6.8,98.7,65.0,4.4,none,,yes,yes,private,64.7
6703,2.0,5.9,89.6,60.0,2.4,weekly,school,yes,no,private,44.1
6704,0.4,4.3,89.1,59.0,0.9,none,college,no,yes,private,34.8
6705,4.4,6.8,95.2,69.0,3.8,none,college,yes,yes,public,70.3
6706,2.2,7.9,76.7,75.0,2.7,none,college,yes,no,public,59.6
6707,2.0,5.9,95.0,45.0,4.4,none,school,yes,no,public,46.6
6708,2.3,5.5,97.3,65.0,3.2,daily,graduate,yes,no,private,68.4
6709,9.0,6.4,91.8,40.0,3.8,none,college,yes,no,private,45.2
6710,5.9,,95.7,61.0,1.7,none,,yes,no,private,65.5
6711,2.4,6.3,99.4,62.0,3.5,daily,college,no,no,public,59.3
6712,3.8,8.8,94.3,48.0,5.3,none,school,yes,yes,public,49.3
6713,5.8,8.5,98.0,56.0,3.9,none,college,yes,yes,private,65.8
6714,3.9,6.9,94.3,59.0,1.4,none,school,yes,yes,public,62.2
6715,4.3,5.6,82.5,74.0,1.3,none,postgraduate,no,yes,private,69.1
6716,4.0,6.5,94.9,57.0,1.4,weekly,graduate,yes,yes,public,63.5
6717,4.3,5.8,93.9,56.0,3.3,weekly,graduate,yes,no,private,62.1
6718,2.7,5.1,96.9,37.0,1.3,none,school,yes,no,public,43.3
6719,0.9,6.1,94.5,38.0,3.5,none,college,yes,no,private,55.5
6720,7.6,7.2,95.5,63.0,3.5,weekly,graduate,yes,no,public,73.2
6721,1.5,7.3,97.2,48.0,8.8,none,school,yes,no,private,47.9
6722,2.6,9.5,91.7,74.0,3.0,none,college,yes,yes,public,68.1
6723,2.2,6.6,84.7,60.0,2.2,weekly,graduate,yes,no,private,52.8
6724,5.7,7.2,90.3,52.0,3.1,none,graduate,yes,no,public,55.6
6725,2.3,9.2,84.6,49.0,2.7,weekly,school,yes,yes,private,42.8
6726,4.5,7.0,95.1,70.0,6.5,none,postgraduate,yes,no,public,59.1
6727,1.7,7.4,79.3,59.0,1.2,none,,yes,yes,public,49.5
6728,3.5,7.4,90.0,74.0,1.5,none,graduate,no,no,private,64.2
6729,9.6,4.4,89.9,68.0,5.2,none,postgraduate,yes,no,public,58.6
6730,4.9,8.0,88.5,73.0,2.7,none,college,yes,no,private,67.3
6731,2.5,6.1,85.4,33.0,0.6,none,graduate,yes,no,private,37.2
6732,1.9,6.0,85.3,85.0,3.0,none,school,no,yes,public,66.7
6733,1.6,,95.3,68.0,4.5,none,graduate,no,no,public,52.7
6734,4.1,6.3,95.9,73.0,2.3,none,graduate,no,yes,public,65.1
6735,0.1,7.8,94.6,54.0,4.4,weekly,school,yes,no,public,36.0
6736,0.5,6.8,92.5,61.0,2.5,none,school,yes,yes,public,45.3
6737,1.7,6.0,96.2,88.0,3.0,none,graduate,yes,no,private,64.0
6738,4.1,5.4,89.2,67.0,2.5,weekly,graduate,no,no,public,61.3
6739,2.4,6.3,90.2,60.0,2.8,none,graduate,yes,no,public,62.1
6740,1.6,7.5,81.6,67.0,7.3,none,graduate,yes,yes,public,54.5
6741,2.4,6.9,87.4,89.0,4.4,none,school,yes,yes,private,69.0
6742,4.0,7.7,92.1,75.0,4.8,none,graduate,yes,no,private,62.6
6743,1.7,6.7,67.3,52.0,1.3,none,postgraduate,yes,no,public,54.5
6744,2.1,6.0,96.5,59.0,2.7,none,school,yes,yes,private,57.3
6745,1.2,5.0,97.8,50.0,5.8,weekly,graduate,yes,yes,private,53.0
6746,3.8,7.8,80.0,78.0,2.8,weekly,postgraduate,yes,no,public,64.3
6747,2.0,4.3,86.2,77.0,1.2,none,school,yes,no,public,38.0
6748,5.3,6.5,82.4,72.0,0.7,weekly,postgraduate,no,yes,private,75.6
6749,5.7,5.2,82.7,47.0,1.9,none,graduate,yes,yes,public,48.5
6750,1.3,6.2,85.1,67.0,1.7,none,college,yes,no,private,56.1
6751,3.2,5.3,93.5,53.0,7.0,daily,school,no,no,public,43.4
6752,3.9,9.4,75.7,65.0,5.1,none,graduate,yes,no,public,60.5
6753,0.8,8.7,99.9,58.0,7.7,none,graduate,yes,yes,public,45.1
6754,2.6,8.1,97.8,50.0,1.1,none,school,yes,no,public,50.7
6755,6.5,6.7,97.6,71.0,6.5,none,college,yes,no,private,75.8
6756,1.4,5.9,98.9,90.0,2.2,weekly,school,no,no,private,51.6
6757,3.6,7.5,90.8,47.0,1.5,weekly,college,yes,yes,public,54.1
6758,1.6,5.8,84.5,70.0,9.4,weekly,college,yes,no,public,54.4
6759,3.8,4.4,75.2,64.0,2.3,none,school,yes,yes,public,49.8
6760,2.1,6.8,91.5,41.0,5.8,none,,yes,no,public,41.0
6761,3.1,5.1,98.1,72.0,3.7,none,college,yes,no,public,58.4
6762,11.9,8.9,94.9,80.0,4.1,none,school,yes,no,private,89.3
6763,4.0,5.7,81.6,46.0,,none,college,no,yes,public,44.4
6764,4.0,5.7,99.6,66.0,9.0,weekly,school,yes,yes,private,64.7
6765,1.7,7.0,89.9,31.0,2.9,daily,school,yes,yes,private,43.5
6766,1.0,8.9,99.3,79.0,4.4,none,college,yes,yes,private,54.6
6767,4.9,7.6,89.8,65.0,4.5,none,college,yes,yes,private,64.9
6768,2.5,9.1,97.7,91.0,1.0,none,graduate,yes,no,private,73.9
6769,1.7,6.6,93.8,59.0,4.3,none,college,yes,yes,private,62.0
6770,4.0,5.9,91.6,87.0,3.5,none,college,yes,no,private,73.5
6771,1.3,7.1,99.2,51.0,2.7,none,college,yes,no,private,55.0
6772,4.3,6.2,88.2,61.0,0.8,daily,school,yes,yes,public,67.5
6773,0.6,6.0,75.6,88.0,7.9,daily,graduate,yes,no,public,61.8
6774,2.1,8.6,93.2,65.0,2.0,none,school,no,yes,private,54.8
6775,4.6,7.4,99.5,44.0,3.3,none,school,yes,no,public,48.4
6776,3.6,6.8,96.3,45.0,3.1,none,college,yes,yes,public,54.1
6777,1.5,4.1,95.9,79.0,3.3,none,graduate,yes,no,public,56.4
6778,0.5,6.3,92.8,87.0,2.9,weekly,postgraduate,yes,yes,public,66.8
6779,2.5,7.4,82.3,87.0,1.6,none,postgraduate,yes,yes,public,64.1
6780,3.5,5.5,98.8,60.0,0.9,weekly,college,yes,yes,public,55.8
6781,2.8,4.4,89.7,68.0,4.4,none,college,yes,no,public,54.7
6782,1.4,7.9,94.4,60.0,2.9,none,postgraduate,no,no,private,55.8
6783,3.2,6.1,97.6,57.0,1.9,none,school,yes,no,public,55.5
6784,0.4,7.2,56.8,58.0,0.9,none,postgraduate,yes,no,private,46.1
6785,4.4,7.7,94.8,48.0,4.6,weekly,college,yes,no,public,48.6
6786,2.4,5.0,89.9,55.0,2.2,daily,graduate,yes,no,public,50.8
6787,6.9,8.5,90.1,41.0,3.1,weekly,school,yes,yes,public,56.3
6788,1.8,6.9,87.7,73.0,4.3,none,graduate,yes,yes,public,57.5
6789,5.2,7.8,89.4,67.0,3.6,none,college,no,yes,private,66.2
6790,6.2,7.0,83.3,57.0,1.5,daily,college,no,yes,public,64.5
6791,2.5,7.3,97.4,80.0,2.3,none,graduate,yes,yes,public,66.4
6792,2.8,6.6,93.6,49.0,4.0,weekly,school,yes,no,private,46.7
6793,1.7,7.7,95.0,66.0,6.7,none,school,yes,yes,public,50.3
6794,4.4,4.6,95.9,60.0,0.9,daily,college,yes,no,public,48.6
6795,3.9,6.0,98.3,71.0,0.9,weekly,school,yes,yes,private,61.0
6796,1.3,7.1,87.9,66.0,5.8,none,college,yes,yes,public,54.0
6797,2.1,7.1,96.8,54.0,1.0,none,college,yes,yes,public,53.8
6798,6.7,7.8,98.1,93.0,3.0,daily,school,yes,yes,public,72.7
6799,5.5,6.6,98.0,42.0,3.0,daily,college,yes,no,public,58.7
6800,3.0,7.2,85.1,39.0,1.5,weekly,school,yes,yes,private,54.3
6801,5.0,6.9,92.0,57.0,1.1,none,school,no,yes,private,53.1
6802,3.0,5.5,98.5,75.0,3.1,none,,yes,yes,private,50.4
6803,1.1,5.9,82.6,65.0,1.5,none,college,yes,no,private,49.7
6804,3.5,7.6,78.1,69.0,3.6,weekly,graduate,yes,no,public,70.4
6805,8.9,5.7,96.2,53.0,1.5,none,school,yes,yes,public,50.9
6806,3.0,6.6,89.9,64.0,3.0,daily,postgraduate,yes,no,private,53.5
6807,3.9,7.0,82.4,65.0,1.1,daily,postgraduate,yes,yes,public,62.7
6808,2.0,7.0,77.6,43.0,6.3,weekly,school,yes,yes,public,36.3
6809,4.8,6.1,89.6,44.0,1.1,none,graduate,yes,yes,public,49.6
6810,2.0,4.2,98.6,71.0,3.6,weekly,school,yes,yes,public,63.8
6811,1.9,6.8,98.9,47.0,1.5,weekly,college,yes,no,public,51.9
6812,0.8,6.1,95.5,65.0,,none,school,yes,yes,public,50.1
6813,7.6,,92.5,87.0,3.7,none,college,yes,no,public,71.8
6814,1.9,8.3,94.9,35.0,2.4,daily,college,no,yes,public,45.9
6815,4.3,7.4,87.8,76.0,2.8,none,,yes,yes,public,65.7
6816,8.4,6.9,97.4,64.0,5.0,weekly,school,yes,no,private,68.7
6817,1.9,7.2,85.4,56.0,8.3,none,school,yes,yes,public,50.4
6818,2.7,7.9,90.2,56.0,1.0,weekly,graduate,yes,yes,private,58.6
6819,7.3,6.3,81.8,65.0,3.9,none,graduate,yes,no,public,66.8
6820,0.6,7.4,96.9,65.0,1.7,daily,college,no,no,public,62.0
6821,2.2,6.5,87.0,60.0,4.9,daily,graduate,yes,no,public,65.4
6822,2.2,7.6,90.2,71.0,4.1,none,postgraduate,yes,no,private,67.3
6823,4.7,7.4,82.3,49.0,2.2,none,college,yes,no,private,52.8
6824,2.0,6.3,80.7,63.0,8.8,none,school,yes,yes,private,43.7
6825,3.2,6.2,96.1,53.0,5.2,none,graduate,yes,no,private,60.5
6826,1.6,8.5,98.4,49.0,2.1,none,school,yes,no,public,47.1
6827,4.8,8.8,95.4,66.0,2.7,none,graduate,no,no,private,59.0
6828,3.4,9.6,83.3,79.0,2.9,none,college,yes,no,public,64.7
6829,1.3,6.3,95.0,44.0,1.5,none,postgraduate,yes,yes,public,58.0
6830,9.9,5.5,85.5,54.0,4.5,none,graduate,yes,yes,public,57.2
6831,3.4,4.9,94.7,45.0,4.3,none,college,yes,no,private,40.0
6832,2.0,7.2,55.0,73.0,3.9,weekly,college,yes,yes,public,52.0
6833,2.2,,99.5,66.0,4.5,none,graduate,yes,yes,public,53.5
6834,2.8,6.0,74.8,59.0,1.9,weekly,graduate,yes,no,public,59.1
6835,6.5,7.2,87.3,61.0,0.4,none,college,no,no,public,59.5
6836,3.8,7.7,91.9,42.0,1.3,none,college,no,yes,public,44.8
6837,4.2,6.3,94.7,75.0,0.6,weekly,graduate,no,no,private,75.0
6838,2.9,4.8,95.1,45.0,0.8,none,postgraduate,yes,no,public,46.8
6839,1.5,6.5,98.3,34.0,1.7,weekly,school,no,no,private,41.8
6840,7.8,7.8,96.5,70.0,5.1,weekly,graduate,yes,no,public,68.0
6841,2.0,5.6,88.8,44.0,1.0,daily,postgraduate,yes,yes,public,44.8
6842,4.0,6.9,95.8,80.0,4.7,weekly,,yes,no,private,75.8
6843,2.6,9.0,88.9,79.0,3.7,none,school,yes,no,public,55.3
6844,0.7,4.2,93.7,64.0,3.5,none,college,yes,no,public,39.8
6845,5.2,7.4,94.4,55.0,1.6,daily,graduate,no,no,private,63.1
6846,5.1,4.8,86.5,47.0,1.5,weekly,college,yes,no,private,50.7
6847,3.9,9.0,95.1,63.0,2.7,weekly,college,yes,no,public,52.7
6848,1.3,5.6,81.5,63.0,9.1,none,postgraduate,yes,yes,public,54.0
6849,5.3,7.9,86.4,46.0,4.0,none,school,no,yes,private,52.0
6850,5.7,6.0,93.8,70.0,1.6,none,graduate,yes,no,private,68.2
6851,6.2,6.8,93.9,75.0,4.9,none,postgraduate,yes,yes,public,68.9
6852,3.2,5.1,96.4,48.0,1.5,none,school,yes,no,private,48.8
6853,3.2,4.8,97.6,67.0,7.7,daily,college,yes,no,public,59.0
6854,6.7,6.7,99.5,45.0,3.7,weekly,college,yes,no,private,60.3
6855,1.0,7.2,88.7,72.0,1.1,none,graduate,yes,no,public,53.0
6856,4.8,6.8,82.6,83.0,3.7,none,school,yes,no,public,59.7
6857,4.9,6.0,95.7,70.0,,none,college,yes,no,public,61.0
6858,2.7,8.0,88.2,75.0,1.2,none,college,no,no,public,52.7
6859,2.3,7.1,85.9,47.0,4.8,weekly,graduate,yes,yes,public,53.4
6860,1.9,5.9,98.3,75.0,6.4,none,college,yes,yes,public,47.7
6861,0.3,7.7,93.6,69.0,1.0,none,graduate,yes,yes,public,46.3
6862,4.1,6.4,96.0,45.0,1.1,none,college,yes,yes,private,47.0
6863,1.6,7.5,92.7,70.0,,weekly,college,yes,yes,public,61.2
6864,8.2,6.4,92.2,62.0,2.0,weekly,graduate,yes,yes,private,70.9
6865,2.6,6.8,94.8,51.0,7.0,none,school,yes,no,public,45.8
6866,3.5,6.8,93.0,61.0,3.2,none,school,yes,no,private,55.8
6867,2.6,6.8,76.6,53.0,2.8,weekly,postgraduate,yes,yes,private,61.1
6868,3.5,7.3,97.8,54.0,3.1,weekly,college,yes,yes,public,61.1
6869,5.4,8.1,95.5,81.0,4.5,daily,postgraduate,yes,yes,private,61.7
6870,6.0,6.4,90.7,59.0,5.8,none,postgraduate,no,no,private,51.4
6871,2.9,7.5,92.5,62.0,1.0,daily,graduate,yes,no,public,62.7
6872,6.7,4.4,84.8,72.0,,daily,school,yes,no,public,52.1
6873,1.2,5.7,95.0,53.0,3.3,weekly,college,yes,yes,private,41.9
6874,3.1,10.0,84.2,69.0,1.1,weekly,school,no,no,public,48.7
6875,5.0,6.4,92.9,79.0,1.9,none,college,yes,yes,private,70.7
6876,2.1,5.7,95.7,60.0,2.4,none,school,no,yes,private,55.4
6877,3.2,6.3,98.1,57.0,2.2,weekly,graduate,yes,no,public,63.6
6878,0.8,6.7,77.9,80.0,2.6,none,college,yes,no,private,63.1
6879,1.9,6.6,96.5,77.0,2.4,weekly,college,yes,no,public,71.2
6880,3.4,7.2,81.6,74.0,7.5,none,school,yes,yes,private,65.5
6881,1.4,6.8,96.3,49.0,3.3,none,school,yes,yes,public,47.3
6882,10.6,6.3,83.4,89.0,3.7,weekly,school,yes,no,private,82.1
6883,0.8,6.6,89.7,42.0,2.5,none,college,yes,no,private,44.5
6884,2.9,7.9,92.0,82.0,2.9,weekly,college,yes,yes,public,69.1
6885,5.2,6.2,94.9,82.0,4.3,weekly,graduate,yes,no,private,83.3
6886,1.0,7.6,83.1,64.0,1.6,none,graduate,no,yes,public,51.4
6887,5.9,6.7,98.5,80.0,4.0,daily,graduate,yes,yes,public,71.5
6888,4.4,5.8,97.3,45.0,1.9,weekly,school,yes,no,public,47.7
6889,4.3,4.3,96.2,81.0,6.5,daily,school,yes,yes,public,65.3
6890,5.7,7.3,82.8,65.0,2.6,none,graduate,yes,no,public,66.9
6891,3.5,6.5,98.6,64.0,1.0,weekly,college,yes,yes,private,76.4
6892,3.7,7.8,95.9,59.0,4.7,weekly,postgraduate,yes,no,private,65.1
6893,3.6,7.2,82.3,46.0,1.7,weekly,college,yes,no,private,51.2
6894,1.6,7.9,96.0,62.0,5.9,weekly,postgraduate,yes,yes,public,57.2
6895,2.8,7.9,98.8,74.0,7.5,weekly,school,yes,no,public,61.3
6896,1.0,7.2,99.1,55.0,5.9,daily,college,no,no,public,46.4
6897,0.9,8.3,97.1,80.0,0.3,none,college,no,yes,public,63.3
6898,3.0,,97.7,58.0,4.9,weekly,graduate,yes,no,private,51.4
6899,2.1,9.0,96.4,69.0,3.5,daily,college,yes,yes,public,57.9
6900,1.0,6.6,81.9,56.0,7.1,none,graduate,yes,yes,private,52.1
6901,7.1,7.0,97.9,77.0,1.8,daily,school,yes,no,public,73.7
6902,1.9,8.6,97.2,87.0,0.6,weekly,college,yes,no,public,71.7
6903,2.9,8.4,86.6,66.0,2.6,none,college,yes,yes,public,62.6
6904,3.5,7.3,97.3,85.0,3.7,weekly,college,yes,no,public,65.6
6905,1.7,7.8,82.3,73.0,8.3,none,school,no,yes,public,60.3
6906,1.9,9.4,89.8,80.0,2.5,weekly,graduate,yes,yes,private,85.0
6907,2.9,4.9,91.1,69.0,,daily,graduate,no,yes,public,64.1
6908,4.9,7.4,97.5,93.0,5.4,weekly,college,yes,no,public,72.7
6909,2.9,8.2,87.0,57.0,9.1,weekly,school,no,no,public,49.0
6910,1.5,6.1,96.3,85.0,4.8,weekly,school,yes,no,public,66.6
6911,0.9,7.8,92.8,71.0,3.9,none,graduate,yes,yes,public,51.6
6912,3.5,6.5,94.3,64.0,3.3,weekly,college,yes,yes,public,59.5
6913,1.0,7.0,96.3,64.0,2.3,weekly,school,no,yes,public,58.0
6914,0.7,5.6,78.7,82.0,2.4,daily,school,yes,yes,public,63.1
6915,1.3,8.9,95.5,91.0,5.7,none,school,yes,yes,public,66.7
6916,4.7,7.8,93.3,73.0,1.2,daily,graduate,yes,no,private,76.3
6917,1.0,5.7,80.6,79.0,3.9,none,graduate,yes,no,public,57.8
6918,2.2,4.7,82.7,56.0,4.1,none,school,yes,yes,public,42.1
6919,2.9,6.9,95.9,56.0,1.0,daily,college,yes,yes,private,64.4
6920,0.4,7.1,88.2,61.0,4.8,daily,graduate,yes,no,public,55.8
6921,5.9,,87.3,75.0,1.8,none,school,yes,yes,public,59.7
6922,5.1,6.9,91.8,71.0,5.4,weekly,graduate,yes,yes,public,61.8
6923,3.4,7.5,93.0,73.0,5.0,weekly,college,yes,yes,public,63.2
6924,3.8,7.8,94.0,78.0,2.9,none,graduate,yes,yes,public,61.3
6925,2.1,7.0,98.1,46.0,3.3,none,school,yes,yes,public,59.2
6926,0.9,7.2,98.1,70.0,12.4,weekly,school,yes,yes,public,59.5
6927,1.3,8.2,86.0,65.0,3.8,none,school,yes,yes,private,51.8
6928,7.4,7.6,95.0,41.0,1.8,none,graduate,yes,yes,public,56.1
6929,3.5,5.3,90.0,80.0,3.4,daily,school,yes,no,public,67.4
6930,3.2,5.2,98.0,63.0,5.9,none,college,yes,no,public,54.0
6931,7.1,5.4,97.0,83.0,1.4,weekly,school,no,no,private,69.9
6932,0.9,6.4,95.8,96.0,1.4,weekly,graduate,yes,no,public,65.5
6933,0.2,7.0,95.7,53.0,2.1,weekly,graduate,yes,no,private,55.2
6934,5.0,6.8,88.5,37.0,3.2,weekly,school,no,yes,public,33.8
6935,3.6,7.2,97.2,61.0,6.1,none,school,yes,yes,public,59.2
6936,4.0,5.7,83.0,54.0,4.4,none,school,yes,yes,private,49.0
6937,3.7,8.2,89.0,88.0,7.3,none,school,no,yes,public,62.7
6938,2.4,7.5,94.9,41.0,4.2,none,graduate,yes,yes,public,48.7
6939,0.7,7.1,91.6,68.0,3.7,none,college,yes,no,public,54.8
6940,0.6,6.2,88.5,83.0,0.2,weekly,postgraduate,yes,no,private,64.4
6941,8.3,5.1,94.0,46.0,2.3,daily,school,yes,no,public,52.8
6942,4.1,9.6,86.2,54.0,2.3,none,graduate,yes,no,public,41.2
6943,1.0,6.7,94.8,53.0,1.1,none,graduate,yes,no,public,50.8
6944,1.2,6.5,69.6,72.0,5.8,none,school,yes,no,public,39.4
6945,3.0,5.0,90.8,59.0,4.8,none,graduate,yes,no,public,47.4
6946,1.3,7.9,91.2,71.0,1.3,none,graduate,yes,no,private,53.4
6947,1.4,7.5,93.4,87.0,4.1,none,school,yes,no,private,71.3
6948,4.1,8.9,93.0,64.0,5.0,none,postgraduate,yes,yes,public,59.3
6949,4.4,5.8,86.3,51.0,4.6,daily,college,yes,no,public,50.0
6950,7.5,3.8,98.0,83.0,3.7,none,college,yes,yes,public,65.3
6951,3.1,7.4,96.9,40.0,2.9,weekly,school,yes,no,public,61.8
6952,1.0,7.8,91.6,53.0,5.6,none,college,yes,no,public,48.1
6953,3.6,7.2,95.9,50.0,2.3,none,postgraduate,yes,no,private,63.4
6954,2.5,5.6,96.2,57.0,2.0,none,postgraduate,no,no,private,48.4
6955,1.4,8.0,86.7,51.0,9.6,weekly,school,yes,yes,private,51.9
6956,2.7,5.1,99.0,66.0,1.2,weekly,postgraduate,yes,yes,private,67.7
6957,2.7,6.4,74.3,100.0,2.8,none,school,yes,no,private,66.4
6958,4.2,6.8,98.2,32.0,3.6,none,,no,no,public,39.8
6959,4.6,7.5,99.2,75.0,3.4,none,college,yes,yes,public,74.7
6960,4.1,8.5,76.2,60.0,3.0,none,college,yes,yes,private,59.6
6961,2.2,7.1,95.6,69.0,10.7,weekly,school,no,yes,public,47.2
6962,1.8,7.0,83.8,56.0,0.5,daily,graduate,yes,yes,public,58.5
6963,1.9,6.1,94.6,71.0,2.8,weekly,school,yes,yes,public,53.1
6964,6.6,9.0,91.5,41.0,2.1,none,school,yes,yes,private,52.0
6965,2.5,8.2,98.3,61.0,0.9,daily,school,yes,yes,public,59.8
6966,1.6,6.4,92.0,53.0,4.7,none,college,no,no,public,47.4
6967,3.2,6.1,73.1,69.0,1.4,none,,yes,yes,public,58.6
6968,2.4,,89.8,74.0,1.3,none,graduate,yes,yes,public,62.0
6969,0.9,7.5,84.6,47.0,1.1,weekly,graduate,yes,no,private,51.3
6970,2.2,7.9,98.4,65.0,1.7,none,graduate,yes,yes,public,61.6
6971,7.1,6.8,91.6,86.0,4.8,weekly,school,yes,no,public,79.6
6972,3.5,5.2,91.3,81.0,3.9,none,school,yes,yes,private,66.5
6973,1.2,5.0,91.9,82.0,5.5,weekly,school,yes,no,public,54.2
6974,3.3,7.7,86.3,39.0,1.8,none,school,yes,no,private,42.4
6975,4.8,6.5,98.2,66.0,7.7,weekly,college,yes,no,private,55.8
6976,2.4,6.5,95.3,60.0,5.4,daily,college,yes,no,public,56.2
6977,0.9,9.4,98.6,64.0,4.5,weekly,college,yes,no,private,52.2
6978,5.2,7.9,99.2,66.0,1.4,none,college,yes,no,public,71.7
6979,1.6,6.5,97.9,77.0,6.3,none,college,yes,no,public,56.3
6980,2.9,6.9,96.6,34.0,3.2,weekly,school,no,no,private,42.9
6981,2.4,8.4,81.6,83.0,2.3,none,postgraduate,yes,no,public,64.0
6982,2.0,6.8,85.6,79.0,3.0,none,school,yes,yes,private,75.9
6983,0.5,6.4,98.0,60.0,1.9,weekly,graduate,no,no,public,43.1
6984,2.3,7.2,92.7,62.0,3.3,weekly,graduate,no,yes,public,56.2
6985,1.8,8.2,80.8,52.0,6.1,weekly,college,no,no,public,38.1
6986,3.0,5.9,90.9,57.0,2.4,daily,graduate,yes,no,public,59.5
6987,5.9,7.5,84.3,56.0,5.6,weekly,postgraduate,yes,no,private,61.1
6988,6.3,7.7,95.3,49.0,4.6,none,school,yes,no,public,58.9
6989,7.8,5.1,94.6,65.0,2.7,weekly,graduate,no,no,private,49.5
6990,5.0,6.2,94.4,48.0,3.3,none,school,yes,yes,public,54.7
6991,6.5,7.3,99.2,47.0,4.9,none,graduate,yes,yes,private,57.2
6992,7.3,6.6,99.5,61.0,4.0,none,postgraduate,yes,no,public,74.0
6993,5.8,7.6,98.3,82.0,0.8,none,postgraduate,yes,yes,public,70.2
6994,9.5,7.0,92.6,78.0,3.6,none,graduate,yes,no,private,74.0
6995,1.0,8.5,98.5,48.0,2.6,none,school,no,no,private,45.1
6996,2.0,7.0,96.6,64.0,1.8,weekly,graduate,yes,no,public,52.4
6997,1.2,7.4,93.1,65.0,3.9,weekly,school,no,no,private,41.6
6998,3.9,7.3,89.7,51.0,5.6,weekly,graduate,yes,no,public,55.7
6999,3.5,5.7,91.3,86.0,4.5,daily,graduate,yes,yes,public,70.5
